{"type":"FeatureCollection","features":[{"type":"Feature","properties":{"name":"East Coast Park","kind":"park"},"geometry":{"type":"Polygon","coordinates":[[[103.96554,1.31481],[103.96509,1.3146],[103.96503,1.31461],[103.96456,1.3143],[103.96456,1.31425],[103.96449,1.31431],[103.9644,1.31431],[103.96389,1.31412],[103.96289,1.31637],[103.9628,1.31633],[103.96278,1.31639],[103.96374,1.31678],[103.96436,1.31517],[103.96631,1.31587],[103.96722,1.31583],[103.96807,1.31606],[103.96917,1.31649],[103.97035,1.31673],[103.97611,1.31707],[103.97614,1.31659],[103.97599,1.31648],[103.97552,1.31638],[103.97515,1.31626],[103.97493,1.3164],[103.97444,1.31635],[103.9739,1.31619],[103.97353,1.31622],[103.97317,1.31629],[103.9726,1.31631],[103.97165,1.31614],[103.97101,1.31582],[103.97092,1.31596],[103.97066,1.31608],[103.97037,1.31608],[103.97004,1.31601],[103.96915,1.31565],[103.96914,1.31557],[103.96881,1.31538],[103.96858,1.31558],[103.96783,1.31539],[103.9669,1.31498],[103.96684,1.31501],[103.96636,1.3148],[103.96623,1.31494],[103.96606,1.31496],[103.96554,1.31481]]]}},{"type":"Feature","properties":{"name":"East Coast Park","kind":"park"},"geometry":{"type":"Polygon","coordinates":[[[103.89912,1.29566],[103.89836,1.29532],[103.89704,1.29441],[103.8965,1.29381],[103.89581,1.29462],[103.89559,1.29472],[103.89534,1.29475],[103.89068,1.29434],[103.88989,1.29432],[103.88755,1.29434],[103.88543,1.29439],[103.88545,1.29527],[103.88548,1.29533],[103.88555,1.2954],[103.88571,1.29548],[103.88582,1.2955],[103.89218,1.29541],[103.89309,1.29546],[103.89389,1.29559],[103.89423,1.29568],[103.89642,1.29639],[103.89669,1.29641],[103.89709,1.29633],[103.89755,1.29629],[103.89782,1.29636],[103.8981,1.29656],[103.89828,1.29685],[103.89838,1.29723],[103.90527,1.2998],[103.90609,1.30004],[103.908,1.30052],[103.9084,1.30059],[103.90857,1.30058],[103.90889,1.30046],[103.9096,1.30002],[103.9099,1.29996],[103.91031,1.30011],[103.91066,1.30046],[103.91076,1.30075],[103.91073,1.30128],[103.9119,1.30163],[103.91288,1.30197],[103.91915,1.30372],[103.9196,1.30397],[103.92203,1.30467],[103.92603,1.30577],[103.9269,1.30613],[103.92915,1.3073],[103.93036,1.3077],[103.93528,1.30906],[103.93749,1.30971],[103.93987,1.31036],[103.94341,1.31138],[103.94429,1.31156],[103.94475,1.3116],[103.94761,1.3117],[103.94899,1.31169],[103.94912,1.31165],[103.9492,1.31157],[103.94947,1.31095],[103.95138,1.31175],[103.95155,1.31173],[103.95193,1.31179],[103.95578,1.31327],[103.95609,1.31347],[103.95635,1.31377],[103.95904,1.31491],[103.96022,1.31533],[103.96243,1.31624],[103.96245,1.31619],[103.96236,1.31615],[103.96303,1.31462],[103.96285,1.31455],[103.96246,1.31481],[103.96223,1.3146],[103.96218,1.31466],[103.96219,1.31469],[103.96224,1.31471],[103.96213,1.31472],[103.96205,1.31466],[103.96205,1.31459],[103.96198,1.31453],[103.96186,1.3145],[103.96167,1.31452],[103.96162,1.31462],[103.96155,1.31458],[103.96159,1.3144],[103.96153,1.31413],[103.9616,1.31398],[103.96152,1.31394],[103.96148,1.31398],[103.96116,1.3137],[103.96107,1.31375],[103.96108,1.31383],[103.96099,1.31381],[103.96097,1.31384],[103.96085,1.3138],[103.96083,1.31384],[103.96071,1.31381],[103.9607,1.31391],[103.9606,1.3138],[103.96034,1.31366],[103.96033,1.31357],[103.96028,1.31357],[103.96024,1.3135],[103.96019,1.31355],[103.96011,1.31349],[103.95996,1.31344],[103.95995,1.3134],[103.95981,1.31333],[103.95903,1.31313],[103.959,1.31308],[103.95873,1.31294],[103.95872,1.31297],[103.95868,1.31296],[103.95864,1.31288],[103.95859,1.31286],[103.95858,1.31281],[103.95853,1.31275],[103.95853,1.31268],[103.9586,1.31265],[103.95835,1.31241],[103.95828,1.31247],[103.95809,1.31248],[103.95765,1.31234],[103.95749,1.31234],[103.95724,1.31228],[103.95683,1.31208],[103.9566,1.31205],[103.95647,1.31198],[103.95643,1.31191],[103.95632,1.31185],[103.95626,1.3119],[103.95623,1.31189],[103.95608,1.31164],[103.95613,1.31162],[103.95598,1.3115],[103.95587,1.31167],[103.95572,1.31177],[103.95544,1.31184],[103.95511,1.31185],[103.95381,1.3114],[103.95375,1.31135],[103.95368,1.31118],[103.95358,1.3111],[103.95355,1.31111],[103.95346,1.31125],[103.95315,1.31138],[103.95302,1.31139],[103.95273,1.31134],[103.95194,1.31097],[103.95162,1.31091],[103.95143,1.31078],[103.95123,1.31098],[103.95073,1.31105],[103.94946,1.31068],[103.94946,1.31063],[103.94937,1.3105],[103.94928,1.31046],[103.94917,1.31063],[103.94901,1.31073],[103.94878,1.31078],[103.9485,1.31078],[103.94305,1.30888],[103.9429,1.30873],[103.94281,1.30879],[103.94266,1.3088],[103.94244,1.30874],[103.94125,1.30816],[103.93996,1.30772],[103.93981,1.30753],[103.93971,1.30761],[103.93971,1.30756],[103.93962,1.30758],[103.93958,1.30754],[103.93943,1.30754],[103.93935,1.3075],[103.93936,1.30745],[103.93928,1.30739],[103.93903,1.30729],[103.93896,1.30733],[103.93891,1.30725],[103.93886,1.30725],[103.93882,1.30733],[103.93873,1.30729],[103.93864,1.3072],[103.93861,1.30722],[103.93851,1.3072],[103.93851,1.30726],[103.93847,1.30727],[103.93848,1.30719],[103.93837,1.30715],[103.93826,1.30705],[103.93797,1.30694],[103.93744,1.30686],[103.93687,1.30664],[103.93678,1.30657],[103.93671,1.30645],[103.93667,1.30643],[103.93656,1.30643],[103.93653,1.30647],[103.93641,1.30649],[103.93634,1.30654],[103.93623,1.30654],[103.9362,1.30646],[103.93589,1.3064],[103.93584,1.30633],[103.93577,1.30633],[103.93573,1.30622],[103.93566,1.30625],[103.93564,1.30622],[103.93559,1.30623],[103.93562,1.3062],[103.9356,1.30615],[103.93567,1.30613],[103.93553,1.3061],[103.93553,1.30608],[103.93547,1.30606],[103.9355,1.30604],[103.93547,1.30604],[103.93546,1.30608],[103.93539,1.30605],[103.9354,1.30603],[103.93533,1.30603],[103.93535,1.30595],[103.93529,1.30591],[103.93525,1.30583],[103.93519,1.30583],[103.93518,1.30579],[103.93511,1.30578],[103.93512,1.30575],[103.93504,1.30571],[103.93503,1.30576],[103.93493,1.30578],[103.93481,1.30574],[103.9347,1.30575],[103.93457,1.30572],[103.93439,1.30561],[103.93378,1.3054],[103.93359,1.30526],[103.93343,1.30545],[103.93322,1.30544],[103.93278,1.30528],[103.93269,1.30528],[103.93251,1.30538],[103.93247,1.30548],[103.93223,1.30555],[103.93206,1.30549],[103.93195,1.30533],[103.93147,1.30506],[103.93001,1.30477],[103.92987,1.30468],[103.9298,1.30457],[103.92959,1.30465],[103.92934,1.30456],[103.92929,1.3045],[103.92924,1.30452],[103.92893,1.3044],[103.92881,1.30439],[103.92874,1.3045],[103.92866,1.30447],[103.92861,1.30435],[103.92831,1.30425],[103.92831,1.30423],[103.92812,1.30403],[103.92805,1.30402],[103.9278,1.3041],[103.92744,1.30406],[103.92704,1.30391],[103.92672,1.30401],[103.92594,1.30384],[103.92491,1.30375],[103.9248,1.30369],[103.92463,1.30371],[103.92383,1.30329],[103.92341,1.30337],[103.92238,1.30311],[103.92159,1.3028],[103.92153,1.30265],[103.92137,1.30267],[103.92127,1.30273],[103.92103,1.3027],[103.92096,1.30257],[103.92068,1.3025],[103.92061,1.30252],[103.92048,1.30243],[103.92048,1.3024],[103.92037,1.30237],[103.92036,1.3024],[103.9197,1.30215],[103.91947,1.3021],[103.91924,1.30194],[103.9181,1.30183],[103.91749,1.3017],[103.91732,1.30179],[103.91687,1.30181],[103.9163,1.30145],[103.91555,1.30113],[103.91532,1.30101],[103.91521,1.30083],[103.91518,1.30066],[103.91506,1.30059],[103.91495,1.30074],[103.91483,1.30082],[103.91467,1.30083],[103.9144,1.3008],[103.91384,1.30051],[103.91378,1.30043],[103.91294,1.30007],[103.91266,1.29985],[103.91261,1.29964],[103.91264,1.2995],[103.91249,1.29941],[103.91246,1.29949],[103.91227,1.2997],[103.91214,1.29973],[103.91155,1.29939],[103.91113,1.29921],[103.91076,1.29911],[103.91071,1.29913],[103.91065,1.2991],[103.91063,1.29906],[103.91051,1.29901],[103.90986,1.29888],[103.90738,1.29809],[103.90695,1.29811],[103.9052,1.29761],[103.90442,1.29729],[103.90296,1.29699],[103.90105,1.29634],[103.89931,1.29561],[103.89912,1.29566]]]}},{"type":"Feature","properties":{"name":"East Coast Park","kind":"park"},"geometry":{"type":"Polygon","coordinates":[[[103.88518,1.29435],[103.88514,1.29435],[103.88509,1.29447],[103.87939,1.29432],[103.87936,1.29458],[103.8793,1.29476],[103.87907,1.29523],[103.88192,1.29536],[103.88461,1.29539],[103.88493,1.29533],[103.88501,1.29528],[103.88516,1.2951],[103.88518,1.29435]]]}},{"type":"Feature","properties":{"name":"East Coast Park","kind":"park"},"geometry":{"type":"Polygon","coordinates":[[[103.87218,1.29394],[103.87188,1.29403],[103.87079,1.29399],[103.87074,1.29391],[103.86867,1.29355],[103.86859,1.29356],[103.86852,1.2936],[103.8684,1.29456],[103.871,1.295],[103.8724,1.29507],[103.87329,1.29505],[103.87357,1.29498],[103.87383,1.2948],[103.87398,1.29459],[103.87428,1.29401],[103.87449,1.2938],[103.87467,1.29373],[103.87451,1.29314],[103.87451,1.29275],[103.87457,1.29255],[103.87437,1.2926],[103.87218,1.29394]]]}},{"type":"Feature","properties":{"name":"Coney Island Park","kind":"park"},"geometry":{"type":"Polygon","coordinates":[[[103.92821,1.40283],[103.92803,1.40324],[103.92787,1.40338],[103.92768,1.40345],[103.92747,1.40349],[103.92728,1.40349],[103.927,1.40342],[103.92692,1.40343],[103.92683,1.40349],[103.92662,1.4037],[103.92601,1.40367],[103.92567,1.40369],[103.92525,1.40376],[103.92469,1.40393],[103.92412,1.40419],[103.92354,1.40459],[103.92311,1.40501],[103.92276,1.40548],[103.92245,1.40599],[103.92225,1.40628],[103.92195,1.40656],[103.92172,1.40675],[103.92145,1.40691],[103.92093,1.40712],[103.92042,1.40725],[103.91986,1.40751],[103.91934,1.40789],[103.91883,1.40833],[103.91845,1.40873],[103.91777,1.40957],[103.91718,1.41044],[103.91687,1.41099],[103.91656,1.41162],[103.91639,1.41207],[103.91634,1.41232],[103.91628,1.41346],[103.91613,1.414],[103.91587,1.41457],[103.91555,1.41502],[103.91528,1.4155],[103.91505,1.41611],[103.91503,1.41636],[103.91507,1.41669],[103.91516,1.41693],[103.91515,1.417],[103.91531,1.41718],[103.91555,1.41735],[103.91582,1.41741],[103.91605,1.4174],[103.91637,1.41725],[103.91666,1.41696],[103.91734,1.41613],[103.91734,1.41608],[103.91762,1.41589],[103.91755,1.41576],[103.9175,1.41574],[103.91751,1.41565],[103.91804,1.41527],[103.91938,1.41382],[103.91968,1.41357],[103.92092,1.4127],[103.92113,1.41258],[103.92158,1.41244],[103.92182,1.41231],[103.92252,1.41183],[103.92334,1.41118],[103.9236,1.41092],[103.92365,1.41078],[103.92362,1.41071],[103.92372,1.41067],[103.92393,1.41051],[103.92411,1.41033],[103.92427,1.41021],[103.9243,1.41008],[103.92534,1.40918],[103.92583,1.40859],[103.9262,1.40823],[103.92985,1.40482],[103.93071,1.40409],[103.93075,1.4041],[103.93098,1.4039],[103.93111,1.4037],[103.93118,1.40354],[103.93127,1.40316],[103.93124,1.40279],[103.93115,1.40245],[103.93107,1.40228],[103.93084,1.40196],[103.93072,1.40216],[103.93058,1.4023],[103.93018,1.40256],[103.9299,1.40264],[103.92961,1.40266],[103.92916,1.40259],[103.9289,1.40249],[103.92866,1.40234],[103.92848,1.40215],[103.92844,1.40218],[103.92821,1.40283]]]}},{"type":"Feature","properties":{"name":"Mount Faber Park","kind":"park"},"geometry":{"type":"Polygon","coordinates":[[[103.82442,1.26728],[103.82418,1.26728],[103.824,1.26674],[103.8238,1.26665],[103.82316,1.26662],[103.82312,1.2669],[103.82259,1.26687],[103.8226,1.26659],[103.82174,1.2665],[103.82138,1.26659],[103.82104,1.26698],[103.8203,1.26694],[103.82023,1.26674],[103.82005,1.26675],[103.81888,1.26758],[103.81952,1.26829],[103.81935,1.26846],[103.81915,1.26823],[103.81899,1.26837],[103.81887,1.26822],[103.81866,1.26843],[103.81843,1.26819],[103.81858,1.26806],[103.81852,1.26797],[103.81719,1.26874],[103.81677,1.26811],[103.81571,1.26868],[103.81486,1.26894],[103.81528,1.26963],[103.81466,1.27002],[103.81456,1.26985],[103.81427,1.27002],[103.81464,1.27066],[103.81342,1.27144],[103.81356,1.2717],[103.81313,1.27195],[103.81296,1.27169],[103.81217,1.27223],[103.81258,1.27268],[103.81496,1.27487],[103.81646,1.27712],[103.81733,1.27616],[103.81785,1.27641],[103.81821,1.27642],[103.81836,1.27647],[103.81905,1.27562],[103.81885,1.27512],[103.81946,1.27481],[103.81941,1.27457],[103.81953,1.27402],[103.82016,1.27358],[103.82014,1.27256],[103.82037,1.27219],[103.82148,1.27221],[103.82185,1.27161],[103.82225,1.27122],[103.82229,1.27079],[103.82312,1.27078],[103.8231,1.2699],[103.8243,1.26984],[103.82432,1.26969],[103.82417,1.26962],[103.82398,1.26944],[103.82417,1.26889],[103.82417,1.2681],[103.8254,1.2681],[103.8259,1.26726],[103.82576,1.26694],[103.82548,1.26657],[103.82527,1.26637],[103.82499,1.26689],[103.82443,1.26703],[103.82442,1.26728]]]}},{"type":"Feature","properties":{"name":"","kind":"beach"},"geometry":{"type":"Polygon","coordinates":[[[103.59573,1.34399],[103.59553,1.34397],[103.59569,1.34383],[103.59593,1.34372],[103.59624,1.34364],[103.59639,1.34372],[103.59695,1.34366],[103.597,1.34382],[103.59733,1.34381],[103.59745,1.34393],[103.59758,1.34396],[103.59769,1.34391],[103.59835,1.34408],[103.59867,1.34408],[103.59895,1.34402],[103.59957,1.34382],[103.59966,1.34364],[103.60071,1.3438],[103.60138,1.34379],[103.60148,1.34376],[103.60163,1.34381],[103.60174,1.34389],[103.60186,1.34388],[103.60214,1.34377],[103.60219,1.34374],[103.60231,1.34352],[103.60231,1.34342],[103.60214,1.34372],[103.60206,1.34373],[103.60195,1.3438],[103.60199,1.34373],[103.60213,1.34365],[103.60234,1.34326],[103.60241,1.34297],[103.60241,1.34285],[103.60235,1.34264],[103.60202,1.34216],[103.60164,1.3418],[103.60122,1.34127],[103.60127,1.34126],[103.60213,1.34179],[103.60228,1.34194],[103.60244,1.34217],[103.60252,1.34233],[103.60271,1.34302],[103.6028,1.34347],[103.60278,1.34367],[103.6027,1.34385],[103.6026,1.344],[103.60264,1.34402],[103.60275,1.34392],[103.60283,1.34377],[103.60286,1.34363],[103.60286,1.34348],[103.60272,1.34268],[103.60253,1.34219],[103.6024,1.34197],[103.60223,1.34179],[103.60197,1.3416],[103.60104,1.34105],[103.60058,1.34085],[103.60025,1.34057],[103.59624,1.3366],[103.59615,1.33642],[103.59611,1.33617],[103.59604,1.3361],[103.59608,1.33644],[103.596,1.33635],[103.59594,1.33632],[103.59593,1.33625],[103.59592,1.33633],[103.5957,1.33643],[103.59588,1.33651],[103.59606,1.33678],[103.59707,1.33779],[103.5971,1.33788],[103.59709,1.33792],[103.59695,1.3379],[103.5968,1.33792],[103.59667,1.33804],[103.59655,1.33807],[103.5965,1.33828],[103.59644,1.33833],[103.59642,1.33839],[103.59646,1.33877],[103.59642,1.33894],[103.5966,1.33923],[103.59671,1.33931],[103.59739,1.3394],[103.59758,1.33952],[103.59768,1.33971],[103.59785,1.33983],[103.59832,1.33987],[103.5987,1.33958],[103.59886,1.33954],[103.59905,1.33966],[103.59918,1.33981],[103.59921,1.33992],[103.59926,1.33986],[103.59936,1.33993],[103.59945,1.34009],[103.59964,1.34023],[103.59973,1.34019],[103.59978,1.34031],[103.59969,1.34038],[103.59954,1.34036],[103.59949,1.3404],[103.59911,1.34074],[103.59892,1.34096],[103.59925,1.3411],[103.59935,1.34131],[103.59937,1.34138],[103.59904,1.34146],[103.59911,1.34192],[103.59916,1.342],[103.59941,1.34199],[103.59942,1.34216],[103.59867,1.34238],[103.59718,1.34237],[103.59674,1.34248],[103.5962,1.34268],[103.59551,1.34243],[103.5954,1.34366],[103.59535,1.34389],[103.59583,1.3436],[103.59621,1.34351],[103.59679,1.34348],[103.59812,1.34319],[103.59915,1.34305],[103.59933,1.34294],[103.59963,1.34254],[103.59979,1.34224],[103.59998,1.34185],[103.60018,1.34132],[103.60019,1.34077],[103.60025,1.34075],[103.6003,1.34079],[103.60031,1.34132],[103.60022,1.34159],[103.60008,1.34191],[103.59964,1.34275],[103.59946,1.34297],[103.59922,1.34317],[103.59905,1.34321],[103.59814,1.3433],[103.59715,1.34355],[103.59618,1.34362],[103.59596,1.34369],[103.59566,1.34382],[103.59531,1.34408],[103.59512,1.34472],[103.59522,1.34469],[103.59558,1.34474],[103.59565,1.3447],[103.59573,1.34399]]]}},{"type":"Feature","properties":{"name":"","kind":"beach"},"geometry":{"type":"Polygon","coordinates":[[[103.59282,1.33317],[103.59284,1.33314],[103.59291,1.33321],[103.59282,1.33332],[103.59286,1.33342],[103.59296,1.33341],[103.59291,1.33355],[103.59297,1.33363],[103.59347,1.33395],[103.59391,1.33438],[103.59394,1.33453],[103.5943,1.33446],[103.59443,1.33435],[103.59524,1.3352],[103.59548,1.33524],[103.59562,1.33557],[103.59578,1.33549],[103.59584,1.33549],[103.59594,1.33556],[103.59602,1.33566],[103.59602,1.33573],[103.59609,1.33581],[103.59606,1.33602],[103.5961,1.33606],[103.59616,1.33572],[103.59612,1.33562],[103.59588,1.33539],[103.59552,1.33491],[103.59492,1.33447],[103.59461,1.33433],[103.59359,1.33368],[103.5925,1.33285],[103.59249,1.33288],[103.59255,1.33297],[103.59263,1.33307],[103.59282,1.33317]]]}},{"type":"Feature","properties":{"name":"","kind":"beach"},"geometry":{"type":"Polygon","coordinates":[[[103.59525,1.34234],[103.59508,1.34239],[103.59501,1.34264],[103.59489,1.34287],[103.59474,1.34302],[103.59445,1.3432],[103.59444,1.34392],[103.59395,1.34392],[103.59387,1.34385],[103.59386,1.34315],[103.59352,1.34293],[103.59328,1.34254],[103.59322,1.34239],[103.59288,1.34233],[103.59287,1.34244],[103.59145,1.34248],[103.59144,1.34276],[103.59093,1.34259],[103.59041,1.34257],[103.59037,1.34239],[103.58994,1.34241],[103.58997,1.34297],[103.58991,1.34324],[103.58984,1.34346],[103.58973,1.34367],[103.5896,1.34383],[103.58944,1.34397],[103.58913,1.34408],[103.58818,1.34416],[103.58812,1.34421],[103.58779,1.34409],[103.58755,1.34407],[103.5873,1.344],[103.58706,1.34387],[103.58689,1.34366],[103.58673,1.34317],[103.58667,1.3423],[103.58663,1.34218],[103.58649,1.34215],[103.58521,1.3421],[103.58519,1.34219],[103.58445,1.3422],[103.58444,1.34224],[103.58436,1.34226],[103.58412,1.34225],[103.58405,1.34217],[103.58381,1.34226],[103.58336,1.34227],[103.58347,1.34257],[103.58352,1.34263],[103.5836,1.34266],[103.58371,1.34239],[103.58381,1.34233],[103.58562,1.34238],[103.5857,1.34234],[103.58598,1.34237],[103.58621,1.34232],[103.58626,1.34226],[103.5863,1.34227],[103.58631,1.34237],[103.58647,1.34251],[103.5865,1.34261],[103.58654,1.34327],[103.58659,1.34361],[103.58674,1.34392],[103.58691,1.34412],[103.58716,1.34425],[103.58728,1.34426],[103.58742,1.34432],[103.58796,1.34461],[103.58859,1.34464],[103.58869,1.34464],[103.58887,1.34457],[103.58909,1.3444],[103.58909,1.34434],[103.58913,1.34433],[103.58917,1.34434],[103.58923,1.34445],[103.58927,1.34446],[103.58929,1.34436],[103.58942,1.34429],[103.58954,1.3443],[103.58958,1.34422],[103.59038,1.34425],[103.59138,1.3442],[103.59238,1.34421],[103.593,1.34444],[103.59347,1.34439],[103.59379,1.34432],[103.59458,1.34423],[103.59471,1.34453],[103.59503,1.34468],[103.5951,1.34451],[103.59532,1.34366],[103.59542,1.34223],[103.59525,1.34234]]]}},{"type":"Feature","properties":{"name":"","kind":"beach"},"geometry":{"type":"Polygon","coordinates":[[[103.58904,1.3323],[103.58922,1.33239],[103.58924,1.33244],[103.5892,1.33252],[103.58938,1.33263],[103.58948,1.33264],[103.58952,1.33272],[103.58959,1.33277],[103.58964,1.33274],[103.58971,1.33279],[103.58982,1.33277],[103.58976,1.3327],[103.58995,1.33248],[103.59004,1.33253],[103.59042,1.3323],[103.59078,1.3323],[103.59093,1.33237],[103.59096,1.3323],[103.59108,1.33234],[103.59108,1.33238],[103.5912,1.33236],[103.59136,1.3322],[103.59145,1.33224],[103.59151,1.33233],[103.59151,1.33242],[103.5916,1.33248],[103.59166,1.33245],[103.59174,1.33233],[103.59192,1.33246],[103.59191,1.33255],[103.59205,1.33262],[103.592,1.33269],[103.59201,1.33276],[103.59206,1.33279],[103.59207,1.33271],[103.59214,1.33271],[103.59222,1.3328],[103.59228,1.33283],[103.59241,1.33285],[103.59242,1.33279],[103.59207,1.33244],[103.59181,1.33207],[103.59177,1.33204],[103.5917,1.33205],[103.59162,1.33198],[103.59152,1.33134],[103.59148,1.33128],[103.59142,1.33127],[103.59138,1.33122],[103.59118,1.33127],[103.59088,1.33121],[103.59077,1.33123],[103.5907,1.33127],[103.59069,1.33132],[103.59036,1.33156],[103.59024,1.33151],[103.59014,1.3315],[103.5898,1.33166],[103.58967,1.33177],[103.58948,1.33185],[103.58938,1.33194],[103.58896,1.33213],[103.58904,1.3323]]]}},{"type":"Feature","properties":{"name":"","kind":"beach"},"geometry":{"type":"Polygon","coordinates":[[[103.58763,1.3329],[103.58731,1.33316],[103.58649,1.33362],[103.58657,1.33363],[103.58651,1.33373],[103.58654,1.33378],[103.58648,1.33386],[103.58655,1.33388],[103.58669,1.33371],[103.58697,1.33348],[103.58816,1.33274],[103.58822,1.33264],[103.58821,1.33258],[103.58826,1.33252],[103.58763,1.3329]]]}},{"type":"Feature","properties":{"name":"","kind":"beach"},"geometry":{"type":"Polygon","coordinates":[[[103.57838,1.33968],[103.57813,1.33974],[103.57796,1.3397],[103.57785,1.33958],[103.57778,1.33939],[103.57783,1.33924],[103.57805,1.33799],[103.5779,1.33778],[103.57799,1.33772],[103.57851,1.33789],[103.57828,1.33763],[103.57836,1.33755],[103.57872,1.33742],[103.57864,1.3375],[103.57874,1.33753],[103.57904,1.33746],[103.57908,1.33754],[103.57916,1.33758],[103.57957,1.33755],[103.58076,1.33703],[103.58098,1.3369],[103.58104,1.33676],[103.58102,1.33651],[103.58135,1.3362],[103.58131,1.336],[103.58147,1.33582],[103.58171,1.33577],[103.58176,1.33565],[103.58178,1.33534],[103.58175,1.33498],[103.58178,1.3346],[103.58172,1.33434],[103.58168,1.33428],[103.58168,1.33419],[103.58172,1.33417],[103.58185,1.33432],[103.58195,1.33433],[103.58198,1.33404],[103.58194,1.33397],[103.58234,1.33346],[103.58259,1.33331],[103.58275,1.3331],[103.58282,1.33318],[103.583,1.33306],[103.58346,1.33294],[103.58358,1.33299],[103.5838,1.33291],[103.58398,1.33294],[103.58452,1.33325],[103.58457,1.3334],[103.58458,1.3336],[103.58472,1.33391],[103.58474,1.3344],[103.58481,1.33443],[103.5848,1.33441],[103.58492,1.33441],[103.58473,1.33344],[103.58468,1.33334],[103.58468,1.33328],[103.58443,1.33299],[103.58451,1.33298],[103.58473,1.33318],[103.58475,1.33323],[103.58475,1.33337],[103.58482,1.33328],[103.58482,1.3332],[103.58489,1.33332],[103.58497,1.33331],[103.585,1.33326],[103.58497,1.33318],[103.58487,1.33306],[103.5847,1.33295],[103.58456,1.33291],[103.58368,1.33278],[103.5834,1.3328],[103.58264,1.33311],[103.58214,1.33336],[103.581,1.33402],[103.58059,1.33434],[103.58035,1.33462],[103.58024,1.33488],[103.58023,1.33502],[103.57948,1.33621],[103.57919,1.33694],[103.57902,1.33717],[103.57891,1.33726],[103.57858,1.3374],[103.57819,1.33745],[103.57779,1.33741],[103.57714,1.33729],[103.57714,1.33725],[103.57706,1.33724],[103.57686,1.33722],[103.57649,1.33725],[103.57649,1.33731],[103.57624,1.33738],[103.57581,1.33767],[103.57552,1.33808],[103.57534,1.3385],[103.5753,1.33875],[103.57534,1.33878],[103.57542,1.33861],[103.57546,1.33839],[103.57572,1.33795],[103.576,1.33762],[103.57593,1.33892],[103.57578,1.33947],[103.57573,1.33986],[103.57573,1.34002],[103.57583,1.34032],[103.57566,1.34105],[103.57571,1.3415],[103.57568,1.34243],[103.57571,1.34243],[103.57572,1.34239],[103.57572,1.34222],[103.57595,1.34211],[103.57622,1.34214],[103.57639,1.34209],[103.57701,1.34212],[103.57774,1.34202],[103.57782,1.34195],[103.57795,1.34195],[103.57803,1.34187],[103.57814,1.34184],[103.57853,1.34153],[103.57862,1.34142],[103.57867,1.34107],[103.57871,1.3411],[103.57895,1.34086],[103.57901,1.34076],[103.57902,1.34064],[103.57883,1.34066],[103.57873,1.34062],[103.57838,1.33968]]]}},{"type":"Feature","properties":{"name":"Taman Istana Besar","kind":"park"},"geometry":{"type":"Polygon","coordinates":[[[103.75641,1.45448],[103.75539,1.45459],[103.75442,1.45476],[103.75206,1.45545],[103.75195,1.45557],[103.75194,1.4557],[103.75224,1.45673],[103.75219,1.45867],[103.75226,1.45897],[103.75271,1.45992],[103.75289,1.46074],[103.75322,1.4612],[103.75529,1.46318],[103.75544,1.46317],[103.75858,1.45964],[103.75864,1.45946],[103.7595,1.45494],[103.75745,1.45452],[103.75641,1.45448]]]}},{"type":"Feature","properties":{"name":"Gardens by the Bay","kind":"park"},"geometry":{"type":"Polygon","coordinates":[[[103.8617,1.28513],[103.86177,1.28609],[103.8626,1.28586],[103.86293,1.28568],[103.86456,1.28528],[103.86519,1.28504],[103.86705,1.28401],[103.8676,1.28368],[103.86792,1.28343],[103.86812,1.28339],[103.86852,1.28308],[103.86795,1.28227],[103.86783,1.28201],[103.86777,1.28173],[103.86777,1.28144],[103.86783,1.28116],[103.86758,1.28067],[103.86718,1.28072],[103.8668,1.28072],[103.86603,1.28061],[103.86558,1.28043],[103.8651,1.28018],[103.86467,1.27986],[103.86428,1.27947],[103.86391,1.27897],[103.86196,1.27593],[103.85939,1.27755],[103.86059,1.27942],[103.86055,1.27945],[103.86057,1.27959],[103.86054,1.27964],[103.86025,1.27961],[103.8598,1.27983],[103.8607,1.28142],[103.86131,1.28284],[103.86171,1.28473],[103.8617,1.28513]]]}},{"type":"Feature","properties":{"name":"Telok Blangah Hill Park","kind":"park"},"geometry":{"type":"Polygon","coordinates":[[[103.80475,1.27648],[103.80498,1.27688],[103.80471,1.27706],[103.80449,1.27665],[103.80425,1.27682],[103.80471,1.27772],[103.80495,1.27807],[103.80497,1.27821],[103.80531,1.27826],[103.80542,1.2784],[103.80543,1.27858],[103.80532,1.27866],[103.80531,1.27891],[103.80517,1.27892],[103.80518,1.27905],[103.80531,1.27905],[103.80541,1.2791],[103.80541,1.27929],[103.80521,1.27931],[103.80521,1.27944],[103.80499,1.27946],[103.80457,1.27983],[103.8048,1.27911],[103.80447,1.27897],[103.80436,1.27901],[103.80419,1.27902],[103.80414,1.27874],[103.80388,1.27866],[103.80373,1.27854],[103.80367,1.27829],[103.80341,1.27789],[103.80308,1.278],[103.80324,1.27799],[103.80347,1.27869],[103.80372,1.27902],[103.80374,1.27927],[103.80337,1.27917],[103.80331,1.27945],[103.80348,1.27949],[103.80357,1.27978],[103.80319,1.27983],[103.80291,1.28022],[103.80242,1.28106],[103.80261,1.28117],[103.80408,1.28116],[103.80545,1.28163],[103.80649,1.2819],[103.80702,1.28124],[103.80977,1.2807],[103.81035,1.2805],[103.81126,1.2803],[103.81224,1.28016],[103.81233,1.27975],[103.81246,1.27945],[103.81267,1.2791],[103.81285,1.27889],[103.81306,1.27872],[103.81352,1.27847],[103.81379,1.27838],[103.81398,1.27836],[103.81493,1.27835],[103.81577,1.27753],[103.816,1.2774],[103.81589,1.27719],[103.81474,1.27542],[103.81452,1.27538],[103.81402,1.27575],[103.81338,1.27608],[103.81132,1.27696],[103.81114,1.277],[103.81048,1.2773],[103.80852,1.278],[103.80798,1.27811],[103.80733,1.27834],[103.80692,1.27836],[103.80654,1.27817],[103.80649,1.27789],[103.80622,1.27788],[103.80616,1.27736],[103.80627,1.27663],[103.80652,1.27582],[103.80654,1.27505],[103.80632,1.2743],[103.80608,1.27383],[103.80592,1.27378],[103.80483,1.27451],[103.80466,1.27461],[103.8046,1.2746],[103.80445,1.27549],[103.80454,1.27596],[103.80475,1.27648]]]}},{"type":"Feature","properties":{"name":"West Coast Park","kind":"park"},"geometry":{"type":"Polygon","coordinates":[[[103.76708,1.29085],[103.7671,1.29105],[103.76714,1.2911],[103.76724,1.29117],[103.76731,1.29117],[103.76767,1.29096],[103.76821,1.29075],[103.76965,1.29029],[103.77082,1.29007],[103.7731,1.28927],[103.77344,1.28909],[103.77396,1.28897],[103.77476,1.28866],[103.77619,1.28804],[103.7763,1.28796],[103.77631,1.28789],[103.77444,1.28566],[103.77422,1.28591],[103.77391,1.28647],[103.77366,1.28673],[103.77004,1.28901],[103.76878,1.28977],[103.7679,1.2902],[103.76715,1.2907],[103.76708,1.29085]]]}},{"type":"Feature","properties":{"name":"West Coast Park","kind":"park"},"geometry":{"type":"Polygon","coordinates":[[[103.7622,1.30124],[103.76346,1.2986],[103.76473,1.29581],[103.76521,1.29465],[103.76542,1.29375],[103.76556,1.29355],[103.76588,1.29282],[103.76626,1.29221],[103.76684,1.29163],[103.76689,1.29142],[103.76686,1.29125],[103.76672,1.29108],[103.76658,1.29103],[103.76641,1.29108],[103.76363,1.29279],[103.76384,1.29318],[103.76385,1.29325],[103.76382,1.29332],[103.76376,1.29338],[103.76336,1.29362],[103.76348,1.29385],[103.7628,1.29422],[103.76301,1.29443],[103.76295,1.29451],[103.763,1.29458],[103.76297,1.29474],[103.76281,1.29503],[103.7627,1.29511],[103.76248,1.29521],[103.76238,1.29519],[103.76222,1.29498],[103.76225,1.29496],[103.76212,1.29478],[103.76207,1.29477],[103.7619,1.29489],[103.7619,1.29494],[103.76204,1.29513],[103.76211,1.29507],[103.7622,1.29522],[103.76219,1.29536],[103.76196,1.2956],[103.7619,1.29586],[103.76158,1.29594],[103.76146,1.29603],[103.76089,1.29669],[103.76017,1.29734],[103.75955,1.298],[103.75937,1.29839],[103.75907,1.29875],[103.75875,1.29902],[103.75872,1.2991],[103.76106,1.30089],[103.76128,1.301],[103.7622,1.30124]]]}},{"type":"Feature","properties":{"name":"Bishan-Ang Mo Kio Park","kind":"park"},"geometry":{"type":"Polygon","coordinates":[[[103.84798,1.35878],[103.846,1.36049],[103.84571,1.36012],[103.84549,1.36029],[103.84584,1.36066],[103.84577,1.36071],[103.84579,1.36074],[103.84575,1.36078],[103.84572,1.36075],[103.84561,1.36083],[103.84563,1.36086],[103.84558,1.3609],[103.84556,1.36088],[103.84545,1.36096],[103.84547,1.36099],[103.84544,1.36101],[103.84545,1.36104],[103.84512,1.36133],[103.84504,1.36133],[103.84496,1.3614],[103.84498,1.36142],[103.84481,1.36153],[103.84483,1.36157],[103.84478,1.36161],[103.84475,1.36158],[103.84456,1.36174],[103.84461,1.3618],[103.84459,1.36184],[103.84445,1.36196],[103.8442,1.36209],[103.84327,1.36243],[103.84312,1.36244],[103.84292,1.36241],[103.84254,1.36254],[103.84296,1.36376],[103.84312,1.36396],[103.84331,1.36408],[103.84359,1.36418],[103.84534,1.36404],[103.84573,1.36397],[103.84588,1.36388],[103.84608,1.36384],[103.84638,1.36384],[103.84724,1.36358],[103.84768,1.36341],[103.84834,1.3631],[103.84856,1.36294],[103.84875,1.3629],[103.84925,1.36264],[103.84966,1.36236],[103.85171,1.3607],[103.85208,1.36035],[103.85203,1.36015],[103.85171,1.35958],[103.85041,1.35743],[103.8502,1.3571],[103.85,1.35699],[103.84798,1.35878]]]}},{"type":"Feature","properties":{"name":"","kind":"park"},"geometry":{"type":"Polygon","coordinates":[[[103.90016,1.46001],[103.89989,1.45992],[103.89581,1.46154],[103.89569,1.46182],[103.898,1.46682],[103.90224,1.46487],[103.90227,1.46471],[103.90016,1.46001]]]}},{"type":"Feature","properties":{"name":"Gardens by the Bay East","kind":"park"},"geometry":{"type":"Polygon","coordinates":[[[103.87573,1.28072],[103.87478,1.28137],[103.87496,1.28172],[103.87502,1.28198],[103.87503,1.28225],[103.87499,1.28251],[103.8749,1.28276],[103.87472,1.28305],[103.87454,1.28325],[103.87432,1.2834],[103.874,1.28354],[103.87374,1.28358],[103.87347,1.28357],[103.87321,1.28351],[103.8729,1.28335],[103.8727,1.28321],[103.87134,1.28465],[103.87044,1.28576],[103.86961,1.28693],[103.86895,1.28799],[103.86831,1.28912],[103.86777,1.29022],[103.86728,1.29135],[103.86655,1.29346],[103.86614,1.29519],[103.86692,1.2952],[103.86794,1.29552],[103.86812,1.29453],[103.86819,1.2945],[103.86835,1.29356],[103.86847,1.29338],[103.86864,1.29341],[103.86924,1.29117],[103.87024,1.28882],[103.87236,1.28567],[103.87353,1.28428],[103.87564,1.28234],[103.87585,1.28248],[103.87668,1.28134],[103.87589,1.28077],[103.87573,1.28072]]]}},{"type":"Feature","properties":{"name":"Kent Ridge Park","kind":"park"},"geometry":{"type":"Polygon","coordinates":[[[103.79143,1.28475],[103.79123,1.28454],[103.79109,1.28435],[103.79162,1.28417],[103.79339,1.28219],[103.79347,1.28195],[103.79361,1.28089],[103.79397,1.28061],[103.79429,1.28045],[103.79474,1.28067],[103.79502,1.28024],[103.79575,1.27956],[103.79535,1.27891],[103.79471,1.27779],[103.79408,1.27778],[103.79412,1.27813],[103.79425,1.27877],[103.79406,1.27906],[103.79453,1.27948],[103.79441,1.27968],[103.79424,1.27984],[103.79378,1.28011],[103.79388,1.28028],[103.79338,1.28066],[103.79298,1.28089],[103.79264,1.28018],[103.79192,1.28084],[103.79128,1.28093],[103.79122,1.2809],[103.79111,1.28061],[103.79107,1.28063],[103.79131,1.28123],[103.78947,1.28201],[103.78958,1.2822],[103.78932,1.28265],[103.78938,1.28346],[103.78938,1.28428],[103.78874,1.28446],[103.7885,1.28458],[103.78794,1.28387],[103.78784,1.28397],[103.78764,1.28384],[103.78751,1.2842],[103.78734,1.28453],[103.78673,1.28541],[103.7865,1.28555],[103.78593,1.28574],[103.78571,1.28614],[103.78567,1.28637],[103.78569,1.28655],[103.78581,1.28624],[103.78598,1.28601],[103.78619,1.28582],[103.78644,1.28567],[103.78672,1.28558],[103.787,1.28556],[103.78811,1.28563],[103.78862,1.28581],[103.78892,1.28604],[103.7891,1.28627],[103.7892,1.28644],[103.78929,1.28672],[103.78932,1.287],[103.78919,1.28788],[103.78908,1.28818],[103.78898,1.28834],[103.78862,1.28872],[103.78844,1.28886],[103.78824,1.28897],[103.78816,1.28906],[103.78845,1.28902],[103.78904,1.28862],[103.78975,1.28858],[103.78972,1.28828],[103.78978,1.28779],[103.78989,1.2874],[103.79014,1.28712],[103.79042,1.28702],[103.79041,1.28689],[103.79048,1.28684],[103.79073,1.28649],[103.7911,1.28617],[103.79186,1.28561],[103.79204,1.28541],[103.79184,1.28534],[103.79185,1.28531],[103.79155,1.28474],[103.79143,1.28475]]]}},{"type":"Feature","properties":{"name":"Fort Canning Park","kind":"park"},"geometry":{"type":"Polygon","coordinates":[[[103.84616,1.29138],[103.8442,1.29283],[103.84386,1.29304],[103.84412,1.29351],[103.84425,1.29394],[103.84422,1.29463],[103.8441,1.29572],[103.84433,1.29621],[103.84458,1.29655],[103.84486,1.29682],[103.84538,1.29718],[103.8456,1.29728],[103.84646,1.29747],[103.84682,1.2975],[103.84742,1.29748],[103.84862,1.29723],[103.84888,1.29723],[103.84899,1.29713],[103.84957,1.29631],[103.84918,1.296],[103.84905,1.29578],[103.84826,1.29516],[103.84817,1.29455],[103.84792,1.29461],[103.8477,1.29455],[103.84764,1.29444],[103.84778,1.29399],[103.84833,1.2926],[103.84837,1.29258],[103.84799,1.29262],[103.84749,1.29246],[103.84716,1.29218],[103.8468,1.29203],[103.84641,1.29174],[103.84616,1.29138]]]}},{"type":"Feature","properties":{"name":"Bishan-Ang Mo Kio Park","kind":"park"},"geometry":{"type":"Polygon","coordinates":[[[103.8423,1.36262],[103.83899,1.36314],[103.83686,1.36372],[103.83091,1.36681],[103.83122,1.36701],[103.8314,1.36723],[103.83157,1.36759],[103.83212,1.36751],[103.83317,1.36725],[103.83458,1.36679],[103.83636,1.36619],[103.83789,1.3656],[103.8407,1.36459],[103.84264,1.36428],[103.84275,1.36424],[103.8428,1.36416],[103.84275,1.36392],[103.8423,1.36262]]]}},{"type":"Feature","properties":{"name":"Taman Bandar Bukit Layang-Layang","kind":"park"},"geometry":{"type":"Polygon","coordinates":[[[103.90375,1.47652],[103.90497,1.47604],[103.9051,1.4764],[103.90498,1.47652],[103.90504,1.4768],[103.90519,1.47697],[103.90571,1.47697],[103.90592,1.47692],[103.9061,1.47694],[103.90656,1.47688],[103.90688,1.47674],[103.90708,1.47659],[103.90732,1.47653],[103.90791,1.4763],[103.90849,1.47613],[103.90896,1.47606],[103.90915,1.47565],[103.90657,1.47185],[103.90258,1.47349],[103.90375,1.47652]]]}},{"type":"Feature","properties":{"name":"Ang Mo Kio Town Garden West","kind":"park"},"geometry":{"type":"Polygon","coordinates":[[[103.84467,1.37558],[103.84518,1.37181],[103.84507,1.37182],[103.84497,1.37241],[103.84491,1.37262],[103.84471,1.37258],[103.8446,1.37248],[103.84456,1.37187],[103.84312,1.37204],[103.84311,1.37221],[103.84124,1.37237],[103.84068,1.37352],[103.84067,1.37449],[103.84101,1.3761],[103.84202,1.37619],[103.84256,1.37628],[103.84262,1.37589],[103.8435,1.376],[103.84385,1.37628],[103.84393,1.37646],[103.844,1.37686],[103.84398,1.37719],[103.84452,1.37717],[103.84467,1.37558]]]}},{"type":"Feature","properties":{"name":"","kind":"park"},"geometry":{"type":"Polygon","coordinates":[[[103.72837,1.34428],[103.7289,1.34427],[103.72966,1.34419],[103.73013,1.34407],[103.73047,1.34396],[103.7311,1.3437],[103.73145,1.34352],[103.73437,1.34138],[103.73455,1.3411],[103.73457,1.34093],[103.73454,1.34067],[103.73414,1.33992],[103.73403,1.33948],[103.73397,1.3387],[103.7339,1.33847],[103.73372,1.33806],[103.73361,1.33791],[103.73348,1.33779],[103.7331,1.33752],[103.73248,1.33832],[103.73224,1.33877],[103.73222,1.33899],[103.73206,1.33943],[103.73178,1.33977],[103.73123,1.34008],[103.73099,1.3404],[103.73073,1.3412],[103.7306,1.34188],[103.73039,1.3427],[103.73019,1.34301],[103.72882,1.34334],[103.72872,1.34329],[103.72856,1.34332],[103.72853,1.34342],[103.72848,1.34346],[103.72849,1.34354],[103.72843,1.34362],[103.72832,1.34367],[103.72832,1.34416],[103.72837,1.34422],[103.72837,1.34428]]]}},{"type":"Feature","properties":{"name":"Clementi Woods","kind":"park"},"geometry":{"type":"Polygon","coordinates":[[[103.76935,1.29592],[103.76884,1.29598],[103.76887,1.29631],[103.76849,1.29636],[103.76854,1.29691],[103.76713,1.29708],[103.76723,1.29821],[103.76717,1.29867],[103.76574,1.30229],[103.76592,1.3024],[103.76603,1.30253],[103.76637,1.30328],[103.76646,1.30337],[103.76746,1.30374],[103.76746,1.30358],[103.76731,1.3032],[103.76743,1.30288],[103.7671,1.30275],[103.76692,1.30253],[103.76684,1.30218],[103.76686,1.30202],[103.76788,1.30027],[103.76867,1.30062],[103.7692,1.29934],[103.76968,1.29931],[103.76963,1.29812],[103.76954,1.29785],[103.76953,1.29738],[103.76957,1.29727],[103.76951,1.29585],[103.76944,1.29586],[103.76935,1.29592]]]}},{"type":"Feature","properties":{"name":"Jurong Hill Park","kind":"park"},"geometry":{"type":"Polygon","coordinates":[[[103.70886,1.31834],[103.7092,1.31884],[103.70931,1.31915],[103.70929,1.31936],[103.70923,1.31952],[103.70903,1.31969],[103.70769,1.32027],[103.70751,1.32041],[103.70778,1.32029],[103.70925,1.32016],[103.70952,1.32001],[103.70998,1.31935],[103.71019,1.31921],[103.70997,1.31859],[103.70991,1.31814],[103.70968,1.3174],[103.70941,1.31745],[103.7091,1.31621],[103.70907,1.31579],[103.70896,1.31575],[103.70642,1.31577],[103.70627,1.31574],[103.70604,1.31555],[103.70577,1.31527],[103.70557,1.31524],[103.70482,1.31556],[103.70424,1.31602],[103.70414,1.31622],[103.70414,1.31672],[103.70424,1.31739],[103.70538,1.31709],[103.70602,1.31663],[103.70662,1.31648],[103.7073,1.31713],[103.7074,1.31717],[103.70731,1.31718],[103.70714,1.31728],[103.70707,1.31739],[103.70715,1.31764],[103.70743,1.31802],[103.70756,1.31829],[103.70768,1.3184],[103.70783,1.31846],[103.70801,1.31843],[103.70857,1.31807],[103.70886,1.31834]]]}},{"type":"Feature","properties":{"name":"HortPark","kind":"park"},"geometry":{"type":"Polygon","coordinates":[[[103.79602,1.27942],[103.79613,1.27958],[103.79627,1.27968],[103.79643,1.28003],[103.79662,1.28018],[103.79731,1.2803],[103.79885,1.28012],[103.79904,1.27971],[103.79926,1.27949],[103.79953,1.27933],[103.7998,1.27927],[103.8001,1.27926],[103.80062,1.27943],[103.80088,1.27929],[103.8017,1.27903],[103.80191,1.27912],[103.80221,1.27943],[103.80228,1.27976],[103.80226,1.28007],[103.80236,1.2802],[103.80246,1.28012],[103.80261,1.27974],[103.80279,1.27938],[103.80296,1.27891],[103.80275,1.27873],[103.80226,1.27873],[103.80191,1.2778],[103.8016,1.2779],[103.80086,1.27825],[103.80024,1.27851],[103.79996,1.27835],[103.79969,1.27789],[103.79946,1.27798],[103.799,1.27822],[103.79783,1.27843],[103.79707,1.27883],[103.7967,1.27896],[103.79663,1.27912],[103.79602,1.27942]]]}},{"type":"Feature","properties":{"name":"Royal Johor Polo Club","kind":"pitch"},"geometry":{"type":"Polygon","coordinates":[[[103.78534,1.47936],[103.78513,1.47945],[103.78533,1.47986],[103.78527,1.47989],[103.78465,1.47859],[103.78468,1.47857],[103.78484,1.4789],[103.78506,1.4788],[103.78437,1.47738],[103.78239,1.47833],[103.78405,1.48182],[103.78606,1.48085],[103.78534,1.47936]]]}},{"type":"Feature","properties":{"name":"Jurong Central Park","kind":"park"},"geometry":{"type":"Polygon","coordinates":[[[103.70619,1.33606],[103.70671,1.33745],[103.70697,1.33771],[103.70712,1.33825],[103.70709,1.33862],[103.70724,1.33901],[103.70735,1.3392],[103.70764,1.33958],[103.70787,1.33975],[103.70812,1.33988],[103.70892,1.34019],[103.70912,1.34017],[103.70936,1.34005],[103.7095,1.33988],[103.70959,1.33949],[103.70964,1.339],[103.70961,1.3387],[103.70967,1.3384],[103.70961,1.33828],[103.70951,1.3383],[103.70951,1.33834],[103.70941,1.33837],[103.7094,1.33831],[103.70889,1.33838],[103.70878,1.33836],[103.70861,1.33827],[103.70848,1.33814],[103.70788,1.33639],[103.70786,1.33608],[103.7077,1.33556],[103.70594,1.33558],[103.70619,1.33606]]]}},{"type":"Feature","properties":{"name":"","kind":"park"},"geometry":{"type":"Polygon","coordinates":[[[104.05098,1.14996],[104.0525,1.15041],[104.05308,1.15067],[104.05377,1.15104],[104.05398,1.15128],[104.05433,1.15226],[104.0545,1.15256],[104.05467,1.15272],[104.0549,1.1528],[104.05612,1.15279],[104.05638,1.15286],[104.05656,1.153],[104.05671,1.15323],[104.05678,1.15352],[104.05678,1.15504],[104.05815,1.15543],[104.05777,1.15337],[104.0577,1.15312],[104.0574,1.15254],[104.05713,1.15224],[104.05692,1.15205],[104.05691,1.15201],[104.05697,1.15195],[104.05665,1.15176],[104.05538,1.15151],[104.0553,1.15151],[104.05524,1.15156],[104.0552,1.15163],[104.05517,1.15181],[104.05502,1.15183],[104.05491,1.15179],[104.05457,1.15154],[104.05431,1.15117],[104.05417,1.15069],[104.054,1.15035],[104.05387,1.15019],[104.05375,1.15013],[104.05322,1.15016],[104.05299,1.15003],[104.05256,1.14991],[104.05216,1.14988],[104.05099,1.14991],[104.05098,1.14996]]]}},{"type":"Feature","properties":{"name":"Pearl's Hill City Park","kind":"park"},"geometry":{"type":"Polygon","coordinates":[[[103.83815,1.28477],[103.83814,1.28487],[103.83803,1.28496],[103.83806,1.28534],[103.83813,1.28526],[103.83822,1.28522],[103.83832,1.28519],[103.83854,1.28519],[103.83906,1.28541],[103.83943,1.28561],[103.8399,1.2859],[103.84001,1.28601],[103.84011,1.28618],[103.8401,1.28634],[103.84059,1.2868],[103.84094,1.28667],[103.84096,1.2866],[103.84117,1.2866],[103.84123,1.28611],[103.8415,1.2856],[103.84124,1.28558],[103.84122,1.28574],[103.84076,1.28568],[103.84095,1.28399],[103.84119,1.28402],[103.84126,1.28351],[103.84138,1.28331],[103.8412,1.2831],[103.8411,1.28274],[103.84087,1.28262],[103.84046,1.28297],[103.84034,1.28316],[103.84014,1.2833],[103.83977,1.28343],[103.83945,1.28309],[103.83942,1.28312],[103.83938,1.28304],[103.83933,1.28309],[103.83934,1.28318],[103.83928,1.2833],[103.83794,1.28438],[103.83812,1.28465],[103.83815,1.28477]]]}},{"type":"Feature","properties":{"name":"Taman Merdeka","kind":"park"},"geometry":{"type":"Polygon","coordinates":[[[103.73652,1.47973],[103.73647,1.478],[103.73656,1.47754],[103.73652,1.47679],[103.73646,1.47672],[103.73621,1.47702],[103.73424,1.47792],[103.73465,1.4786],[103.73509,1.47927],[103.73584,1.48236],[103.73696,1.48197],[103.73652,1.47973]]]}},{"type":"Feature","properties":{"name":"Bukit Indah Recreational Park","kind":"park"},"geometry":{"type":"Polygon","coordinates":[[[103.65959,1.48134],[103.65995,1.48128],[103.65999,1.48144],[103.66015,1.48138],[103.6605,1.48117],[103.66079,1.48088],[103.6609,1.48071],[103.66101,1.48041],[103.66105,1.48012],[103.66103,1.47975],[103.66095,1.47946],[103.66082,1.47924],[103.66064,1.47899],[103.66044,1.47882],[103.66011,1.47864],[103.65998,1.4786],[103.65966,1.47855],[103.65934,1.47856],[103.65901,1.47866],[103.65869,1.47885],[103.65856,1.47896],[103.65836,1.47922],[103.65821,1.4795],[103.65815,1.4797],[103.65812,1.48003],[103.65819,1.48047],[103.65832,1.48074],[103.65844,1.48066],[103.65873,1.48101],[103.65894,1.48116],[103.65927,1.48129],[103.65959,1.48134]]]}},{"type":"Feature","properties":{"name":"Bukit Batok Hillside Park","kind":"park"},"geometry":{"type":"Polygon","coordinates":[[[103.74714,1.35799],[103.74665,1.35798],[103.7464,1.35779],[103.74615,1.35779],[103.74584,1.35788],[103.7453,1.35788],[103.7452,1.35766],[103.74519,1.35738],[103.74531,1.35713],[103.74531,1.35695],[103.74524,1.35678],[103.74516,1.35671],[103.74487,1.35684],[103.74447,1.35708],[103.74476,1.35754],[103.7448,1.35778],[103.74474,1.35806],[103.74477,1.3588],[103.74443,1.359],[103.74427,1.35917],[103.74414,1.35944],[103.74519,1.36088],[103.7456,1.36045],[103.74577,1.36019],[103.74659,1.35944],[103.74678,1.35925],[103.74694,1.35903],[103.74709,1.3586],[103.74714,1.35799]]]}},{"type":"Feature","properties":{"name":"Dover Meadow","kind":"park"},"geometry":{"type":"Polygon","coordinates":[[[103.77851,1.30668],[103.77874,1.30578],[103.77883,1.30529],[103.77911,1.30533],[103.77922,1.30509],[103.77943,1.30516],[103.77945,1.30509],[103.77902,1.3047],[103.77969,1.30414],[103.77902,1.30359],[103.77724,1.30367],[103.77728,1.30414],[103.77735,1.30435],[103.77735,1.30462],[103.77742,1.3049],[103.77733,1.30516],[103.77711,1.30532],[103.7768,1.30534],[103.77643,1.30543],[103.77615,1.30556],[103.77602,1.30569],[103.77598,1.30584],[103.77606,1.30593],[103.77646,1.3058],[103.77689,1.30571],[103.77713,1.30571],[103.77741,1.3058],[103.7775,1.30591],[103.77754,1.30606],[103.7775,1.30623],[103.7774,1.30642],[103.77755,1.30644],[103.7779,1.30655],[103.77807,1.30665],[103.77834,1.30689],[103.77843,1.30702],[103.77848,1.307],[103.77851,1.30668]]]}},{"type":"Feature","properties":{"name":"Haw Par Villa","kind":"park"},"geometry":{"type":"Polygon","coordinates":[[[103.7811,1.28505],[103.78087,1.28552],[103.78155,1.28585],[103.7821,1.28532],[103.78219,1.28535],[103.78288,1.28534],[103.7831,1.28521],[103.78407,1.28433],[103.78257,1.28252],[103.78226,1.28297],[103.78136,1.28372],[103.7813,1.2843],[103.78133,1.2845],[103.78119,1.2847],[103.7811,1.28505]]]}},{"type":"Feature","properties":{"name":"","kind":"park"},"geometry":{"type":"Polygon","coordinates":[[[104.0394,1.16244],[104.04242,1.16277],[104.04244,1.16144],[104.03958,1.16009],[104.0394,1.16244]]]}},{"type":"Feature","properties":{"name":"Yunnan Garden","kind":"park"},"geometry":{"type":"Polygon","coordinates":[[[103.6854,1.34375],[103.68632,1.34361],[103.68647,1.34345],[103.68647,1.34341],[103.68502,1.34223],[103.68467,1.34237],[103.68438,1.3424],[103.68419,1.34238],[103.68392,1.34231],[103.68379,1.34225],[103.6837,1.3427],[103.68376,1.34291],[103.68472,1.34375],[103.6843,1.34427],[103.68444,1.34438],[103.68452,1.34439],[103.68429,1.34598],[103.68434,1.34603],[103.68501,1.34641],[103.68574,1.34669],[103.68583,1.34637],[103.68581,1.34622],[103.68527,1.34592],[103.68509,1.3457],[103.685,1.34542],[103.68507,1.3448],[103.68516,1.34437],[103.6853,1.34386],[103.68533,1.3438],[103.6854,1.34375]]]}},{"type":"Feature","properties":{"name":"","kind":"park"},"geometry":{"type":"Polygon","coordinates":[[[103.64563,1.42589],[103.64612,1.42546],[103.64643,1.42578],[103.6477,1.42513],[103.64759,1.42425],[103.64324,1.42632],[103.64368,1.42743],[103.64583,1.42645],[103.64563,1.42589]]]}},{"type":"Feature","properties":{"name":"Kallang Riverside Park North","kind":"park"},"geometry":{"type":"Polygon","coordinates":[[[103.86641,1.30709],[103.86656,1.30703],[103.86678,1.30679],[103.86692,1.3067],[103.86728,1.30659],[103.86732,1.30668],[103.86755,1.30673],[103.86773,1.3069],[103.86807,1.30742],[103.86839,1.3078],[103.86916,1.30884],[103.86948,1.30915],[103.86937,1.31003],[103.86958,1.31008],[103.86958,1.30978],[103.86978,1.30847],[103.86967,1.30841],[103.86956,1.30808],[103.86839,1.30685],[103.86809,1.30634],[103.86753,1.30551],[103.86728,1.30537],[103.86708,1.3053],[103.86696,1.30531],[103.8669,1.30535],[103.86688,1.30548],[103.86656,1.30554],[103.86664,1.3055],[103.86662,1.30546],[103.86632,1.30559],[103.8661,1.30578],[103.86585,1.30608],[103.86603,1.30627],[103.86603,1.30637],[103.86626,1.30683],[103.86628,1.30707],[103.86641,1.30709]]]}},{"type":"Feature","properties":{"name":"Bishan Kallang PCN Park","kind":"park"},"geometry":{"type":"Polygon","coordinates":[[[103.85706,1.34587],[103.85703,1.34612],[103.8565,1.34624],[103.85661,1.34674],[103.85649,1.34676],[103.85661,1.34727],[103.85672,1.34725],[103.85681,1.34765],[103.85656,1.3477],[103.85667,1.34822],[103.85641,1.34828],[103.8566,1.34919],[103.85651,1.34927],[103.8558,1.34942],[103.85593,1.35001],[103.85481,1.35127],[103.85349,1.35042],[103.85347,1.35049],[103.85477,1.35131],[103.85347,1.35271],[103.85298,1.35348],[103.85244,1.35468],[103.85201,1.35534],[103.85152,1.35582],[103.85129,1.35598],[103.85106,1.35625],[103.85061,1.35668],[103.85037,1.35688],[103.85043,1.35697],[103.85212,1.35545],[103.853,1.35413],[103.85447,1.35211],[103.85504,1.35144],[103.85612,1.3503],[103.85672,1.34939],[103.85678,1.34919],[103.85698,1.34725],[103.85719,1.34494],[103.85687,1.345],[103.85706,1.34587]]]}},{"type":"Feature","properties":{"name":"Bukit Batok Town Park","kind":"park"},"geometry":{"type":"Polygon","coordinates":[[[103.75293,1.35977],[103.75283,1.35984],[103.75283,1.35996],[103.75305,1.35997],[103.75321,1.36027],[103.75284,1.36056],[103.75238,1.36037],[103.7523,1.36025],[103.75213,1.36028],[103.75203,1.36045],[103.75197,1.36048],[103.75191,1.36055],[103.75184,1.36162],[103.75174,1.36195],[103.75281,1.36198],[103.7527,1.3635],[103.75301,1.36351],[103.75306,1.36304],[103.75317,1.36269],[103.75342,1.36232],[103.75333,1.36198],[103.75331,1.36166],[103.7534,1.36131],[103.75348,1.3611],[103.75357,1.36097],[103.7536,1.35898],[103.75325,1.35935],[103.75293,1.35977]]]}},{"type":"Feature","properties":{"name":"Siloso Beach","kind":"beach"},"geometry":{"type":"Polygon","coordinates":[[[103.80949,1.256],[103.80947,1.25612],[103.80967,1.25615],[103.80986,1.25668],[103.80998,1.25676],[103.81031,1.2569],[103.81037,1.25677],[103.8107,1.25679],[103.81088,1.25695],[103.81125,1.25677],[103.81151,1.25661],[103.81156,1.25645],[103.81233,1.25582],[103.8125,1.25563],[103.81301,1.25521],[103.81309,1.25506],[103.81315,1.25506],[103.81325,1.25494],[103.81333,1.25502],[103.8134,1.25493],[103.81322,1.25472],[103.81361,1.25398],[103.81384,1.25396],[103.81407,1.25422],[103.81425,1.2541],[103.8143,1.25414],[103.81434,1.2541],[103.81431,1.25401],[103.81422,1.25399],[103.81424,1.25393],[103.81441,1.25384],[103.81453,1.25383],[103.81468,1.2537],[103.81451,1.25352],[103.81465,1.25348],[103.81471,1.25353],[103.81512,1.25317],[103.81505,1.25313],[103.81503,1.25304],[103.81512,1.25284],[103.81518,1.25278],[103.81542,1.25272],[103.81553,1.25279],[103.81567,1.25275],[103.81571,1.2527],[103.8157,1.2526],[103.81589,1.25249],[103.81618,1.25214],[103.81628,1.25195],[103.81636,1.25192],[103.81636,1.25181],[103.81653,1.25177],[103.81651,1.25174],[103.81642,1.25173],[103.81627,1.25164],[103.81611,1.252],[103.81592,1.25227],[103.81556,1.25246],[103.81511,1.25248],[103.81488,1.25236],[103.81478,1.25241],[103.81467,1.25254],[103.81472,1.25284],[103.81468,1.25308],[103.81441,1.25352],[103.81401,1.25375],[103.81383,1.25378],[103.81344,1.25376],[103.81338,1.2538],[103.81328,1.25428],[103.81321,1.25444],[103.81307,1.25465],[103.81293,1.25478],[103.81277,1.25488],[103.81235,1.25501],[103.812,1.255],[103.81188,1.25503],[103.81177,1.25532],[103.81169,1.25549],[103.81157,1.25564],[103.81131,1.25579],[103.81113,1.25597],[103.81084,1.25618],[103.81067,1.25624],[103.8105,1.25625],[103.8103,1.25623],[103.81001,1.25603],[103.80994,1.25584],[103.80996,1.25579],[103.81017,1.25571],[103.81023,1.25566],[103.81025,1.2556],[103.81023,1.25556],[103.81014,1.25554],[103.80984,1.2556],[103.80947,1.25596],[103.80949,1.256]]]}},{"type":"Feature","properties":{"name":"Kallang Riverside Park East","kind":"park"},"geometry":{"type":"Polygon","coordinates":[[[103.86993,1.30643],[103.86958,1.30608],[103.86912,1.30536],[103.86908,1.3051],[103.86894,1.30503],[103.86879,1.30541],[103.86883,1.30543],[103.86886,1.30538],[103.86894,1.30549],[103.86932,1.30611],[103.86937,1.30632],[103.86948,1.30633],[103.86988,1.3068],[103.87004,1.30684],[103.87055,1.3074],[103.87068,1.30781],[103.87069,1.30862],[103.87058,1.30882],[103.87042,1.3098],[103.87046,1.30999],[103.87069,1.31033],[103.87079,1.31053],[103.871,1.31059],[103.87115,1.31014],[103.87092,1.31008],[103.87135,1.30975],[103.87197,1.3084],[103.8718,1.30822],[103.87152,1.30755],[103.87111,1.30695],[103.87044,1.30675],[103.87011,1.30658],[103.86993,1.30643]]]}},{"type":"Feature","properties":{"name":"Bukit Panjang Neighbourhood Park","kind":"park"},"geometry":{"type":"Polygon","coordinates":[[[103.76676,1.38092],[103.76673,1.38097],[103.76674,1.38105],[103.76681,1.38119],[103.76691,1.38126],[103.767,1.38138],[103.76701,1.38157],[103.76699,1.38177],[103.76689,1.38184],[103.76635,1.38209],[103.76618,1.38215],[103.76606,1.38214],[103.76593,1.3822],[103.7659,1.38231],[103.76598,1.38246],[103.76575,1.38271],[103.76566,1.38286],[103.76559,1.38282],[103.76547,1.38286],[103.76537,1.38284],[103.76533,1.3828],[103.76535,1.38274],[103.76518,1.38269],[103.76513,1.38275],[103.76496,1.38275],[103.76486,1.38269],[103.76484,1.38281],[103.76443,1.38284],[103.7644,1.38291],[103.76402,1.38314],[103.76394,1.38327],[103.76391,1.38353],[103.76401,1.38393],[103.76406,1.38405],[103.76417,1.38418],[103.76456,1.38443],[103.76493,1.38426],[103.76506,1.38426],[103.76577,1.38441],[103.76594,1.38375],[103.76631,1.38274],[103.76647,1.38254],[103.76719,1.38209],[103.76715,1.38071],[103.76676,1.38092]]]}},{"type":"Feature","properties":{"name":"Bukit Panjang Park","kind":"park"},"geometry":{"type":"Polygon","coordinates":[[[103.77659,1.37406],[103.77728,1.37156],[103.77685,1.37148],[103.77672,1.37143],[103.7766,1.37124],[103.77643,1.37106],[103.77626,1.37102],[103.77597,1.37103],[103.77561,1.37112],[103.77516,1.37105],[103.77482,1.3717],[103.77495,1.37177],[103.77503,1.3716],[103.77554,1.37186],[103.77587,1.3724],[103.77562,1.37342],[103.77589,1.37387],[103.77659,1.37406]]]}},{"type":"Feature","properties":{"name":"Nepal Park","kind":"park"},"geometry":{"type":"Polygon","coordinates":[[[103.78781,1.30252],[103.78795,1.30256],[103.78804,1.30313],[103.78839,1.30297],[103.78867,1.30277],[103.78912,1.30221],[103.78929,1.30173],[103.78932,1.30122],[103.78916,1.30065],[103.78904,1.30048],[103.78876,1.30046],[103.78839,1.30058],[103.78802,1.30081],[103.78752,1.30101],[103.78736,1.30114],[103.78721,1.30145],[103.78713,1.30186],[103.7873,1.30246],[103.7878,1.30258],[103.78781,1.30252]]]}},{"type":"Feature","properties":{"name":"Marsiling Park","kind":"park"},"geometry":{"type":"Polygon","coordinates":[[[103.77039,1.43964],[103.7697,1.43736],[103.76926,1.43556],[103.76883,1.43582],[103.76875,1.43912],[103.76887,1.43934],[103.76903,1.43944],[103.76921,1.43951],[103.76983,1.43962],[103.77039,1.43964]]]}},{"type":"Feature","properties":{"name":"Pasir Gudang Park","kind":"park"},"geometry":{"type":"Polygon","coordinates":[[[103.90081,1.47598],[103.90126,1.477],[103.90231,1.47658],[103.90141,1.47435],[103.90122,1.47414],[103.90111,1.47409],[103.90082,1.47411],[103.89977,1.47464],[103.90028,1.47572],[103.90081,1.47598]]]}},{"type":"Feature","properties":{"name":"","kind":"park"},"geometry":{"type":"Polygon","coordinates":[[[103.8559,1.27726],[103.85465,1.27526],[103.85333,1.27611],[103.85465,1.27812],[103.8559,1.27726]]]}},{"type":"Feature","properties":{"name":"Pasir Panjang Park","kind":"park"},"geometry":{"type":"Polygon","coordinates":[[[103.78181,1.28125],[103.78194,1.28135],[103.78203,1.28137],[103.78213,1.28137],[103.78229,1.28125],[103.78325,1.27962],[103.78358,1.27924],[103.78381,1.27902],[103.78428,1.27868],[103.78439,1.27862],[103.78623,1.27802],[103.78632,1.27795],[103.78719,1.27766],[103.78729,1.27767],[103.78946,1.27694],[103.78962,1.27682],[103.7903,1.27661],[103.79036,1.27654],[103.79039,1.27644],[103.79037,1.2762],[103.79031,1.27614],[103.79023,1.27614],[103.78918,1.27677],[103.78846,1.27706],[103.78753,1.27733],[103.78649,1.27751],[103.78573,1.27774],[103.78529,1.27791],[103.78469,1.2782],[103.78344,1.27896],[103.78318,1.27919],[103.78205,1.28057],[103.78175,1.28089],[103.78173,1.28096],[103.78174,1.28112],[103.78181,1.28125]]]}},{"type":"Feature","properties":{"name":"","kind":"park"},"geometry":{"type":"Polygon","coordinates":[[[103.62659,1.41762],[103.62661,1.41851],[103.62667,1.4189],[103.62686,1.41951],[103.62699,1.41943],[103.62689,1.419],[103.62717,1.41891],[103.62747,1.41824],[103.62771,1.41806],[103.62808,1.41757],[103.62868,1.41763],[103.62866,1.41747],[103.62812,1.41736],[103.62826,1.41693],[103.62831,1.41655],[103.62741,1.41612],[103.62698,1.41601],[103.62667,1.41709],[103.62607,1.41696],[103.62604,1.41712],[103.62662,1.41734],[103.62659,1.41762]]]}},{"type":"Feature","properties":{"name":"Singapore Polo Club","kind":"pitch"},"geometry":{"type":"Polygon","coordinates":[[[103.83607,1.33336],[103.83607,1.33345],[103.8362,1.33362],[103.83664,1.33382],[103.83679,1.33385],[103.83709,1.33384],[103.83734,1.33374],[103.83758,1.33342],[103.83821,1.33189],[103.83818,1.33166],[103.83805,1.33151],[103.83794,1.33142],[103.83743,1.33121],[103.83717,1.33121],[103.83706,1.33126],[103.83694,1.33138],[103.83685,1.33153],[103.83614,1.33312],[103.83607,1.33336]]]}},{"type":"Feature","properties":{"name":"","kind":"beach"},"geometry":{"type":"Polygon","coordinates":[[[104.08319,1.19156],[104.08375,1.19244],[104.08369,1.19299],[104.08355,1.19327],[104.08272,1.19381],[104.08279,1.19397],[104.08337,1.19363],[104.08381,1.19332],[104.08395,1.1924],[104.08335,1.19157],[104.08293,1.19075],[104.08164,1.18983],[104.08102,1.18943],[104.08058,1.18958],[104.08044,1.18958],[104.07808,1.18824],[104.0778,1.18861],[104.07606,1.18796],[104.07578,1.18789],[104.07572,1.18799],[104.07583,1.18804],[104.07604,1.18807],[104.07769,1.18864],[104.0804,1.18981],[104.08319,1.19156]]]}},{"type":"Feature","properties":{"name":"","kind":"park"},"geometry":{"type":"Polygon","coordinates":[[[103.73779,1.32585],[103.74169,1.32325],[103.74162,1.32298],[103.74164,1.32284],[103.74046,1.3236],[103.73957,1.32391],[103.73741,1.32436],[103.73769,1.32577],[103.73779,1.32585]]]}},{"type":"Feature","properties":{"name":"","kind":"park"},"geometry":{"type":"Polygon","coordinates":[[[103.64283,1.42593],[103.64313,1.42603],[103.64338,1.42601],[103.64367,1.42588],[103.64383,1.42572],[103.64398,1.42548],[103.64406,1.42522],[103.64398,1.42494],[103.64395,1.42466],[103.64398,1.42425],[103.64403,1.42401],[103.64367,1.42375],[103.64331,1.4236],[103.64292,1.42355],[103.6422,1.42431],[103.64238,1.42468],[103.64237,1.42532],[103.64244,1.42558],[103.64258,1.42578],[103.64283,1.42593]]]}},{"type":"Feature","properties":{"name":"","kind":"park"},"geometry":{"type":"Polygon","coordinates":[[[103.63391,1.42284],[103.63483,1.42393],[103.63494,1.42422],[103.63524,1.42423],[103.63539,1.42418],[103.63552,1.424],[103.6355,1.42375],[103.6353,1.42333],[103.63507,1.4227],[103.63502,1.42246],[103.63499,1.42174],[103.63491,1.42147],[103.63477,1.42126],[103.63472,1.42113],[103.63448,1.42105],[103.63438,1.42106],[103.634,1.4215],[103.63383,1.42161],[103.63362,1.42167],[103.6335,1.42176],[103.63339,1.4219],[103.63333,1.42201],[103.63334,1.42218],[103.63343,1.4224],[103.63391,1.42284]]]}},{"type":"Feature","properties":{"name":"Siglap Park Connector","kind":"park"},"geometry":{"type":"Polygon","coordinates":[[[103.91729,1.31012],[103.91747,1.30991],[103.91837,1.30781],[103.91867,1.30725],[103.91882,1.30674],[103.91933,1.30431],[103.91898,1.30422],[103.9186,1.30609],[103.9181,1.30768],[103.91663,1.31121],[103.91652,1.31131],[103.91636,1.31154],[103.91554,1.31353],[103.91549,1.31352],[103.91539,1.31379],[103.91539,1.3139],[103.91501,1.31482],[103.91498,1.31482],[103.91496,1.31486],[103.91513,1.31516],[103.9166,1.31163],[103.91679,1.31129],[103.91729,1.31012]]]}},{"type":"Feature","properties":{"name":"Sports Fields","kind":"pitch"},"geometry":{"type":"Polygon","coordinates":[[[103.64946,1.44188],[103.64884,1.44139],[103.64935,1.44074],[103.64835,1.43995],[103.64718,1.44143],[103.64881,1.44271],[103.64946,1.44188]]]}},{"type":"Feature","properties":{"name":"","kind":"park"},"geometry":{"type":"Polygon","coordinates":[[[103.59316,1.41786],[103.59307,1.41805],[103.59322,1.41828],[103.59343,1.41815],[103.59358,1.41836],[103.59366,1.41839],[103.59384,1.41836],[103.59394,1.41829],[103.59439,1.41811],[103.59446,1.41803],[103.5945,1.41786],[103.59447,1.41766],[103.59379,1.41787],[103.59371,1.4178],[103.5936,1.41715],[103.59354,1.41644],[103.59361,1.41614],[103.59367,1.4161],[103.59473,1.41618],[103.59483,1.41591],[103.59484,1.41561],[103.59478,1.41539],[103.59455,1.41497],[103.59426,1.41518],[103.59386,1.41536],[103.59376,1.41546],[103.59357,1.41585],[103.59345,1.41583],[103.59301,1.41556],[103.5928,1.41563],[103.5927,1.41576],[103.59268,1.41582],[103.59276,1.41597],[103.59306,1.41633],[103.59316,1.41649],[103.59281,1.41667],[103.59278,1.41673],[103.59283,1.41685],[103.59297,1.41691],[103.59303,1.41706],[103.59302,1.41713],[103.59286,1.41733],[103.59271,1.4176],[103.59281,1.41771],[103.59316,1.41786]]]}},{"type":"Feature","properties":{"name":"Katong Park","kind":"park"},"geometry":{"type":"Polygon","coordinates":[[[103.88721,1.29735],[103.88722,1.29664],[103.88809,1.29653],[103.88805,1.29612],[103.88728,1.29613],[103.886,1.2962],[103.88577,1.29626],[103.88569,1.29631],[103.88554,1.29648],[103.88549,1.29666],[103.88553,1.29782],[103.88728,1.29778],[103.88721,1.29735]]]}},{"type":"Feature","properties":{"name":"Esplanade Park","kind":"park"},"geometry":{"type":"Polygon","coordinates":[[[103.85358,1.28889],[103.85358,1.28882],[103.85352,1.28881],[103.85354,1.28872],[103.85345,1.2887],[103.85347,1.28862],[103.85338,1.28861],[103.85339,1.28854],[103.85334,1.28853],[103.85335,1.28847],[103.85298,1.28778],[103.85298,1.28767],[103.85288,1.28753],[103.85282,1.28755],[103.8528,1.28752],[103.85258,1.28774],[103.8525,1.28789],[103.8527,1.28817],[103.85287,1.28867],[103.85286,1.28876],[103.85383,1.29082],[103.85417,1.29149],[103.85428,1.29177],[103.85437,1.29185],[103.85478,1.29141],[103.85458,1.29087],[103.85417,1.28897],[103.85405,1.28898],[103.85358,1.28889]]]}},{"type":"Feature","properties":{"name":"","kind":"park"},"geometry":{"type":"Polygon","coordinates":[[[103.61153,1.43797],[103.61191,1.43767],[103.61167,1.43729],[103.61116,1.437],[103.61087,1.43651],[103.61053,1.43639],[103.6094,1.4371],[103.61066,1.4388],[103.61153,1.43797]]]}},{"type":"Feature","properties":{"name":"","kind":"park"},"geometry":{"type":"Polygon","coordinates":[[[103.62227,1.44582],[103.62255,1.44575],[103.62278,1.44547],[103.62227,1.44433],[103.622,1.44412],[103.62149,1.44442],[103.62116,1.44402],[103.62028,1.44464],[103.62011,1.44493],[103.62033,1.44534],[103.62067,1.44557],[103.62143,1.44553],[103.62227,1.44582]]]}},{"type":"Feature","properties":{"name":"Ang Mo Kio Town Garden East","kind":"park"},"geometry":{"type":"Polygon","coordinates":[[[103.84914,1.37239],[103.84919,1.37204],[103.84925,1.37205],[103.84931,1.37165],[103.84995,1.37172],[103.84993,1.37179],[103.85002,1.37181],[103.85045,1.3718],[103.85045,1.37189],[103.85075,1.37189],[103.85076,1.3718],[103.85095,1.37175],[103.8513,1.37176],[103.85137,1.37191],[103.85147,1.3719],[103.85129,1.37147],[103.85154,1.3711],[103.85177,1.37055],[103.85193,1.37003],[103.85149,1.36995],[103.85149,1.36983],[103.85145,1.36981],[103.85131,1.37007],[103.85113,1.37006],[103.85093,1.37],[103.85063,1.36986],[103.85061,1.36992],[103.85076,1.37005],[103.85081,1.37024],[103.8508,1.3704],[103.85056,1.37059],[103.85026,1.37095],[103.84983,1.37126],[103.84954,1.37153],[103.84934,1.37158],[103.84928,1.37112],[103.84896,1.37157],[103.84877,1.37208],[103.84873,1.37235],[103.84914,1.37239]]]}},{"type":"Feature","properties":{"name":"Kebun Raya Batam","kind":"park"},"geometry":{"type":"Polygon","coordinates":[[[104.08248,1.17033],[104.0827,1.1696],[104.08162,1.16889],[104.08044,1.17036],[104.08166,1.17127],[104.08248,1.17033]]]}},{"type":"Feature","properties":{"name":"","kind":"beach"},"geometry":{"type":"Polygon","coordinates":[[[103.9052,1.29761],[103.90695,1.29811],[103.90738,1.29809],[103.90986,1.29888],[103.91033,1.29895],[103.91063,1.29906],[103.91065,1.2991],[103.91071,1.29913],[103.91076,1.29911],[103.91113,1.29921],[103.91155,1.29939],[103.91214,1.29973],[103.91227,1.2997],[103.91246,1.29949],[103.91249,1.29941],[103.91264,1.2995],[103.91261,1.29964],[103.91266,1.29985],[103.91294,1.30007],[103.91378,1.30043],[103.91384,1.30051],[103.9144,1.3008],[103.91467,1.30083],[103.91483,1.30082],[103.91495,1.30074],[103.91506,1.30059],[103.91518,1.30066],[103.91521,1.30083],[103.91532,1.30101],[103.91555,1.30113],[103.9163,1.30145],[103.91687,1.30181],[103.91732,1.30179],[103.91749,1.3017],[103.9181,1.30183],[103.91924,1.30194],[103.91947,1.3021],[103.91954,1.30177],[103.91903,1.30177],[103.91786,1.30168],[103.91781,1.30166],[103.91778,1.30161],[103.91752,1.30148],[103.91749,1.30154],[103.9174,1.30157],[103.91716,1.30157],[103.91656,1.30138],[103.91585,1.3011],[103.91557,1.30097],[103.91533,1.3008],[103.9153,1.30069],[103.91494,1.30051],[103.91489,1.30056],[103.91481,1.30059],[103.91452,1.30055],[103.91387,1.30034],[103.91313,1.30003],[103.91288,1.29986],[103.91279,1.29977],[103.91273,1.29966],[103.91274,1.29955],[103.91242,1.29937],[103.91236,1.29944],[103.91221,1.29944],[103.91102,1.299],[103.90618,1.29767],[103.90571,1.29749],[103.9046,1.29702],[103.90452,1.29732],[103.9052,1.29761]]]}},{"type":"Feature","properties":{"name":"Jurong Lake Gardens","kind":"park"},"geometry":{"type":"Polygon","coordinates":[[[103.72881,1.33444],[103.72907,1.33435],[103.72922,1.33434],[103.72932,1.33426],[103.72944,1.33426],[103.72949,1.33419],[103.72945,1.33397],[103.72941,1.33391],[103.72933,1.3339],[103.72921,1.33379],[103.72898,1.33338],[103.72896,1.33328],[103.72875,1.33314],[103.72879,1.33347],[103.72886,1.33369],[103.72884,1.33392],[103.72886,1.3341],[103.7288,1.33422],[103.72878,1.33441],[103.72881,1.33444]]]}},{"type":"Feature","properties":{"name":"Jurong Lake Gardens","kind":"park"},"geometry":{"type":"Polygon","coordinates":[[[103.72157,1.34202],[103.72153,1.34233],[103.72153,1.34248],[103.72193,1.34244],[103.72201,1.34242],[103.72217,1.34231],[103.72219,1.34218],[103.72252,1.34188],[103.72256,1.34164],[103.72267,1.34159],[103.72282,1.3414],[103.72298,1.34137],[103.72347,1.34117],[103.72355,1.34117],[103.72387,1.34132],[103.72411,1.34134],[103.72439,1.34143],[103.72479,1.34149],[103.725,1.34143],[103.725,1.34154],[103.72504,1.34153],[103.72504,1.34156],[103.7253,1.34146],[103.72535,1.34153],[103.72539,1.34151],[103.72528,1.34133],[103.72586,1.34067],[103.72581,1.34058],[103.72587,1.34044],[103.72611,1.3402],[103.72621,1.34015],[103.726,1.34024],[103.72586,1.34045],[103.72576,1.34063],[103.72576,1.3407],[103.72545,1.34112],[103.72539,1.34116],[103.72525,1.34129],[103.72499,1.34139],[103.72474,1.34143],[103.72425,1.34134],[103.7236,1.34113],[103.72331,1.34113],[103.72293,1.34128],[103.7226,1.34149],[103.72225,1.34193],[103.72207,1.34233],[103.72197,1.34238],[103.72192,1.34244],[103.72153,1.34247],[103.72157,1.34202]]]}},{"type":"Feature","properties":{"name":"Jurong Lake Gardens","kind":"park"},"geometry":{"type":"Polygon","coordinates":[[[103.72833,1.33963],[103.7285,1.33995],[103.72863,1.34012],[103.72886,1.34032],[103.72905,1.34041],[103.73018,1.34065],[103.73055,1.34067],[103.73106,1.33978],[103.73191,1.33936],[103.73183,1.33854],[103.73271,1.3375],[103.73287,1.33716],[103.73316,1.33701],[103.73321,1.33657],[103.73306,1.33648],[103.73213,1.33698],[103.73194,1.33716],[103.73223,1.33699],[103.73226,1.33703],[103.73232,1.33703],[103.7324,1.33691],[103.73257,1.33678],[103.73262,1.33678],[103.73263,1.33685],[103.73268,1.33685],[103.73269,1.33676],[103.73285,1.33661],[103.73297,1.33655],[103.73312,1.33655],[103.7331,1.33689],[103.73305,1.33703],[103.73294,1.33711],[103.73283,1.33713],[103.73282,1.33719],[103.73277,1.33722],[103.73272,1.33722],[103.73271,1.33728],[103.73276,1.33732],[103.73257,1.3376],[103.73243,1.33777],[103.73233,1.33782],[103.73231,1.33791],[103.73215,1.33811],[103.7321,1.33809],[103.73205,1.3381],[103.73204,1.33816],[103.73211,1.33816],[103.73207,1.33824],[103.73177,1.33854],[103.73185,1.33911],[103.73179,1.33933],[103.73157,1.33952],[103.73142,1.33959],[103.73133,1.33959],[103.73125,1.33966],[103.7311,1.33968],[103.73101,1.33975],[103.73077,1.34008],[103.73062,1.34041],[103.73046,1.34065],[103.72979,1.34054],[103.72962,1.34039],[103.72935,1.34034],[103.729,1.34032],[103.72869,1.3401],[103.72854,1.33995],[103.72849,1.33982],[103.72833,1.33963]]]}},{"type":"Feature","properties":{"name":"MacRitchie Reservoir Park","kind":"park"},"geometry":{"type":"Polygon","coordinates":[[[103.83045,1.34095],[103.83059,1.34103],[103.83115,1.34098],[103.83128,1.34103],[103.83121,1.34123],[103.83113,1.34136],[103.83125,1.34146],[103.83129,1.34162],[103.831,1.34182],[103.83094,1.34175],[103.83086,1.34179],[103.83086,1.34193],[103.83074,1.342],[103.83067,1.34211],[103.8307,1.34223],[103.83064,1.34237],[103.83051,1.34253],[103.83047,1.34264],[103.83048,1.34274],[103.83015,1.34275],[103.82969,1.34284],[103.82959,1.34281],[103.82952,1.34274],[103.82952,1.34269],[103.82941,1.34262],[103.82945,1.34269],[103.82941,1.34276],[103.82945,1.34291],[103.8295,1.3429],[103.82981,1.34299],[103.82996,1.34294],[103.83003,1.34296],[103.83055,1.34294],[103.83069,1.34287],[103.83103,1.34285],[103.83124,1.3428],[103.83136,1.34264],[103.83145,1.34218],[103.83146,1.34191],[103.83136,1.34138],[103.83138,1.34126],[103.83161,1.34126],[103.83167,1.34121],[103.83182,1.34125],[103.83211,1.34141],[103.83215,1.34147],[103.83215,1.34176],[103.83224,1.3421],[103.83251,1.34217],[103.83253,1.34214],[103.83249,1.34202],[103.83247,1.34172],[103.83249,1.34153],[103.83258,1.34124],[103.83278,1.3409],[103.83302,1.34069],[103.83274,1.34068],[103.83261,1.34061],[103.8321,1.34062],[103.83102,1.34073],[103.83039,1.34082],[103.83045,1.34095]]]}},{"type":"Feature","properties":{"name":"JDT II Training Facility","kind":"pitch"},"geometry":{"type":"Polygon","coordinates":[[[103.89336,1.46635],[103.89241,1.46427],[103.89132,1.46477],[103.89228,1.46685],[103.89336,1.46635]]]}},{"type":"Feature","properties":{"name":"","kind":"park"},"geometry":{"type":"Polygon","coordinates":[[[103.6201,1.41861],[103.61991,1.41819],[103.61972,1.41798],[103.61934,1.4178],[103.61914,1.41774],[103.619,1.41777],[103.61873,1.41813],[103.61853,1.41833],[103.61796,1.41874],[103.61804,1.41885],[103.61789,1.41896],[103.61785,1.41892],[103.61765,1.41909],[103.61758,1.41901],[103.61698,1.41936],[103.61689,1.41945],[103.61648,1.42013],[103.61609,1.4205],[103.61557,1.42106],[103.61542,1.42111],[103.61486,1.42094],[103.61446,1.42088],[103.61443,1.42116],[103.61477,1.42121],[103.61486,1.42129],[103.6152,1.42176],[103.61538,1.42193],[103.61563,1.422],[103.61576,1.42197],[103.61589,1.4219],[103.61555,1.42144],[103.61552,1.42146],[103.61545,1.42136],[103.61592,1.421],[103.61584,1.42089],[103.61594,1.42081],[103.61596,1.42085],[103.61633,1.42058],[103.61624,1.42047],[103.61634,1.42039],[103.61643,1.4205],[103.61681,1.42021],[103.61677,1.42016],[103.61674,1.42019],[103.61666,1.42008],[103.61723,1.41964],[103.61785,1.42051],[103.6179,1.42052],[103.61818,1.42035],[103.61817,1.42026],[103.61754,1.41943],[103.61803,1.41908],[103.61797,1.41899],[103.61805,1.41893],[103.61813,1.41903],[103.61849,1.41877],[103.6184,1.41866],[103.6185,1.41859],[103.61858,1.41869],[103.61892,1.41842],[103.61886,1.41832],[103.61896,1.41825],[103.61903,1.41836],[103.61942,1.41806],[103.61932,1.41792],[103.61936,1.41789],[103.61997,1.41868],[103.62002,1.41869],[103.6201,1.41861]]]}},{"type":"Feature","properties":{"name":"","kind":"park"},"geometry":{"type":"Polygon","coordinates":[[[103.64975,1.47603],[103.6514,1.47684],[103.65246,1.47743],[103.65241,1.47706],[103.65227,1.47672],[103.65192,1.47632],[103.65174,1.47607],[103.65116,1.47487],[103.64983,1.4759],[103.64975,1.47603]]]}},{"type":"Feature","properties":{"name":"Tanjong Beach","kind":"beach"},"geometry":{"type":"Polygon","coordinates":[[[103.82683,1.24253],[103.82688,1.24304],[103.82696,1.24323],[103.82716,1.24336],[103.82761,1.24344],[103.8278,1.24353],[103.82804,1.24356],[103.82771,1.2432],[103.82794,1.24302],[103.8284,1.24294],[103.82867,1.24283],[103.82982,1.24188],[103.83006,1.24161],[103.83046,1.2413],[103.83064,1.24105],[103.83075,1.24058],[103.83082,1.24044],[103.83112,1.24043],[103.83052,1.24005],[103.83046,1.23988],[103.83032,1.23994],[103.83041,1.24012],[103.83044,1.24039],[103.8304,1.24058],[103.83029,1.24082],[103.83015,1.24102],[103.83,1.24115],[103.82965,1.24131],[103.82915,1.24133],[103.82906,1.24137],[103.82903,1.24142],[103.82903,1.24177],[103.82884,1.24228],[103.82854,1.2426],[103.82825,1.24277],[103.82794,1.24285],[103.82776,1.24285],[103.82746,1.24274],[103.82729,1.24256],[103.82725,1.24241],[103.8271,1.24226],[103.82683,1.24253]]]}},{"type":"Feature","properties":{"name":"Dataran Mahkota","kind":"park"},"geometry":{"type":"Polygon","coordinates":[[[103.6509,1.42265],[103.65097,1.42295],[103.65114,1.42321],[103.65138,1.42341],[103.65167,1.4235],[103.65199,1.4235],[103.65226,1.4234],[103.65248,1.42322],[103.65264,1.42298],[103.65272,1.4227],[103.6527,1.42241],[103.6526,1.42214],[103.65241,1.42192],[103.65216,1.42176],[103.65188,1.4217],[103.65159,1.42172],[103.65131,1.42185],[103.65108,1.42206],[103.65094,1.42234],[103.6509,1.42265]]]}},{"type":"Feature","properties":{"name":"Tiong Bahru Park","kind":"park"},"geometry":{"type":"Polygon","coordinates":[[[103.82522,1.287],[103.82514,1.28686],[103.82493,1.28674],[103.82474,1.28673],[103.82439,1.28685],[103.82275,1.28821],[103.82271,1.28827],[103.82274,1.28849],[103.82329,1.28835],[103.82332,1.28844],[103.82384,1.28828],[103.82374,1.288],[103.82493,1.28804],[103.82493,1.28847],[103.8252,1.28848],[103.8252,1.28861],[103.8254,1.28861],[103.82545,1.28855],[103.82522,1.287]]]}},{"type":"Feature","properties":{"name":"","kind":"park"},"geometry":{"type":"Polygon","coordinates":[[[103.59145,1.33605],[103.59163,1.3364],[103.59185,1.33663],[103.59208,1.33666],[103.59234,1.33655],[103.59256,1.33651],[103.59273,1.33632],[103.59283,1.33611],[103.5928,1.33585],[103.59307,1.33568],[103.59288,1.33498],[103.5926,1.33479],[103.59186,1.33446],[103.59178,1.33502],[103.59134,1.33551],[103.59127,1.3357],[103.59125,1.33584],[103.59145,1.33605]]]}},{"type":"Feature","properties":{"name":"","kind":"beach"},"geometry":{"type":"Polygon","coordinates":[[[103.92985,1.40482],[103.92583,1.40859],[103.92534,1.40918],[103.9243,1.41008],[103.92427,1.41021],[103.92411,1.41033],[103.92393,1.41051],[103.92372,1.41067],[103.92362,1.41071],[103.92365,1.41078],[103.9236,1.41092],[103.92334,1.41118],[103.92252,1.41183],[103.92182,1.41231],[103.92158,1.41244],[103.92113,1.41258],[103.92092,1.4127],[103.91968,1.41357],[103.91928,1.41392],[103.91804,1.41527],[103.91751,1.41565],[103.9175,1.41574],[103.91755,1.41576],[103.91756,1.41571],[103.91765,1.41563],[103.91798,1.41547],[103.91822,1.4153],[103.91938,1.41399],[103.91965,1.41376],[103.92043,1.41323],[103.92064,1.41307],[103.92077,1.41293],[103.92101,1.4128],[103.92165,1.41254],[103.92237,1.41208],[103.92271,1.41195],[103.92286,1.41185],[103.92334,1.41132],[103.92369,1.41105],[103.92378,1.41089],[103.92392,1.41088],[103.92403,1.41082],[103.92412,1.41073],[103.92425,1.41051],[103.92468,1.41016],[103.92491,1.40981],[103.92492,1.40973],[103.92498,1.40964],[103.9255,1.40917],[103.92633,1.40827],[103.9274,1.40732],[103.92836,1.40637],[103.92861,1.40617],[103.92986,1.40496],[103.93026,1.40463],[103.93019,1.40454],[103.92985,1.40482]]]}},{"type":"Feature","properties":{"name":"","kind":"park"},"geometry":{"type":"Polygon","coordinates":[[[103.6262,1.41177],[103.62669,1.41179],[103.62714,1.41177],[103.62719,1.41173],[103.62723,1.41145],[103.62722,1.41096],[103.62716,1.41067],[103.62706,1.41043],[103.62686,1.41017],[103.62595,1.40948],[103.62561,1.40985],[103.6262,1.41177]]]}},{"type":"Feature","properties":{"name":"Palawan Beach","kind":"beach"},"geometry":{"type":"Polygon","coordinates":[[[103.81991,1.24949],[103.81961,1.24929],[103.81942,1.24936],[103.81931,1.24963],[103.81938,1.2499],[103.81941,1.24991],[103.81957,1.25012],[103.81991,1.24988],[103.82017,1.24991],[103.82045,1.25028],[103.82062,1.25018],[103.82091,1.25008],[103.82107,1.25008],[103.82111,1.2499],[103.82124,1.24979],[103.82173,1.2495],[103.82165,1.24939],[103.82189,1.24923],[103.82196,1.24932],[103.82208,1.24932],[103.82226,1.24887],[103.82246,1.24861],[103.82282,1.24837],[103.82371,1.24791],[103.8247,1.24713],[103.82403,1.24683],[103.82401,1.24703],[103.82388,1.2474],[103.82378,1.24755],[103.82349,1.2478],[103.82327,1.24792],[103.82306,1.24796],[103.82247,1.24797],[103.82238,1.24801],[103.82203,1.24848],[103.82195,1.24849],[103.82191,1.24853],[103.8218,1.24891],[103.82154,1.24935],[103.82131,1.24957],[103.82116,1.24965],[103.82085,1.24976],[103.82058,1.24974],[103.82044,1.24969],[103.82034,1.24961],[103.82024,1.24944],[103.81991,1.24949]]]}},{"type":"Feature","properties":{"name":"","kind":"park"},"geometry":{"type":"Polygon","coordinates":[[[103.61201,1.4371],[103.61229,1.43716],[103.61274,1.43696],[103.61286,1.43639],[103.61308,1.4356],[103.61247,1.43522],[103.61232,1.43544],[103.61132,1.43596],[103.61113,1.4362],[103.6112,1.43644],[103.61201,1.4371]]]}},{"type":"Feature","properties":{"name":"","kind":"park"},"geometry":{"type":"Polygon","coordinates":[[[103.62034,1.44642],[103.61937,1.44651],[103.61923,1.44589],[103.61991,1.44571],[103.62001,1.44545],[103.61978,1.44504],[103.61766,1.4465],[103.61774,1.44672],[103.62037,1.44697],[103.62034,1.44642]]]}},{"type":"Feature","properties":{"name":"Padang","kind":"pitch"},"geometry":{"type":"Polygon","coordinates":[[[103.85335,1.29167],[103.85353,1.29199],[103.85415,1.29165],[103.85282,1.28919],[103.85281,1.28928],[103.85249,1.2898],[103.85239,1.28989],[103.85254,1.29014],[103.85267,1.29074],[103.85261,1.29102],[103.85303,1.29185],[103.85335,1.29167]]]}},{"type":"Feature","properties":{"name":"Singapore Equine Quarantine Area","kind":"pitch"},"geometry":{"type":"Polygon","coordinates":[[[103.73219,1.43874],[103.72906,1.43779],[103.72887,1.43844],[103.73199,1.4394],[103.73219,1.43874]]]}},{"type":"Feature","properties":{"name":"","kind":"park"},"geometry":{"type":"Polygon","coordinates":[[[103.59015,1.46689],[103.59007,1.46681],[103.59024,1.46666],[103.5903,1.46653],[103.59083,1.46601],[103.59035,1.4655],[103.59004,1.46545],[103.58938,1.46562],[103.58914,1.46578],[103.58905,1.46612],[103.58911,1.46667],[103.58943,1.46755],[103.58954,1.46748],[103.59015,1.46689]]]}},{"type":"Feature","properties":{"name":"Dataran Iskandar Puteri","kind":"pitch"},"geometry":{"type":"Polygon","coordinates":[[[103.61778,1.43375],[103.61578,1.43411],[103.61597,1.43516],[103.61797,1.43479],[103.61778,1.43375]]]}},{"type":"Feature","properties":{"name":"Bukit Gombak Park","kind":"park"},"geometry":{"type":"Polygon","coordinates":[[[103.75066,1.36758],[103.75135,1.36787],[103.75231,1.36791],[103.75231,1.36779],[103.75241,1.36743],[103.7525,1.36726],[103.75268,1.36703],[103.75271,1.36671],[103.75135,1.36643],[103.75109,1.36696],[103.75066,1.36758]]]}},{"type":"Feature","properties":{"name":"","kind":"park"},"geometry":{"type":"Polygon","coordinates":[[[103.73709,1.34505],[103.73728,1.34535],[103.73738,1.34539],[103.73749,1.3454],[103.73829,1.3451],[103.73893,1.34493],[103.73967,1.34483],[103.741,1.3448],[103.74173,1.34474],[103.7427,1.34454],[103.74245,1.34424],[103.74227,1.34436],[103.74187,1.34449],[103.74137,1.34461],[103.7411,1.34458],[103.74096,1.34463],[103.73946,1.34475],[103.7387,1.34468],[103.73858,1.34473],[103.73809,1.3447],[103.73797,1.34467],[103.73754,1.34478],[103.73733,1.34477],[103.73747,1.3446],[103.73748,1.34452],[103.73739,1.34445],[103.73734,1.34434],[103.73744,1.3442],[103.73763,1.34421],[103.73763,1.344],[103.73791,1.34392],[103.73737,1.34392],[103.73715,1.3441],[103.73691,1.34411],[103.73682,1.34406],[103.73668,1.34423],[103.73709,1.34505]]]}},{"type":"Feature","properties":{"name":"Bukit Batok Central (neighbourhood) Park","kind":"park"},"geometry":{"type":"Polygon","coordinates":[[[103.74781,1.34956],[103.74792,1.34925],[103.74775,1.34911],[103.74696,1.34912],[103.7468,1.34897],[103.74679,1.34863],[103.74672,1.34855],[103.74661,1.34849],[103.74659,1.3483],[103.74644,1.34829],[103.74629,1.34814],[103.74629,1.34782],[103.74625,1.34777],[103.74618,1.34781],[103.7461,1.3478],[103.74605,1.34775],[103.74604,1.34769],[103.74567,1.34769],[103.74567,1.3474],[103.7457,1.3474],[103.74557,1.34708],[103.74502,1.34751],[103.74506,1.34759],[103.74482,1.348],[103.74523,1.34797],[103.74542,1.34816],[103.74554,1.34824],[103.74613,1.34825],[103.74617,1.34833],[103.74617,1.34856],[103.74583,1.34856],[103.74583,1.34874],[103.74627,1.34874],[103.7465,1.34897],[103.7465,1.34902],[103.74673,1.34902],[103.74677,1.3491],[103.74676,1.34954],[103.74689,1.34967],[103.74688,1.34974],[103.74704,1.34974],[103.74704,1.3498],[103.74778,1.3498],[103.74781,1.34956]]]}},{"type":"Feature","properties":{"name":"Taman Jurong Greens","kind":"park"},"geometry":{"type":"Polygon","coordinates":[[[103.71864,1.33796],[103.71871,1.33791],[103.71931,1.33695],[103.71943,1.3367],[103.71943,1.33619],[103.71954,1.33585],[103.71915,1.33556],[103.71787,1.33724],[103.7179,1.33747],[103.71856,1.33793],[103.71864,1.33796]]]}},{"type":"Feature","properties":{"name":"Bukit Batok Neighbourhood Park","kind":"park"},"geometry":{"type":"Polygon","coordinates":[[[103.75098,1.34783],[103.75139,1.34796],[103.75201,1.34835],[103.75218,1.34817],[103.75221,1.34806],[103.7522,1.34789],[103.75214,1.34755],[103.75183,1.34715],[103.75178,1.34698],[103.75175,1.34671],[103.75166,1.3466],[103.75103,1.34657],[103.75077,1.34668],[103.7506,1.34688],[103.75052,1.34707],[103.75054,1.34777],[103.75098,1.34783]]]}},{"type":"Feature","properties":{"name":"one-north Park Fusionopolis South","kind":"park"},"geometry":{"type":"Polygon","coordinates":[[[103.79094,1.29994],[103.79114,1.29965],[103.79142,1.29943],[103.79153,1.29939],[103.79072,1.29838],[103.79061,1.29837],[103.79024,1.29878],[103.7901,1.29902],[103.78996,1.29935],[103.78993,1.29964],[103.78994,1.2999],[103.79002,1.30027],[103.79015,1.30037],[103.79049,1.30039],[103.79073,1.30034],[103.79084,1.30029],[103.79094,1.29994]]]}},{"type":"Feature","properties":{"name":"Sutera Park","kind":"park"},"geometry":{"type":"Polygon","coordinates":[[[103.68931,1.48095],[103.68973,1.48001],[103.68925,1.47983],[103.68795,1.48018],[103.68768,1.48036],[103.68867,1.48148],[103.68931,1.48095]]]}},{"type":"Feature","properties":{"name":"Danga Bay Park","kind":"park"},"geometry":{"type":"Polygon","coordinates":[[[103.72292,1.47742],[103.72279,1.47809],[103.72242,1.47847],[103.72263,1.47861],[103.72338,1.47886],[103.72356,1.47879],[103.72376,1.47789],[103.72359,1.47768],[103.72365,1.47733],[103.72377,1.47735],[103.72398,1.4764],[103.7235,1.4763],[103.72339,1.47682],[103.72292,1.47742]]]}},{"type":"Feature","properties":{"name":"Nongsa Beach","kind":"beach"},"geometry":{"type":"Polygon","coordinates":[[[104.08315,1.1947],[104.08332,1.19488],[104.08359,1.1951],[104.08368,1.19513],[104.0841,1.19507],[104.08542,1.19562],[104.08624,1.19579],[104.08695,1.19587],[104.08757,1.19579],[104.08795,1.1957],[104.08919,1.19533],[104.09125,1.19459],[104.09217,1.19433],[104.09299,1.19414],[104.09389,1.19409],[104.09406,1.19404],[104.09514,1.19359],[104.09512,1.19354],[104.09495,1.19349],[104.09394,1.19389],[104.09298,1.19394],[104.09199,1.19422],[104.08792,1.19555],[104.08697,1.19577],[104.08619,1.19567],[104.08414,1.19501],[104.08392,1.19507],[104.08359,1.19506],[104.08336,1.19471],[104.08316,1.1946],[104.08279,1.19471],[104.08315,1.1947]]]}},{"type":"Feature","properties":{"name":"Mount Emily Park","kind":"park"},"geometry":{"type":"Polygon","coordinates":[[[103.84814,1.30346],[103.84704,1.30413],[103.84725,1.30451],[103.84754,1.30561],[103.84826,1.30513],[103.84818,1.30499],[103.84847,1.30482],[103.84842,1.30388],[103.84814,1.30346]]]}},{"type":"Feature","properties":{"name":"Bishan Active Park","kind":"park"},"geometry":{"type":"Polygon","coordinates":[[[103.84706,1.35751],[103.84718,1.35752],[103.84731,1.35746],[103.8478,1.35702],[103.84785,1.35695],[103.84787,1.35683],[103.84749,1.35617],[103.84734,1.35597],[103.8471,1.35576],[103.84665,1.35551],[103.8466,1.35552],[103.84656,1.35559],[103.84648,1.35634],[103.84632,1.3566],[103.84632,1.35667],[103.84697,1.35744],[103.84706,1.35751]]]}},{"type":"Feature","properties":{"name":"","kind":"park"},"geometry":{"type":"Polygon","coordinates":[[[103.89965,1.29904],[103.90022,1.29938],[103.90065,1.29872],[103.90144,1.29905],[103.90158,1.29882],[103.90029,1.29833],[103.89871,1.29784],[103.89841,1.29793],[103.89831,1.2981],[103.89963,1.29896],[103.89965,1.29904]]]}},{"type":"Feature","properties":{"name":"Bukit Purmei Hillock Park","kind":"park"},"geometry":{"type":"Polygon","coordinates":[[[103.82352,1.2745],[103.82475,1.27421],[103.82472,1.27327],[103.82437,1.27329],[103.8239,1.27276],[103.82342,1.27347],[103.82326,1.27384],[103.82317,1.27419],[103.82317,1.27448],[103.82326,1.27453],[103.82352,1.2745]]]}},{"type":"Feature","properties":{"name":"","kind":"park"},"geometry":{"type":"Polygon","coordinates":[[[103.648,1.46745],[103.64835,1.46739],[103.64821,1.46643],[103.64758,1.46654],[103.6464,1.46751],[103.64695,1.46825],[103.648,1.46745]]]}},{"type":"Feature","properties":{"name":"","kind":"park"},"geometry":{"type":"Polygon","coordinates":[[[103.90308,1.46038],[103.90241,1.46036],[103.90199,1.46066],[103.90219,1.462],[103.90375,1.46133],[103.90308,1.46038]]]}},{"type":"Feature","properties":{"name":"Chestnut Nature Park","kind":"park"},"geometry":{"type":"Polygon","coordinates":[[[103.77814,1.37346],[103.77826,1.37397],[103.77867,1.37429],[103.77883,1.37457],[103.77886,1.37506],[103.7785,1.37543],[103.77874,1.37533],[103.77907,1.37507],[103.77925,1.37482],[103.77939,1.37448],[103.77941,1.37432],[103.77939,1.37412],[103.77927,1.37383],[103.77913,1.37366],[103.77853,1.37318],[103.77836,1.37289],[103.7783,1.37265],[103.77846,1.37194],[103.77842,1.37194],[103.77826,1.37274],[103.77814,1.37346]]]}},{"type":"Feature","properties":{"name":"N4 Teck Ghee Park","kind":"park"},"geometry":{"type":"Polygon","coordinates":[[[103.8601,1.36653],[103.85976,1.36654],[103.85975,1.36674],[103.8596,1.36679],[103.85952,1.36688],[103.85952,1.36717],[103.85922,1.36717],[103.85922,1.36728],[103.85898,1.36728],[103.85879,1.36746],[103.85856,1.36779],[103.85857,1.36785],[103.85873,1.36794],[103.85879,1.36807],[103.86032,1.3681],[103.86034,1.36737],[103.8601,1.36653]]]}},{"type":"Feature","properties":{"name":"","kind":"park"},"geometry":{"type":"Polygon","coordinates":[[[103.77622,1.29145],[103.77581,1.29148],[103.77519,1.29173],[103.77517,1.29169],[103.77452,1.29196],[103.77447,1.29201],[103.77433,1.29205],[103.77418,1.29202],[103.77406,1.29192],[103.77394,1.29169],[103.77385,1.29173],[103.77395,1.29196],[103.7741,1.29215],[103.77454,1.29232],[103.77452,1.29246],[103.77463,1.2927],[103.77489,1.29301],[103.77478,1.29336],[103.77552,1.29309],[103.77548,1.29299],[103.77528,1.29291],[103.77529,1.29283],[103.77522,1.29281],[103.77542,1.29223],[103.77558,1.29216],[103.7756,1.29221],[103.77624,1.29202],[103.77635,1.29178],[103.77622,1.29145]]]}},{"type":"Feature","properties":{"name":"","kind":"park"},"geometry":{"type":"Polygon","coordinates":[[[103.65325,1.4708],[103.65321,1.47064],[103.65154,1.47095],[103.65152,1.47078],[103.64977,1.47108],[103.64981,1.47161],[103.65004,1.47197],[103.65203,1.47112],[103.65325,1.4708]]]}},{"type":"Feature","properties":{"name":"","kind":"park"},"geometry":{"type":"Polygon","coordinates":[[[103.64975,1.47603],[103.64983,1.4759],[103.65116,1.47487],[103.65008,1.4725],[103.6495,1.47159],[103.6494,1.47154],[103.64791,1.47262],[103.64864,1.47361],[103.64878,1.47351],[103.64814,1.47268],[103.64929,1.47179],[103.64941,1.47178],[103.65003,1.47259],[103.65004,1.47266],[103.64998,1.47271],[103.6503,1.47316],[103.65018,1.47326],[103.65045,1.47365],[103.65032,1.47375],[103.65094,1.47459],[103.64935,1.47582],[103.64975,1.47603]]]}},{"type":"Feature","properties":{"name":"Civil Service Club @ Bukit Batok","kind":"recreation_ground"},"geometry":{"type":"Polygon","coordinates":[[[103.74865,1.35256],[103.74859,1.35265],[103.74853,1.35316],[103.74844,1.35341],[103.74863,1.35349],[103.7488,1.35351],[103.74909,1.35339],[103.7497,1.35328],[103.75021,1.35323],[103.75029,1.35313],[103.75025,1.35276],[103.75013,1.35235],[103.75,1.35218],[103.74988,1.3521],[103.74938,1.35239],[103.74865,1.35256]]]}},{"type":"Feature","properties":{"name":"Edible Park","kind":"park"},"geometry":{"type":"Polygon","coordinates":[[[103.62599,1.41281],[103.6267,1.41284],[103.6269,1.41238],[103.62678,1.41225],[103.62599,1.41217],[103.62538,1.41195],[103.6252,1.41191],[103.62508,1.41195],[103.62459,1.41253],[103.6255,1.41325],[103.62584,1.4129],[103.62599,1.41281]]]}},{"type":"Feature","properties":{"name":"","kind":"park"},"geometry":{"type":"Polygon","coordinates":[[[103.6615,1.47498],[103.66118,1.47584],[103.66069,1.47568],[103.66021,1.47558],[103.66008,1.47608],[103.66093,1.47628],[103.66096,1.47631],[103.66046,1.47763],[103.66014,1.47839],[103.66027,1.47846],[103.66049,1.47801],[103.66089,1.47697],[103.66116,1.47636],[103.66194,1.47682],[103.66222,1.4764],[103.66134,1.4759],[103.66169,1.47506],[103.6615,1.47498]]]}},{"type":"Feature","properties":{"name":"Bedok South Neighbourhood Park (west)","kind":"park"},"geometry":{"type":"Polygon","coordinates":[[[103.93535,1.32229],[103.93557,1.32233],[103.93562,1.32208],[103.9359,1.32213],[103.93586,1.32235],[103.93593,1.32236],[103.9361,1.32152],[103.93585,1.32147],[103.9359,1.32122],[103.93539,1.32112],[103.93541,1.32101],[103.93493,1.32091],[103.93484,1.32139],[103.93432,1.32129],[103.93425,1.32166],[103.93443,1.3217],[103.93439,1.32189],[103.93456,1.32214],[103.93463,1.32216],[103.93466,1.32202],[103.93537,1.32216],[103.93535,1.32229]]]}},{"type":"Feature","properties":{"name":"","kind":"park"},"geometry":{"type":"Polygon","coordinates":[[[103.65344,1.41676],[103.65316,1.41722],[103.65292,1.4179],[103.65342,1.41802],[103.6538,1.41765],[103.65417,1.41707],[103.65438,1.41658],[103.6545,1.41611],[103.65402,1.41587],[103.65369,1.41645],[103.65344,1.41676]]]}},{"type":"Feature","properties":{"name":"Teban Neighbourhood Park","kind":"park"},"geometry":{"type":"Polygon","coordinates":[[[103.74096,1.31965],[103.74056,1.31974],[103.74072,1.32047],[103.73994,1.32064],[103.74015,1.32163],[103.74133,1.32137],[103.74096,1.31965]]]}},{"type":"Feature","properties":{"name":"","kind":"park"},"geometry":{"type":"Polygon","coordinates":[[[103.65741,1.46988],[103.65604,1.47009],[103.65621,1.47117],[103.65758,1.47096],[103.65741,1.46988]]]}},{"type":"Feature","properties":{"name":"Alexandra Canal Linear Park","kind":"park"},"geometry":{"type":"Polygon","coordinates":[[[103.8128,1.29463],[103.81279,1.29457],[103.81327,1.2945],[103.81355,1.29441],[103.81391,1.29418],[103.81405,1.29432],[103.81452,1.29374],[103.81545,1.29287],[103.81552,1.29284],[103.81579,1.29283],[103.81574,1.2926],[103.81545,1.29258],[103.81524,1.29268],[103.81418,1.29369],[103.81417,1.29366],[103.81355,1.2942],[103.81344,1.29426],[103.81068,1.2947],[103.81072,1.29495],[103.8128,1.29463]]]}},{"type":"Feature","properties":{"name":"Pasir Ris Park","kind":"park"},"geometry":{"type":"Polygon","coordinates":[[[103.94948,1.38183],[103.94949,1.38213],[103.9496,1.3822],[103.9498,1.38274],[103.94995,1.38289],[103.95014,1.38293],[103.95017,1.38289],[103.95012,1.38286],[103.95012,1.38278],[103.95022,1.38267],[103.95036,1.38257],[103.94973,1.38103],[103.94969,1.38102],[103.94937,1.38161],[103.94948,1.38183]]]}},{"type":"Feature","properties":{"name":"Pasir Ris Park","kind":"park"},"geometry":{"type":"Polygon","coordinates":[[[103.94848,1.38329],[103.94875,1.38315],[103.94885,1.38307],[103.94905,1.38302],[103.94908,1.38306],[103.94907,1.38308],[103.94909,1.38313],[103.94913,1.38314],[103.94931,1.38298],[103.94939,1.38287],[103.94944,1.38272],[103.94944,1.38257],[103.9492,1.38192],[103.94842,1.38333],[103.94845,1.38334],[103.94848,1.38329]]]}},{"type":"Feature","properties":{"name":"","kind":"beach"},"geometry":{"type":"Polygon","coordinates":[[[103.9197,1.30215],[103.92036,1.3024],[103.92037,1.30237],[103.92048,1.3024],[103.92048,1.30243],[103.92061,1.30252],[103.92068,1.3025],[103.92096,1.30257],[103.92103,1.3027],[103.92127,1.30273],[103.92137,1.30267],[103.92153,1.30265],[103.92159,1.3028],[103.92238,1.30311],[103.92341,1.30337],[103.92383,1.30329],[103.92463,1.30371],[103.9248,1.30369],[103.92491,1.30375],[103.92594,1.30384],[103.92672,1.30401],[103.92704,1.30391],[103.92744,1.30406],[103.9278,1.3041],[103.92805,1.30402],[103.92812,1.30403],[103.92831,1.30423],[103.92831,1.30425],[103.92861,1.30435],[103.92866,1.30447],[103.92874,1.3045],[103.92881,1.30439],[103.92893,1.3044],[103.92924,1.30452],[103.92929,1.3045],[103.92934,1.30456],[103.92936,1.30446],[103.92854,1.30416],[103.92829,1.30404],[103.92816,1.30392],[103.92814,1.3038],[103.92809,1.30379],[103.92806,1.30387],[103.92796,1.30394],[103.92781,1.30398],[103.92759,1.30397],[103.92736,1.30391],[103.92706,1.30374],[103.92707,1.30357],[103.92703,1.30356],[103.927,1.30371],[103.92687,1.30379],[103.92664,1.3038],[103.92642,1.30376],[103.92616,1.30366],[103.92602,1.30354],[103.92602,1.30334],[103.92598,1.30333],[103.92594,1.3035],[103.92583,1.3036],[103.92564,1.30364],[103.9254,1.30363],[103.92441,1.30343],[103.92405,1.30331],[103.92391,1.30318],[103.92386,1.30306],[103.92387,1.30301],[103.92383,1.303],[103.92381,1.30307],[103.92371,1.30318],[103.92346,1.3032],[103.92249,1.30301],[103.92171,1.30274],[103.92167,1.30267],[103.92168,1.30259],[103.92148,1.30253],[103.92145,1.30258],[103.9214,1.30259],[103.92117,1.30255],[103.92076,1.30244],[103.92032,1.30227],[103.91972,1.30209],[103.9197,1.30215]]]}},{"type":"Feature","properties":{"name":"Upper Thomson Community Hub","kind":"common"},"geometry":{"type":"Polygon","coordinates":[[[103.82948,1.37588],[103.82946,1.37409],[103.82868,1.37411],[103.8286,1.37586],[103.82948,1.37588]]]}},{"type":"Feature","properties":{"name":"Lim Chu Kang Nature Park","kind":"park"},"geometry":{"type":"Polygon","coordinates":[[[103.71385,1.44893],[103.71397,1.44872],[103.71387,1.44841],[103.71371,1.44828],[103.71349,1.44778],[103.71312,1.44837],[103.712,1.44764],[103.71203,1.44805],[103.712,1.44834],[103.71276,1.44885],[103.71366,1.44907],[103.71366,1.449],[103.71385,1.44893]]]}},{"type":"Feature","properties":{"name":"","kind":"park"},"geometry":{"type":"Polygon","coordinates":[[[103.62467,1.41724],[103.62489,1.41744],[103.625,1.41781],[103.6252,1.41899],[103.62482,1.41906],[103.62512,1.41937],[103.6254,1.41899],[103.62512,1.41769],[103.62511,1.41748],[103.62567,1.41744],[103.62582,1.41628],[103.62565,1.41618],[103.6252,1.41643],[103.62452,1.41702],[103.62467,1.41724]]]}},{"type":"Feature","properties":{"name":"Dhoby Ghaut Green","kind":"park"},"geometry":{"type":"Polygon","coordinates":[[[103.84557,1.29907],[103.84682,1.29864],[103.84683,1.2986],[103.84703,1.29852],[103.84737,1.29852],[103.84737,1.29834],[103.84723,1.2983],[103.84685,1.29798],[103.84668,1.29793],[103.84651,1.29793],[103.84627,1.29798],[103.84567,1.29816],[103.84539,1.29835],[103.84511,1.29843],[103.84487,1.29841],[103.8451,1.29851],[103.84536,1.29874],[103.84557,1.29907]]]}},{"type":"Feature","properties":{"name":"","kind":"park"},"geometry":{"type":"Polygon","coordinates":[[[103.77145,1.31032],[103.77151,1.30977],[103.77132,1.30977],[103.77132,1.30974],[103.77128,1.30974],[103.77122,1.30976],[103.77122,1.30974],[103.77117,1.30974],[103.77118,1.30966],[103.77115,1.30966],[103.77115,1.30974],[103.77089,1.30969],[103.77089,1.30971],[103.77071,1.3097],[103.77072,1.30966],[103.77057,1.30966],[103.77055,1.30958],[103.77049,1.30964],[103.77016,1.30961],[103.76984,1.30949],[103.76972,1.30948],[103.76961,1.30943],[103.76939,1.30942],[103.76873,1.30928],[103.76873,1.30933],[103.7687,1.30932],[103.7689,1.30971],[103.76883,1.30974],[103.76901,1.31007],[103.76919,1.30998],[103.76982,1.31001],[103.76982,1.31007],[103.76994,1.31005],[103.77039,1.31008],[103.77088,1.31016],[103.77129,1.31027],[103.77127,1.31035],[103.77129,1.31036],[103.77131,1.31029],[103.77145,1.31032]]]}},{"type":"Feature","properties":{"name":"","kind":"pitch"},"geometry":{"type":"Polygon","coordinates":[[[103.90681,1.46854],[103.90547,1.46934],[103.90593,1.47012],[103.90728,1.46932],[103.90681,1.46854]]]}},{"type":"Feature","properties":{"name":"","kind":"park"},"geometry":{"type":"Polygon","coordinates":[[[103.62916,1.41184],[103.62921,1.41104],[103.62901,1.4101],[103.62872,1.41007],[103.62851,1.41014],[103.62836,1.41021],[103.62816,1.41043],[103.62829,1.41083],[103.62833,1.41127],[103.62829,1.41165],[103.62916,1.41184]]]}},{"type":"Feature","properties":{"name":"","kind":"pitch"},"geometry":{"type":"Polygon","coordinates":[[[103.91389,1.45537],[103.91491,1.45536],[103.9149,1.4543],[103.91342,1.45431],[103.91342,1.45499],[103.91389,1.45499],[103.91389,1.45537]]]}},{"type":"Feature","properties":{"name":"one-north Park","kind":"park"},"geometry":{"type":"Polygon","coordinates":[[[103.79114,1.30356],[103.79107,1.30148],[103.79051,1.30153],[103.79043,1.30162],[103.79049,1.30187],[103.79037,1.30236],[103.7905,1.30243],[103.7905,1.30268],[103.79045,1.30319],[103.79035,1.3037],[103.79048,1.30363],[103.79114,1.30356]]]}},{"type":"Feature","properties":{"name":"Paradiso Nuova Park","kind":"park"},"geometry":{"type":"Polygon","coordinates":[[[103.63728,1.42326],[103.63759,1.42313],[103.63795,1.42302],[103.63788,1.42229],[103.63741,1.42208],[103.63724,1.42206],[103.63705,1.42211],[103.63685,1.42221],[103.63663,1.4224],[103.63657,1.42259],[103.63676,1.42342],[103.63695,1.42347],[103.63728,1.42326]]]}},{"type":"Feature","properties":{"name":"Mahkota Park","kind":"park"},"geometry":{"type":"Polygon","coordinates":[[[103.6378,1.42489],[103.63795,1.42489],[103.63816,1.42482],[103.63829,1.42472],[103.63835,1.42463],[103.63837,1.42448],[103.63811,1.42395],[103.63737,1.42358],[103.63699,1.42382],[103.63691,1.42399],[103.63698,1.42433],[103.63717,1.42472],[103.63736,1.42499],[103.6376,1.42484],[103.6378,1.42489]]]}},{"type":"Feature","properties":{"name":"Dairy Farm Nature Park","kind":"park"},"geometry":{"type":"Polygon","coordinates":[[[103.76896,1.36269],[103.76897,1.36307],[103.76913,1.36325],[103.76916,1.36324],[103.77018,1.36222],[103.77082,1.36188],[103.77096,1.36168],[103.77082,1.36142],[103.77046,1.36141],[103.77025,1.36144],[103.76998,1.36201],[103.76905,1.36258],[103.76896,1.36269]]]}},{"type":"Feature","properties":{"name":"","kind":"park"},"geometry":{"type":"Polygon","coordinates":[[[103.6001,1.47965],[103.59928,1.48003],[103.5999,1.48138],[103.60074,1.48109],[103.6001,1.47965]]]}},{"type":"Feature","properties":{"name":"one-north Park - Mediapolis / Mediacorp","kind":"park"},"geometry":{"type":"Polygon","coordinates":[[[103.79272,1.29611],[103.79373,1.29567],[103.7934,1.29519],[103.79332,1.29517],[103.79322,1.29523],[103.79272,1.2945],[103.79284,1.29443],[103.79285,1.29432],[103.79245,1.29379],[103.79237,1.29387],[103.7927,1.29435],[103.79238,1.29459],[103.79227,1.29443],[103.79218,1.29449],[103.79205,1.29431],[103.79202,1.29444],[103.79233,1.29495],[103.79244,1.2952],[103.79272,1.29611]]]}},{"type":"Feature","properties":{"name":"","kind":"pitch"},"geometry":{"type":"Polygon","coordinates":[[[103.80981,1.30185],[103.80932,1.30134],[103.80877,1.30202],[103.80875,1.30218],[103.80869,1.30232],[103.80813,1.30293],[103.80856,1.30337],[103.8097,1.30213],[103.80981,1.30185]]]}},{"type":"Feature","properties":{"name":"Palawan Beach","kind":"beach"},"geometry":{"type":"Polygon","coordinates":[[[103.82391,1.24634],[103.82403,1.24663],[103.82403,1.24683],[103.8247,1.24713],[103.82485,1.24701],[103.82501,1.24679],[103.82515,1.24644],[103.82514,1.24633],[103.82501,1.24607],[103.82489,1.24604],[103.82484,1.24595],[103.82467,1.24582],[103.82455,1.24576],[103.82423,1.24567],[103.82408,1.24571],[103.82393,1.24579],[103.82386,1.2459],[103.82367,1.24601],[103.82391,1.24634]]]}},{"type":"Feature","properties":{"name":"Limau Dog Park","kind":"park"},"geometry":{"type":"Polygon","coordinates":[[[103.95131,1.32412],[103.951,1.32388],[103.95077,1.32383],[103.95063,1.32413],[103.95055,1.32423],[103.95012,1.32448],[103.95011,1.32445],[103.94989,1.32472],[103.94954,1.32526],[103.95001,1.32578],[103.95131,1.32412]]]}},{"type":"Feature","properties":{"name":"Alexandra Canal Linear Park","kind":"park"},"geometry":{"type":"Polygon","coordinates":[[[103.80764,1.29539],[103.81056,1.29494],[103.81056,1.29498],[103.81072,1.29495],[103.81068,1.2947],[103.80758,1.29517],[103.80562,1.29627],[103.80537,1.29613],[103.80514,1.29645],[103.80534,1.29667],[103.80764,1.29539]]]}},{"type":"Feature","properties":{"name":"Ridout Tea Garden","kind":"park"},"geometry":{"type":"Polygon","coordinates":[[[103.80253,1.30462],[103.80239,1.30337],[103.80229,1.30328],[103.80221,1.30326],[103.80163,1.30337],[103.8018,1.30503],[103.80244,1.30517],[103.80253,1.30462]]]}},{"type":"Feature","properties":{"name":"Taman Botani Iskandar","kind":"park"},"geometry":{"type":"Polygon","coordinates":[[[103.65461,1.42197],[103.65486,1.422],[103.65568,1.42161],[103.65523,1.42056],[103.65438,1.42094],[103.65429,1.42107],[103.65425,1.42122],[103.65426,1.42137],[103.65444,1.4218],[103.65461,1.42197]]]}},{"type":"Feature","properties":{"name":"","kind":"park"},"geometry":{"type":"Polygon","coordinates":[[[103.90868,1.4772],[103.90897,1.47665],[103.90893,1.47617],[103.90849,1.4762],[103.90744,1.47658],[103.90788,1.47754],[103.90868,1.4772]]]}},{"type":"Feature","properties":{"name":"Bishan East Open Space","kind":"park"},"geometry":{"type":"Polygon","coordinates":[[[103.85254,1.34388],[103.85273,1.34475],[103.85363,1.34455],[103.85392,1.34419],[103.85388,1.34416],[103.85414,1.34385],[103.85411,1.34383],[103.85425,1.34367],[103.85609,1.34375],[103.85599,1.34366],[103.85593,1.34364],[103.85477,1.34357],[103.85426,1.34349],[103.85402,1.3437],[103.8538,1.3441],[103.85368,1.34426],[103.85347,1.3444],[103.85325,1.34444],[103.85303,1.3444],[103.85283,1.34427],[103.85275,1.34419],[103.85266,1.344],[103.85255,1.34388],[103.85238,1.34376],[103.85055,1.34398],[103.85037,1.34404],[103.85008,1.34408],[103.84975,1.34409],[103.84924,1.34419],[103.84916,1.34424],[103.84889,1.34426],[103.84889,1.34423],[103.84866,1.34425],[103.84868,1.34443],[103.85098,1.34415],[103.85097,1.34407],[103.85254,1.34388]]]}},{"type":"Feature","properties":{"name":"Sentosa Sensoryscape","kind":"park"},"geometry":{"type":"Polygon","coordinates":[[[103.81796,1.25222],[103.81812,1.25239],[103.8181,1.25261],[103.81816,1.2527],[103.81824,1.25274],[103.81839,1.2527],[103.81845,1.25273],[103.81847,1.25279],[103.81844,1.25287],[103.81839,1.25291],[103.81838,1.253],[103.81843,1.25311],[103.8185,1.25318],[103.81873,1.25318],[103.81877,1.25323],[103.81876,1.25331],[103.8187,1.25335],[103.81866,1.25345],[103.81868,1.25358],[103.81887,1.25379],[103.81904,1.25418],[103.81896,1.25442],[103.81896,1.25476],[103.81926,1.2545],[103.8195,1.25435],[103.81962,1.2542],[103.81935,1.25397],[103.81927,1.25387],[103.81871,1.25292],[103.81876,1.25262],[103.81888,1.25233],[103.81898,1.2522],[103.81877,1.25217],[103.81865,1.25209],[103.81852,1.25208],[103.81829,1.25219],[103.818,1.25168],[103.81756,1.2517],[103.81779,1.2519],[103.81796,1.25222]]]}},{"type":"Feature","properties":{"name":"","kind":"beach"},"geometry":{"type":"Polygon","coordinates":[[[103.90385,1.29701],[103.9038,1.29708],[103.90337,1.29695],[103.90324,1.29697],[103.90305,1.29692],[103.90079,1.29609],[103.89831,1.29501],[103.89771,1.2947],[103.89711,1.29431],[103.89658,1.29374],[103.8965,1.29381],[103.89704,1.29441],[103.89836,1.29532],[103.89912,1.29566],[103.89931,1.29561],[103.90105,1.29634],[103.90296,1.29699],[103.90442,1.29729],[103.90445,1.29721],[103.90385,1.29701]]]}},{"type":"Feature","properties":{"name":"Padang SMK Dato Jaafar","kind":"pitch"},"geometry":{"type":"Polygon","coordinates":[[[103.76714,1.47371],[103.76722,1.47353],[103.76703,1.47294],[103.76547,1.4736],[103.76589,1.47437],[103.76714,1.47371]]]}},{"type":"Feature","properties":{"name":"","kind":"pitch"},"geometry":{"type":"Polygon","coordinates":[[[103.76967,1.30735],[103.76983,1.30752],[103.76994,1.30756],[103.77008,1.30756],[103.77027,1.30748],[103.7704,1.30732],[103.77046,1.3072],[103.77057,1.30641],[103.77057,1.30626],[103.77052,1.30611],[103.77038,1.30597],[103.77025,1.30591],[103.77013,1.3059],[103.77,1.30591],[103.76982,1.30604],[103.76975,1.30603],[103.76959,1.30718],[103.76967,1.30735]]]}},{"type":"Feature","properties":{"name":"","kind":"pitch"},"geometry":{"type":"Polygon","coordinates":[[[103.61351,1.44018],[103.6136,1.44028],[103.61373,1.44034],[103.61394,1.44034],[103.61415,1.44022],[103.61425,1.44005],[103.61426,1.4391],[103.61416,1.43888],[103.61392,1.43874],[103.61378,1.43874],[103.61359,1.43882],[103.6135,1.4389],[103.61344,1.43901],[103.61341,1.43901],[103.61341,1.43917],[103.61333,1.43917],[103.61334,1.43992],[103.61343,1.43993],[103.61343,1.44018],[103.61351,1.44018]]]}},{"type":"Feature","properties":{"name":"","kind":"pitch"},"geometry":{"type":"Polygon","coordinates":[[[103.60801,1.39357],[103.60695,1.39207],[103.60655,1.39238],[103.60701,1.39318],[103.60701,1.39355],[103.60712,1.39418],[103.60801,1.39357]]]}},{"type":"Feature","properties":{"name":"","kind":"pitch"},"geometry":{"type":"Polygon","coordinates":[[[103.90482,1.4595],[103.90348,1.45866],[103.90306,1.45934],[103.9044,1.46018],[103.90482,1.4595]]]}},{"type":"Feature","properties":{"name":"","kind":"park"},"geometry":{"type":"Polygon","coordinates":[[[103.83156,1.278],[103.83132,1.27811],[103.8306,1.27832],[103.83097,1.27913],[103.8316,1.27917],[103.83159,1.2794],[103.83185,1.27958],[103.832,1.27948],[103.8319,1.27911],[103.83187,1.27877],[103.8319,1.27849],[103.83196,1.27829],[103.83177,1.27804],[103.83156,1.278]]]}},{"type":"Feature","properties":{"name":"Malcolm Park","kind":"park"},"geometry":{"type":"Polygon","coordinates":[[[103.82621,1.32272],[103.8264,1.32312],[103.82681,1.32292],[103.82686,1.32301],[103.82693,1.32297],[103.82714,1.32336],[103.8273,1.32328],[103.82742,1.32351],[103.82821,1.3226],[103.82809,1.3226],[103.82783,1.32268],[103.82753,1.32297],[103.82737,1.32303],[103.82726,1.32302],[103.82716,1.32296],[103.82674,1.32241],[103.82647,1.32194],[103.82641,1.32159],[103.82588,1.32175],[103.82621,1.32272]]]}},{"type":"Feature","properties":{"name":"Firefly Park","kind":"park"},"geometry":{"type":"Polygon","coordinates":[[[103.76541,1.32084],[103.76542,1.32056],[103.76539,1.32055],[103.76536,1.3203],[103.76535,1.31996],[103.76374,1.31997],[103.7638,1.32015],[103.76389,1.32028],[103.76405,1.32075],[103.76417,1.32071],[103.7642,1.32083],[103.7645,1.32083],[103.7645,1.3208],[103.76454,1.3208],[103.76454,1.32083],[103.76488,1.32084],[103.76488,1.3208],[103.76496,1.3208],[103.76496,1.32084],[103.76517,1.32084],[103.76517,1.3208],[103.76521,1.3208],[103.76521,1.32084],[103.76541,1.32084]]]}},{"type":"Feature","properties":{"name":"Zhenghua Nature Park","kind":"park"},"geometry":{"type":"Polygon","coordinates":[[[103.77509,1.38074],[103.77504,1.38103],[103.77411,1.38924],[103.77422,1.38902],[103.77431,1.38866],[103.77487,1.38576],[103.77532,1.38223],[103.77545,1.38147],[103.77581,1.37986],[103.77633,1.37779],[103.77667,1.3763],[103.77668,1.37607],[103.77666,1.37596],[103.77654,1.37578],[103.77643,1.37572],[103.77509,1.38074]],[[103.77505,1.38101],[103.77641,1.37583],[103.77657,1.37592],[103.77659,1.37617],[103.77652,1.3765],[103.77654,1.3767],[103.77639,1.37691],[103.77633,1.37712],[103.77637,1.37717],[103.77614,1.37792],[103.7761,1.37847],[103.77587,1.3793],[103.77546,1.38102],[103.77518,1.38271],[103.77481,1.38555],[103.77432,1.38819],[103.77423,1.38883],[103.77412,1.38915],[103.77505,1.38101]]]}},{"type":"Feature","properties":{"name":"","kind":"pitch"},"geometry":{"type":"Polygon","coordinates":[[[103.67263,1.47187],[103.6729,1.47186],[103.67286,1.47108],[103.67178,1.47113],[103.67184,1.4724],[103.67265,1.47236],[103.67263,1.47187]]]}},{"type":"Feature","properties":{"name":"Rumah Tinggi ECO Park","kind":"park"},"geometry":{"type":"Polygon","coordinates":[[[103.80685,1.28815],[103.80749,1.28895],[103.80803,1.28948],[103.80893,1.28994],[103.80917,1.28997],[103.80976,1.28996],[103.81033,1.28988],[103.81124,1.2897],[103.8112,1.28947],[103.81067,1.2896],[103.81005,1.28969],[103.80952,1.28973],[103.80904,1.28967],[103.80851,1.28947],[103.80814,1.28928],[103.80756,1.28863],[103.80704,1.288],[103.80685,1.28815]]]}},{"type":"Feature","properties":{"name":"","kind":"pitch"},"geometry":{"type":"Polygon","coordinates":[[[103.74052,1.35141],[103.74061,1.35142],[103.74062,1.35014],[103.74053,1.35014],[103.74042,1.35004],[103.74028,1.34998],[103.74018,1.34997],[103.73995,1.35003],[103.73977,1.35028],[103.73976,1.35119],[103.73979,1.35134],[103.73986,1.35145],[103.73998,1.35153],[103.74011,1.35157],[103.74028,1.35157],[103.74051,1.35145],[103.74052,1.35141]]]}},{"type":"Feature","properties":{"name":"Lover's Park","kind":"park"},"geometry":{"type":"Polygon","coordinates":[[[103.77356,1.2955],[103.77341,1.29579],[103.77327,1.29596],[103.77317,1.29601],[103.77333,1.29646],[103.77344,1.29642],[103.77351,1.2966],[103.77387,1.29647],[103.77408,1.29633],[103.77426,1.29616],[103.77442,1.29581],[103.7743,1.29576],[103.77453,1.29531],[103.77472,1.29538],[103.77482,1.29518],[103.77455,1.29514],[103.77432,1.29515],[103.77423,1.29518],[103.77415,1.29509],[103.77405,1.29504],[103.77369,1.2955],[103.77363,1.29554],[103.77356,1.2955]]]}},{"type":"Feature","properties":{"name":"Mayfair Park","kind":"park"},"geometry":{"type":"Polygon","coordinates":[[[103.782,1.34221],[103.78201,1.34217],[103.78192,1.34211],[103.78182,1.3419],[103.78107,1.34097],[103.78098,1.34092],[103.77985,1.34133],[103.77988,1.34148],[103.78044,1.34173],[103.782,1.34221]]]}},{"type":"Feature","properties":{"name":"My Waterway@Punggol","kind":"park"},"geometry":{"type":"Polygon","coordinates":[[[103.91471,1.40533],[103.917,1.40849],[103.91709,1.40857],[103.91726,1.40836],[103.91719,1.4083],[103.91502,1.4053],[103.91471,1.40533]]]}},{"type":"Feature","properties":{"name":"","kind":"park"},"geometry":{"type":"Polygon","coordinates":[[[103.75767,1.38409],[103.75755,1.38441],[103.75737,1.38477],[103.7571,1.38511],[103.75701,1.38528],[103.75588,1.38662],[103.75576,1.38681],[103.75539,1.38747],[103.75531,1.38753],[103.75509,1.38793],[103.75493,1.38837],[103.75503,1.38831],[103.75538,1.38759],[103.75545,1.38753],[103.7555,1.38753],[103.756,1.3867],[103.75728,1.38515],[103.75773,1.38464],[103.7578,1.3845],[103.75844,1.3839],[103.75828,1.38382],[103.75819,1.38401],[103.75782,1.38389],[103.75797,1.38323],[103.75811,1.38286],[103.75914,1.3811],[103.75905,1.38107],[103.75808,1.38272],[103.75787,1.38324],[103.75767,1.38409]]]}},{"type":"Feature","properties":{"name":"","kind":"park"},"geometry":{"type":"Polygon","coordinates":[[[103.73578,1.34634],[103.73566,1.34653],[103.73539,1.34669],[103.73532,1.34681],[103.73539,1.34687],[103.73532,1.34702],[103.73519,1.34719],[103.73512,1.34714],[103.73503,1.34729],[103.73515,1.3476],[103.73614,1.34647],[103.73641,1.34623],[103.73636,1.34617],[103.73625,1.34613],[103.73624,1.34606],[103.73643,1.34596],[103.73675,1.34592],[103.73683,1.34586],[103.73685,1.34581],[103.73687,1.34568],[103.73684,1.34548],[103.73638,1.34452],[103.73625,1.34461],[103.73631,1.34468],[103.73627,1.34477],[103.73619,1.34475],[103.73615,1.34467],[103.73603,1.34474],[103.736,1.34488],[103.73605,1.34496],[103.73613,1.34494],[103.73619,1.34504],[103.73627,1.34501],[103.73641,1.34515],[103.7365,1.34545],[103.73643,1.34548],[103.73642,1.34578],[103.73619,1.34593],[103.7358,1.34607],[103.73571,1.34623],[103.73578,1.34634]]]}},{"type":"Feature","properties":{"name":"","kind":"pitch"},"geometry":{"type":"Polygon","coordinates":[[[103.67128,1.47649],[103.67053,1.47655],[103.67053,1.47789],[103.67132,1.47824],[103.67128,1.47649]]]}},{"type":"Feature","properties":{"name":"The Lawn@Marina Bay","kind":"park"},"geometry":{"type":"Polygon","coordinates":[[[103.8526,1.27983],[103.85343,1.28112],[103.85407,1.28071],[103.85325,1.27939],[103.8526,1.27983]]]}},{"type":"Feature","properties":{"name":"Jurong West Neighbourhood Park","kind":"park"},"geometry":{"type":"Polygon","coordinates":[[[103.70342,1.34063],[103.70354,1.34058],[103.70361,1.3405],[103.70365,1.34024],[103.70256,1.34003],[103.70259,1.33982],[103.70226,1.33976],[103.70222,1.33997],[103.70113,1.33977],[103.70106,1.3402],[103.70342,1.34063]]]}},{"type":"Feature","properties":{"name":"","kind":"park"},"geometry":{"type":"Polygon","coordinates":[[[103.72427,1.47186],[103.72445,1.47136],[103.72449,1.47108],[103.72436,1.47107],[103.72437,1.47091],[103.72401,1.47088],[103.72403,1.4707],[103.72337,1.47062],[103.72326,1.47177],[103.72427,1.47186]]]}},{"type":"Feature","properties":{"name":"Indian Association Cricket Ground","kind":"pitch"},"geometry":{"type":"Polygon","coordinates":[[[103.85614,1.3173],[103.85574,1.31644],[103.85495,1.31691],[103.85471,1.31713],[103.85475,1.31732],[103.85514,1.31792],[103.85614,1.3173]]]}},{"type":"Feature","properties":{"name":"","kind":"pitch"},"geometry":{"type":"Polygon","coordinates":[[[103.84173,1.36167],[103.84154,1.36147],[103.84137,1.36139],[103.84113,1.36147],[103.84093,1.36161],[103.84091,1.36281],[103.84094,1.36284],[103.8417,1.36272],[103.84173,1.36167]]]}},{"type":"Feature","properties":{"name":"Central Linear Park","kind":"park"},"geometry":{"type":"Polygon","coordinates":[[[103.85258,1.27858],[103.8526,1.2785],[103.85175,1.27717],[103.85167,1.27716],[103.8512,1.27747],[103.85118,1.27754],[103.85203,1.27887],[103.85211,1.27889],[103.85258,1.27858]]]}},{"type":"Feature","properties":{"name":"Bougainvillea Park","kind":"park"},"geometry":{"type":"Polygon","coordinates":[[[103.80856,1.3258],[103.80669,1.32712],[103.80679,1.32727],[103.80664,1.32737],[103.80681,1.32761],[103.80883,1.32619],[103.80856,1.3258]]]}},{"type":"Feature","properties":{"name":"Kallang Park Connector","kind":"park"},"geometry":{"type":"Polygon","coordinates":[[[103.86531,1.32058],[103.86675,1.31988],[103.86684,1.31988],[103.86699,1.31995],[103.86707,1.32006],[103.86702,1.32273],[103.86708,1.32286],[103.86706,1.32294],[103.86695,1.32302],[103.8672,1.32341],[103.86726,1.32002],[103.86725,1.31976],[103.86721,1.31964],[103.8671,1.31958],[103.86692,1.3196],[103.86519,1.3204],[103.86531,1.32058]]]}},{"type":"Feature","properties":{"name":"","kind":"park"},"geometry":{"type":"Polygon","coordinates":[[[103.66208,1.47404],[103.66272,1.47437],[103.66279,1.47436],[103.66296,1.47403],[103.66295,1.47398],[103.66223,1.47363],[103.66267,1.4726],[103.66252,1.47254],[103.66209,1.47359],[103.66128,1.4733],[103.66117,1.47373],[103.66193,1.474],[103.66183,1.47429],[103.66178,1.47428],[103.66165,1.47461],[103.66169,1.47462],[103.66161,1.47484],[103.66173,1.47489],[103.66208,1.47404]]]}},{"type":"Feature","properties":{"name":"Kallang Park Connector","kind":"park"},"geometry":{"type":"Polygon","coordinates":[[[103.86769,1.31895],[103.86749,1.32386],[103.8676,1.32403],[103.86766,1.32381],[103.86782,1.32007],[103.86828,1.31932],[103.86769,1.31895]]]}},{"type":"Feature","properties":{"name":"Alexandria Hill East Neighborhood Park","kind":"park"},"geometry":{"type":"Polygon","coordinates":[[[103.8094,1.28783],[103.80951,1.28767],[103.81007,1.28733],[103.80992,1.28658],[103.80921,1.28667],[103.80876,1.28722],[103.80835,1.28726],[103.80837,1.28753],[103.8094,1.28751],[103.8094,1.28783]]]}},{"type":"Feature","properties":{"name":"","kind":"park"},"geometry":{"type":"Polygon","coordinates":[[[103.82994,1.28098],[103.83011,1.28089],[103.83025,1.28115],[103.82975,1.28144],[103.8298,1.28156],[103.83023,1.28133],[103.83042,1.28165],[103.83058,1.28155],[103.83098,1.28184],[103.83136,1.28146],[103.8295,1.28012],[103.82942,1.28013],[103.82944,1.28023],[103.82974,1.28077],[103.82954,1.28088],[103.82965,1.28109],[103.82992,1.28094],[103.82994,1.28098]]]}},{"type":"Feature","properties":{"name":"Pandan Gardens Leisure Park","kind":"park"},"geometry":{"type":"Polygon","coordinates":[[[103.7508,1.32069],[103.75093,1.32111],[103.75099,1.32116],[103.75113,1.32182],[103.75116,1.32186],[103.75153,1.32174],[103.75149,1.32149],[103.75122,1.32089],[103.75112,1.32059],[103.75098,1.32041],[103.74983,1.31842],[103.74964,1.31854],[103.7508,1.32069]]]}},{"type":"Feature","properties":{"name":"","kind":"park"},"geometry":{"type":"Polygon","coordinates":[[[103.83779,1.37723],[103.83737,1.37736],[103.8371,1.37751],[103.83677,1.37781],[103.83806,1.37875],[103.83819,1.37875],[103.8382,1.37818],[103.8381,1.37818],[103.83811,1.37775],[103.83778,1.37775],[103.83779,1.37723]]]}},{"type":"Feature","properties":{"name":"","kind":"beach"},"geometry":{"type":"Polygon","coordinates":[[[103.94913,1.31066],[103.94928,1.31046],[103.94913,1.31039],[103.94904,1.31051],[103.94893,1.31056],[103.94867,1.31059],[103.94847,1.31056],[103.94732,1.31023],[103.94618,1.30981],[103.94312,1.30881],[103.94303,1.30874],[103.94302,1.30868],[103.94281,1.30861],[103.94278,1.30867],[103.9427,1.30869],[103.94257,1.30868],[103.94202,1.3084],[103.94198,1.30851],[103.94244,1.30874],[103.94266,1.3088],[103.94281,1.30879],[103.9429,1.30873],[103.94305,1.30888],[103.9485,1.31078],[103.94872,1.31079],[103.94894,1.31075],[103.94913,1.31066]]]}},{"type":"Feature","properties":{"name":"","kind":"pitch"},"geometry":{"type":"Polygon","coordinates":[[[103.79564,1.34007],[103.79477,1.33971],[103.79432,1.34076],[103.79519,1.34113],[103.79564,1.34007]]]}},{"type":"Feature","properties":{"name":"","kind":"pitch"},"geometry":{"type":"Polygon","coordinates":[[[103.74442,1.47922],[103.74432,1.4788],[103.74397,1.47877],[103.74366,1.47882],[103.74363,1.47866],[103.74278,1.47883],[103.74279,1.47915],[103.74244,1.47919],[103.74321,1.47953],[103.74421,1.47933],[103.74442,1.47922]]]}},{"type":"Feature","properties":{"name":"Whampoa Park","kind":"park"},"geometry":{"type":"Polygon","coordinates":[[[103.85699,1.32493],[103.85687,1.32501],[103.85668,1.32476],[103.85607,1.32524],[103.85548,1.32559],[103.85596,1.32618],[103.85721,1.32522],[103.85699,1.32493]]]}},{"type":"Feature","properties":{"name":"Singapore Botanic Gardens Gallop Extension","kind":"park"},"geometry":{"type":"Polygon","coordinates":[[[103.81165,1.31189],[103.81185,1.31165],[103.81198,1.31155],[103.81225,1.31145],[103.81244,1.31105],[103.8125,1.31086],[103.8117,1.31162],[103.81127,1.31198],[103.81086,1.31215],[103.81015,1.31271],[103.80889,1.31396],[103.81165,1.31189]]]}},{"type":"Feature","properties":{"name":"","kind":"park"},"geometry":{"type":"Polygon","coordinates":[[[103.75264,1.3171],[103.75264,1.31701],[103.7527,1.31696],[103.7527,1.31689],[103.75243,1.31663],[103.75242,1.31642],[103.7525,1.31637],[103.75253,1.31628],[103.75261,1.31624],[103.75267,1.31624],[103.75297,1.31605],[103.75306,1.31603],[103.75316,1.31586],[103.75247,1.31549],[103.75207,1.31592],[103.75171,1.31623],[103.75179,1.31631],[103.75164,1.31647],[103.75231,1.31691],[103.75248,1.31697],[103.75264,1.3171]]]}},{"type":"Feature","properties":{"name":"","kind":"park"},"geometry":{"type":"Polygon","coordinates":[[[103.66008,1.47188],[103.66097,1.47199],[103.66106,1.47154],[103.65913,1.47124],[103.6592,1.47205],[103.66008,1.47188]]]}},{"type":"Feature","properties":{"name":"Kranji Reservoir Park","kind":"park"},"geometry":{"type":"Polygon","coordinates":[[[103.74292,1.43927],[103.74299,1.43865],[103.74266,1.43867],[103.73858,1.43867],[103.73858,1.43887],[103.73871,1.4389],[103.74234,1.43887],[103.74236,1.4389],[103.74236,1.43882],[103.74294,1.43883],[103.74287,1.43919],[103.74291,1.43921],[103.74292,1.43927]],[[103.74235,1.43875],[103.74236,1.4387],[103.74297,1.4387],[103.74235,1.43875]]]}},{"type":"Feature","properties":{"name":"Rugby Field","kind":"pitch"},"geometry":{"type":"Polygon","coordinates":[[[103.84685,1.34821],[103.84659,1.34694],[103.84584,1.34709],[103.84609,1.34837],[103.84685,1.34821]]]}},{"type":"Feature","properties":{"name":"West Coast Green Playground","kind":"park"},"geometry":{"type":"Polygon","coordinates":[[[103.75582,1.31545],[103.75577,1.31626],[103.75582,1.31645],[103.75601,1.31618],[103.75623,1.31634],[103.75696,1.31536],[103.75631,1.31495],[103.75578,1.31533],[103.75582,1.31545]]]}},{"type":"Feature","properties":{"name":"Clementi Neighbourhood Park","kind":"park"},"geometry":{"type":"Polygon","coordinates":[[[103.77278,1.32524],[103.77307,1.32549],[103.77331,1.32565],[103.77413,1.32575],[103.77457,1.32549],[103.77424,1.32532],[103.77333,1.32503],[103.77292,1.32479],[103.77266,1.32459],[103.77262,1.3246],[103.77241,1.32479],[103.77245,1.32487],[103.77247,1.32485],[103.77265,1.32517],[103.77257,1.32521],[103.7726,1.32525],[103.77278,1.32524]]]}},{"type":"Feature","properties":{"name":"Jalan Pintau Neighbourhood Park","kind":"park"},"geometry":{"type":"Polygon","coordinates":[[[103.84004,1.35441],[103.84071,1.35399],[103.84034,1.35323],[103.83967,1.35349],[103.83932,1.35398],[103.83932,1.35406],[103.83937,1.35412],[103.83998,1.35441],[103.84004,1.35441]]]}},{"type":"Feature","properties":{"name":"","kind":"park"},"geometry":{"type":"Polygon","coordinates":[[[103.78182,1.31003],[103.78292,1.3114],[103.78338,1.31122],[103.78239,1.30999],[103.78214,1.30956],[103.7816,1.30986],[103.7817,1.31],[103.78182,1.31003]]]}},{"type":"Feature","properties":{"name":"","kind":"park"},"geometry":{"type":"Polygon","coordinates":[[[103.9452,1.31384],[103.94551,1.31281],[103.94565,1.31234],[103.94495,1.31232],[103.94455,1.31365],[103.9452,1.31384]]]}},{"type":"Feature","properties":{"name":"","kind":"pitch"},"geometry":{"type":"Polygon","coordinates":[[[103.65167,1.43541],[103.65166,1.43516],[103.65154,1.43494],[103.65105,1.4346],[103.65047,1.43544],[103.65089,1.43574],[103.65139,1.43596],[103.65164,1.43561],[103.65167,1.43541]]]}},{"type":"Feature","properties":{"name":"","kind":"beach"},"geometry":{"type":"Polygon","coordinates":[[[103.88975,1.29034],[103.88974,1.29044],[103.8896,1.29056],[103.88938,1.2906],[103.8891,1.29056],[103.88828,1.29014],[103.88713,1.2892],[103.88633,1.28842],[103.88586,1.2879],[103.88566,1.28747],[103.88554,1.28753],[103.88555,1.28765],[103.88563,1.28781],[103.88652,1.28874],[103.88711,1.28931],[103.88852,1.29036],[103.88897,1.29061],[103.88938,1.29066],[103.88971,1.29058],[103.88982,1.29049],[103.88988,1.29052],[103.8902,1.29088],[103.89048,1.29126],[103.891,1.2916],[103.89102,1.2917],[103.8912,1.2918],[103.8918,1.29233],[103.89257,1.29288],[103.89339,1.29342],[103.89375,1.29363],[103.89403,1.29369],[103.89425,1.29366],[103.89441,1.29357],[103.89438,1.2935],[103.89428,1.29358],[103.89412,1.29362],[103.89396,1.29361],[103.89368,1.29352],[103.89257,1.29278],[103.89054,1.29118],[103.89046,1.29106],[103.88975,1.29034]]]}},{"type":"Feature","properties":{"name":"","kind":"pitch"},"geometry":{"type":"Polygon","coordinates":[[[103.70077,1.33218],[103.70073,1.33213],[103.70061,1.33209],[103.70031,1.33207],[103.70006,1.33214],[103.69995,1.33222],[103.69986,1.33222],[103.69984,1.33225],[103.69982,1.33274],[103.69992,1.33304],[103.7001,1.33314],[103.70057,1.33315],[103.70077,1.33302],[103.70081,1.33293],[103.70081,1.33219],[103.70077,1.33218]]]}},{"type":"Feature","properties":{"name":"","kind":"park"},"geometry":{"type":"Polygon","coordinates":[[[103.63209,1.41801],[103.63226,1.41789],[103.63237,1.41778],[103.63242,1.4176],[103.63243,1.41745],[103.63221,1.41691],[103.63214,1.41687],[103.63145,1.417],[103.63138,1.41711],[103.63143,1.4174],[103.63162,1.41803],[103.63165,1.41806],[103.63184,1.41807],[103.63209,1.41801]]]}},{"type":"Feature","properties":{"name":"Linear Park","kind":"park"},"geometry":{"type":"Polygon","coordinates":[[[103.65431,1.41576],[103.655,1.41604],[103.65513,1.41569],[103.65534,1.41533],[103.65594,1.41461],[103.65562,1.41431],[103.65431,1.41576]]]}},{"type":"Feature","properties":{"name":"","kind":"pitch"},"geometry":{"type":"Polygon","coordinates":[[[103.87035,1.32613],[103.87082,1.32566],[103.87105,1.3253],[103.87071,1.32487],[103.86967,1.32567],[103.87015,1.32629],[103.87035,1.32613]]]}},{"type":"Feature","properties":{"name":"","kind":"pitch"},"geometry":{"type":"Polygon","coordinates":[[[103.91573,1.46003],[103.9164,1.45951],[103.9157,1.45879],[103.91496,1.45946],[103.9155,1.46],[103.91573,1.46003]]]}},{"type":"Feature","properties":{"name":"","kind":"park"},"geometry":{"type":"Polygon","coordinates":[[[103.60206,1.46196],[103.60199,1.46191],[103.60108,1.46191],[103.60101,1.462],[103.60098,1.46209],[103.60131,1.4631],[103.60184,1.46295],[103.60206,1.46196]]]}},{"type":"Feature","properties":{"name":"The XI","kind":"pitch"},"geometry":{"type":"Polygon","coordinates":[[[103.64807,1.44318],[103.64822,1.44308],[103.64837,1.4428],[103.64837,1.44261],[103.64829,1.44237],[103.64811,1.4422],[103.6479,1.44213],[103.64763,1.44215],[103.64746,1.44226],[103.64735,1.44243],[103.64729,1.44264],[103.6473,1.44281],[103.64743,1.44305],[103.64765,1.44321],[103.64785,1.44323],[103.64807,1.44318]]]}},{"type":"Feature","properties":{"name":"","kind":"park"},"geometry":{"type":"Polygon","coordinates":[[[103.62581,1.47157],[103.6257,1.47117],[103.62575,1.47105],[103.62732,1.47059],[103.62728,1.47041],[103.62563,1.47087],[103.62546,1.47034],[103.62502,1.47047],[103.6254,1.47169],[103.62581,1.47157]]]}},{"type":"Feature","properties":{"name":"","kind":"park"},"geometry":{"type":"Polygon","coordinates":[[[103.8017,1.27168],[103.80179,1.27164],[103.8016,1.27139],[103.80128,1.27106],[103.80113,1.27071],[103.80107,1.27026],[103.80103,1.2703],[103.80092,1.27016],[103.79981,1.27105],[103.79992,1.2712],[103.80065,1.27071],[103.80086,1.27087],[103.80146,1.27192],[103.80185,1.27203],[103.80184,1.27189],[103.8017,1.27168]]]}},{"type":"Feature","properties":{"name":"Faber Park","kind":"park"},"geometry":{"type":"Polygon","coordinates":[[[103.75787,1.32042],[103.75801,1.32039],[103.75867,1.31961],[103.75804,1.31908],[103.75731,1.31994],[103.75787,1.32042]]]}},{"type":"Feature","properties":{"name":"","kind":"pitch"},"geometry":{"type":"Polygon","coordinates":[[[103.79983,1.3024],[103.79982,1.30222],[103.79972,1.30206],[103.79945,1.30199],[103.79932,1.30203],[103.7992,1.30212],[103.7986,1.30277],[103.79857,1.30299],[103.79868,1.30317],[103.79878,1.30323],[103.79898,1.30324],[103.79912,1.30319],[103.79979,1.30253],[103.79983,1.3024]]]}},{"type":"Feature","properties":{"name":"Sunset Way Playground","kind":"park"},"geometry":{"type":"Polygon","coordinates":[[[103.76616,1.32576],[103.76586,1.32589],[103.76588,1.32657],[103.76638,1.32743],[103.76693,1.32709],[103.76616,1.32576]]]}},{"type":"Feature","properties":{"name":"","kind":"pitch"},"geometry":{"type":"Polygon","coordinates":[[[103.73946,1.45995],[103.73857,1.46025],[103.73887,1.46117],[103.73977,1.46086],[103.73946,1.45995]]]}},{"type":"Feature","properties":{"name":"Maple Lane Park","kind":"park"},"geometry":{"type":"Polygon","coordinates":[[[103.79357,1.33208],[103.79282,1.33015],[103.79277,1.33016],[103.7925,1.3295],[103.79255,1.32948],[103.79253,1.32943],[103.79215,1.32891],[103.79188,1.32871],[103.79181,1.32872],[103.79164,1.32896],[103.79167,1.32902],[103.79199,1.32918],[103.79234,1.32965],[103.79266,1.33045],[103.79295,1.33109],[103.79335,1.33207],[103.79336,1.33216],[103.79357,1.33208]]]}},{"type":"Feature","properties":{"name":"Braddell Park","kind":"park"},"geometry":{"type":"Polygon","coordinates":[[[103.84589,1.33949],[103.84586,1.33919],[103.84534,1.3392],[103.84532,1.33924],[103.84528,1.33924],[103.84525,1.3392],[103.8452,1.3392],[103.8452,1.33911],[103.846,1.33904],[103.84597,1.33879],[103.84421,1.33878],[103.8442,1.33902],[103.84501,1.33902],[103.845,1.3392],[103.84516,1.33936],[103.84506,1.33947],[103.84528,1.33947],[103.84528,1.33993],[103.8457,1.33994],[103.8457,1.33949],[103.84589,1.33949]]]}},{"type":"Feature","properties":{"name":"Toa Payoh Lorong 7 Park","kind":"park"},"geometry":{"type":"Polygon","coordinates":[[[103.85322,1.33952],[103.85302,1.33952],[103.85304,1.33929],[103.8535,1.3393],[103.85351,1.33872],[103.85329,1.33871],[103.85331,1.33846],[103.85422,1.33846],[103.85373,1.33797],[103.85316,1.33852],[103.85271,1.33914],[103.85274,1.33933],[103.85285,1.33962],[103.85308,1.34002],[103.85324,1.33993],[103.85322,1.33952]]]}},{"type":"Feature","properties":{"name":"Toa Payoh Sensory Park","kind":"park"},"geometry":{"type":"Polygon","coordinates":[[[103.85335,1.33541],[103.85347,1.33516],[103.8535,1.33495],[103.85281,1.33495],[103.85281,1.33449],[103.85261,1.33449],[103.85261,1.33455],[103.85242,1.33455],[103.85242,1.33499],[103.85237,1.33504],[103.85224,1.33504],[103.85224,1.33531],[103.85211,1.33531],[103.85211,1.3354],[103.85201,1.33551],[103.85323,1.33556],[103.85335,1.33541]]]}},{"type":"Feature","properties":{"name":"","kind":"park"},"geometry":{"type":"Polygon","coordinates":[[[103.85639,1.32255],[103.85643,1.3226],[103.8564,1.32263],[103.85682,1.32311],[103.85694,1.323],[103.85703,1.32301],[103.85711,1.3231],[103.85715,1.32307],[103.85721,1.32316],[103.85718,1.32318],[103.85722,1.32323],[103.85702,1.3234],[103.8571,1.32349],[103.85714,1.32346],[103.8572,1.32354],[103.85717,1.32357],[103.85721,1.32362],[103.85707,1.32373],[103.85702,1.32369],[103.85686,1.32382],[103.85685,1.32391],[103.85708,1.3242],[103.85778,1.32364],[103.85711,1.32284],[103.85647,1.32217],[103.85621,1.3224],[103.85635,1.32258],[103.85639,1.32255]]]}},{"type":"Feature","properties":{"name":"","kind":"pitch"},"geometry":{"type":"Polygon","coordinates":[[[103.69497,1.4769],[103.69473,1.47661],[103.69375,1.47673],[103.6935,1.47699],[103.69412,1.47764],[103.69497,1.4769]]]}},{"type":"Feature","properties":{"name":"Cashew Road Playground","kind":"park"},"geometry":{"type":"Polygon","coordinates":[[[103.76513,1.37103],[103.76492,1.37091],[103.76527,1.37026],[103.76485,1.36991],[103.76415,1.37114],[103.76494,1.3714],[103.76513,1.37103]]]}},{"type":"Feature","properties":{"name":"","kind":"park"},"geometry":{"type":"Polygon","coordinates":[[[103.65111,1.46688],[103.65096,1.46592],[103.65013,1.46604],[103.65027,1.46701],[103.65111,1.46688]]]}},{"type":"Feature","properties":{"name":"","kind":"pitch"},"geometry":{"type":"Polygon","coordinates":[[[103.85412,1.31791],[103.85406,1.31796],[103.85431,1.31842],[103.85462,1.31843],[103.85526,1.31812],[103.85475,1.31732],[103.85407,1.31775],[103.85412,1.31791]]]}},{"type":"Feature","properties":{"name":"","kind":"pitch"},"geometry":{"type":"Polygon","coordinates":[[[103.81043,1.3009],[103.8102,1.30046],[103.80997,1.30044],[103.80964,1.30055],[103.80941,1.30072],[103.80927,1.301],[103.80989,1.30165],[103.81043,1.3009]]]}},{"type":"Feature","properties":{"name":"Bedok South Neighbourhood Park (east)","kind":"park"},"geometry":{"type":"Polygon","coordinates":[[[103.94241,1.32312],[103.94253,1.32251],[103.9415,1.32231],[103.9414,1.32282],[103.94175,1.32289],[103.94169,1.32318],[103.94263,1.32336],[103.94267,1.32317],[103.94241,1.32312]]]}},{"type":"Feature","properties":{"name":"Taman Jurong Park","kind":"park"},"geometry":{"type":"Polygon","coordinates":[[[103.72162,1.32843],[103.7211,1.32761],[103.72046,1.32802],[103.72078,1.32858],[103.72093,1.32892],[103.7216,1.32849],[103.72162,1.32843]]]}},{"type":"Feature","properties":{"name":"","kind":"park"},"geometry":{"type":"Polygon","coordinates":[[[103.64562,1.47559],[103.64406,1.47482],[103.64386,1.47523],[103.64542,1.476],[103.64562,1.47559]]]}},{"type":"Feature","properties":{"name":"","kind":"pitch"},"geometry":{"type":"Polygon","coordinates":[[[103.62652,1.39938],[103.62647,1.39919],[103.62631,1.39907],[103.62621,1.39905],[103.6261,1.39907],[103.62601,1.39912],[103.62594,1.3992],[103.62561,1.40004],[103.62561,1.40015],[103.62564,1.40025],[103.62571,1.40033],[103.62589,1.40041],[103.62599,1.4004],[103.62615,1.4003],[103.62652,1.39938]]]}},{"type":"Feature","properties":{"name":"Watten Heights Playground","kind":"park"},"geometry":{"type":"Polygon","coordinates":[[[103.80793,1.33154],[103.80795,1.33173],[103.80806,1.33186],[103.80812,1.33204],[103.80826,1.33199],[103.80902,1.33187],[103.80934,1.33174],[103.80966,1.3317],[103.81005,1.33178],[103.81007,1.33163],[103.80941,1.3315],[103.80899,1.33159],[103.8089,1.3315],[103.80856,1.33166],[103.80835,1.3314],[103.80811,1.33101],[103.80789,1.33117],[103.80795,1.33127],[103.80793,1.33154]]]}},{"type":"Feature","properties":{"name":"","kind":"park"},"geometry":{"type":"Polygon","coordinates":[[[103.80964,1.2964],[103.8099,1.29644],[103.81041,1.29658],[103.81067,1.29663],[103.81072,1.29661],[103.81076,1.29657],[103.81077,1.29646],[103.81069,1.29581],[103.81043,1.29598],[103.81017,1.2959],[103.80994,1.29605],[103.80971,1.29595],[103.80943,1.29612],[103.80919,1.29603],[103.80925,1.29642],[103.80964,1.2964]]]}},{"type":"Feature","properties":{"name":"Senja Parc View Common Green","kind":"park"},"geometry":{"type":"Polygon","coordinates":[[[103.75827,1.3882],[103.75851,1.38838],[103.75886,1.38831],[103.75908,1.38832],[103.75939,1.38753],[103.75901,1.38754],[103.75896,1.38748],[103.75885,1.38745],[103.75831,1.3878],[103.75818,1.38773],[103.75797,1.38783],[103.75827,1.3882]]]}},{"type":"Feature","properties":{"name":"TMIYC Iskandar Puteri","kind":"park"},"geometry":{"type":"Polygon","coordinates":[[[103.61817,1.42671],[103.61828,1.42643],[103.61795,1.42555],[103.61761,1.42567],[103.61726,1.42584],[103.61734,1.42608],[103.61748,1.42626],[103.61741,1.42645],[103.61782,1.42662],[103.61791,1.42669],[103.6179,1.42687],[103.61805,1.42688],[103.61817,1.42671]]]}},{"type":"Feature","properties":{"name":"Thomson Nature Park","kind":"park"},"geometry":{"type":"Polygon","coordinates":[[[103.82601,1.38201],[103.82765,1.37895],[103.82796,1.37823],[103.82806,1.37792],[103.82803,1.37786],[103.82794,1.37785],[103.82786,1.37788],[103.82764,1.37868],[103.82728,1.37913],[103.82729,1.37917],[103.82711,1.3796],[103.82636,1.38101],[103.82604,1.38165],[103.82591,1.38197],[103.82601,1.38201]]]}},{"type":"Feature","properties":{"name":"","kind":"pitch"},"geometry":{"type":"Polygon","coordinates":[[[103.63361,1.39361],[103.63288,1.39417],[103.63338,1.39482],[103.63411,1.39426],[103.63361,1.39361]]]}},{"type":"Feature","properties":{"name":"","kind":"pitch"},"geometry":{"type":"Polygon","coordinates":[[[103.7678,1.47191],[103.7671,1.47216],[103.76744,1.47311],[103.76814,1.47286],[103.7678,1.47191]]]}},{"type":"Feature","properties":{"name":"Geylang Field","kind":"pitch"},"geometry":{"type":"Polygon","coordinates":[[[103.87842,1.31002],[103.87768,1.30989],[103.8775,1.31087],[103.87824,1.311],[103.87842,1.31002]]]}},{"type":"Feature","properties":{"name":"Teacher's Estate Playground","kind":"park"},"geometry":{"type":"Polygon","coordinates":[[[103.8291,1.38261],[103.82966,1.38198],[103.82968,1.38199],[103.82978,1.38179],[103.82917,1.38146],[103.82907,1.38167],[103.82881,1.38196],[103.82869,1.38216],[103.82867,1.38234],[103.82878,1.3825],[103.82878,1.38259],[103.82894,1.38283],[103.82903,1.3828],[103.8291,1.38261]]]}},{"type":"Feature","properties":{"name":"West Coast Place Playground","kind":"park"},"geometry":{"type":"Polygon","coordinates":[[[103.75923,1.31379],[103.75906,1.31365],[103.75866,1.31357],[103.75774,1.31504],[103.75793,1.31515],[103.75923,1.31379]]]}},{"type":"Feature","properties":{"name":"","kind":"park"},"geometry":{"type":"Polygon","coordinates":[[[103.65086,1.47029],[103.65149,1.47019],[103.65132,1.46904],[103.65069,1.46915],[103.65086,1.47029]]]}},{"type":"Feature","properties":{"name":"Leng Kee Park","kind":"park"},"geometry":{"type":"Polygon","coordinates":[[[103.81339,1.28831],[103.8134,1.2879],[103.81294,1.28746],[103.81256,1.28745],[103.81228,1.28773],[103.81309,1.2886],[103.81339,1.28831]]]}},{"type":"Feature","properties":{"name":"Greenfield Drive Playground","kind":"park"},"geometry":{"type":"Polygon","coordinates":[[[103.91819,1.31237],[103.91816,1.31228],[103.9179,1.31216],[103.91781,1.31222],[103.91715,1.31376],[103.91718,1.31385],[103.91743,1.31396],[103.91751,1.31393],[103.91819,1.31237]]]}},{"type":"Feature","properties":{"name":"","kind":"park"},"geometry":{"type":"Polygon","coordinates":[[[103.75843,1.34994],[103.75778,1.34987],[103.75766,1.351],[103.75831,1.35107],[103.75843,1.34994]]]}},{"type":"Feature","properties":{"name":"Hong Lim Park","kind":"park"},"geometry":{"type":"Polygon","coordinates":[[[103.84658,1.28642],[103.8464,1.28641],[103.84631,1.28637],[103.84623,1.28631],[103.84613,1.28613],[103.84572,1.28636],[103.84617,1.28685],[103.8462,1.28693],[103.8463,1.28706],[103.84709,1.28669],[103.84702,1.28655],[103.84716,1.28648],[103.84712,1.2864],[103.84716,1.28638],[103.84689,1.28606],[103.84675,1.28577],[103.84665,1.28583],[103.84681,1.2861],[103.84669,1.28618],[103.84681,1.28639],[103.84658,1.28642]]]}},{"type":"Feature","properties":{"name":"Play@Heights Park","kind":"park"},"geometry":{"type":"Polygon","coordinates":[[[103.84445,1.33507],[103.84476,1.33507],[103.84476,1.33388],[103.84453,1.33392],[103.84453,1.33458],[103.84405,1.33459],[103.84406,1.33477],[103.84363,1.33478],[103.84364,1.3352],[103.84445,1.3352],[103.84445,1.33507]]]}},{"type":"Feature","properties":{"name":"","kind":"pitch"},"geometry":{"type":"Polygon","coordinates":[[[103.86487,1.32997],[103.86409,1.33042],[103.86449,1.33112],[103.86527,1.33068],[103.86487,1.32997]]]}},{"type":"Feature","properties":{"name":"","kind":"park"},"geometry":{"type":"Polygon","coordinates":[[[103.78545,1.30985],[103.7853,1.30997],[103.78539,1.31008],[103.78487,1.31051],[103.78495,1.31061],[103.78684,1.30907],[103.7866,1.30878],[103.78539,1.30978],[103.78545,1.30985]]]}},{"type":"Feature","properties":{"name":"Bishan North Neighbourhood Park","kind":"park"},"geometry":{"type":"Polygon","coordinates":[[[103.84292,1.35798],[103.84291,1.35825],[103.84296,1.35847],[103.84304,1.35863],[103.84313,1.35874],[103.84321,1.35877],[103.84332,1.35878],[103.84341,1.35876],[103.84348,1.35871],[103.84356,1.35859],[103.84366,1.35826],[103.84364,1.358],[103.84354,1.35776],[103.84331,1.3575],[103.84325,1.3575],[103.84303,1.35772],[103.84292,1.35798]]]}},{"type":"Feature","properties":{"name":"BFA Park","kind":"park"},"geometry":{"type":"Polygon","coordinates":[[[103.76943,1.38507],[103.76923,1.38474],[103.7699,1.38433],[103.76981,1.3842],[103.76915,1.3846],[103.76899,1.38434],[103.76841,1.3847],[103.76884,1.38543],[103.76943,1.38507]]]}},{"type":"Feature","properties":{"name":"Jubilee Gardening Community Park","kind":"park"},"geometry":{"type":"Polygon","coordinates":[[[103.76785,1.30593],[103.7679,1.30582],[103.76724,1.3056],[103.76734,1.30534],[103.76665,1.30509],[103.76624,1.30528],[103.76454,1.30473],[103.76449,1.30485],[103.76785,1.30593]]]}},{"type":"Feature","properties":{"name":"","kind":"park"},"geometry":{"type":"Polygon","coordinates":[[[103.76302,1.4556],[103.76308,1.45565],[103.76329,1.45574],[103.76334,1.4557],[103.76524,1.45615],[103.76539,1.45621],[103.76529,1.45647],[103.76514,1.45642],[103.76505,1.45657],[103.76562,1.45688],[103.76572,1.45681],[103.76586,1.45666],[103.76589,1.45659],[103.76583,1.45643],[103.76537,1.45607],[103.76313,1.45546],[103.76305,1.45545],[103.76302,1.45551],[103.76302,1.4556]]]}},{"type":"Feature","properties":{"name":"","kind":"park"},"geometry":{"type":"Polygon","coordinates":[[[103.73468,1.34767],[103.73435,1.34814],[103.7343,1.34817],[103.73427,1.34814],[103.7341,1.34821],[103.73412,1.34827],[103.73406,1.34828],[103.73405,1.34823],[103.73376,1.34826],[103.73357,1.34819],[103.73355,1.34824],[103.7335,1.34822],[103.73343,1.34829],[103.73396,1.34897],[103.73511,1.34765],[103.73489,1.34747],[103.73468,1.34767]]]}},{"type":"Feature","properties":{"name":"Clover Way Playground","kind":"park"},"geometry":{"type":"Polygon","coordinates":[[[103.84594,1.35043],[103.84592,1.35025],[103.84612,1.35023],[103.84613,1.35041],[103.84675,1.35038],[103.84682,1.35034],[103.84664,1.35006],[103.84615,1.34965],[103.84605,1.34963],[103.84527,1.35021],[103.84531,1.35028],[103.84572,1.35044],[103.84594,1.35043]]]}},{"type":"Feature","properties":{"name":"Arena Park","kind":"park"},"geometry":{"type":"Polygon","coordinates":[[[103.87683,1.30493],[103.87697,1.30466],[103.87717,1.30439],[103.87722,1.30443],[103.87743,1.30429],[103.87749,1.30421],[103.87749,1.30412],[103.87744,1.30405],[103.87714,1.30392],[103.87708,1.30402],[103.87658,1.30378],[103.87644,1.30381],[103.87651,1.30412],[103.87656,1.30453],[103.87651,1.30496],[103.87669,1.30503],[103.87683,1.30493]]]}},{"type":"Feature","properties":{"name":"","kind":"pitch"},"geometry":{"type":"Polygon","coordinates":[[[103.86034,1.31059],[103.86107,1.30985],[103.86059,1.30938],[103.85986,1.31012],[103.86034,1.31059]]]}},{"type":"Feature","properties":{"name":"","kind":"park"},"geometry":{"type":"Polygon","coordinates":[[[103.77447,1.30667],[103.77466,1.30655],[103.77485,1.30635],[103.7749,1.3061],[103.77489,1.30598],[103.77482,1.30581],[103.77461,1.30567],[103.77439,1.30542],[103.77431,1.30572],[103.7743,1.30606],[103.77384,1.30685],[103.77425,1.30676],[103.77447,1.30667]]]}},{"type":"Feature","properties":{"name":"","kind":"beach"},"geometry":{"type":"Polygon","coordinates":[[[103.72557,1.46466],[103.72575,1.46463],[103.72581,1.46459],[103.7259,1.46436],[103.7261,1.46426],[103.72627,1.46409],[103.7264,1.46389],[103.72649,1.46367],[103.72659,1.46332],[103.72646,1.46307],[103.72604,1.46355],[103.72563,1.46423],[103.72549,1.46434],[103.72537,1.46469],[103.72554,1.46476],[103.72557,1.46466]]]}},{"type":"Feature","properties":{"name":"","kind":"park"},"geometry":{"type":"Polygon","coordinates":[[[103.59193,1.4768],[103.59184,1.47699],[103.59224,1.47801],[103.5933,1.47826],[103.59193,1.4768]]]}},{"type":"Feature","properties":{"name":"","kind":"pitch"},"geometry":{"type":"Polygon","coordinates":[[[103.73026,1.34629],[103.73019,1.34617],[103.72967,1.34617],[103.72961,1.34623],[103.7296,1.34714],[103.72979,1.34724],[103.73025,1.34725],[103.73026,1.34629]]]}},{"type":"Feature","properties":{"name":"Kampong Glam Park","kind":"park"},"geometry":{"type":"Polygon","coordinates":[[[103.86266,1.30286],[103.86262,1.30284],[103.8625,1.30303],[103.86301,1.30334],[103.86311,1.30318],[103.86315,1.30321],[103.86336,1.30287],[103.86331,1.30284],[103.86353,1.30249],[103.86286,1.30207],[103.86263,1.30244],[103.86284,1.30257],[103.86266,1.30286]]]}},{"type":"Feature","properties":{"name":"Soo Chow Garden","kind":"park"},"geometry":{"type":"Polygon","coordinates":[[[103.832,1.35414],[103.83257,1.3539],[103.83232,1.3534],[103.83239,1.35324],[103.83206,1.3531],[103.83143,1.35371],[103.83187,1.3541],[103.83182,1.35415],[103.83192,1.35424],[103.83202,1.35416],[103.832,1.35414]]]}},{"type":"Feature","properties":{"name":"","kind":"pitch"},"geometry":{"type":"Polygon","coordinates":[[[103.89212,1.46825],[103.89127,1.46865],[103.89139,1.46891],[103.89127,1.46897],[103.89143,1.46931],[103.8924,1.46886],[103.89212,1.46825]]]}},{"type":"Feature","properties":{"name":"Raffles Place Park","kind":"park"},"geometry":{"type":"Polygon","coordinates":[[[103.85175,1.285],[103.85159,1.28361],[103.85161,1.28352],[103.85153,1.28271],[103.85125,1.28273],[103.85134,1.2837],[103.85126,1.28376],[103.85139,1.28483],[103.85175,1.285]]]}},{"type":"Feature","properties":{"name":"Mei Hwan Drive Playground","kind":"park"},"geometry":{"type":"Polygon","coordinates":[[[103.86403,1.35358],[103.86337,1.3528],[103.8631,1.35333],[103.8629,1.35337],[103.86302,1.35387],[103.86344,1.35378],[103.86399,1.35375],[103.86405,1.35367],[103.86403,1.35358]]]}},{"type":"Feature","properties":{"name":"\u8db3\u7403\u5834","kind":"pitch"},"geometry":{"type":"Polygon","coordinates":[[[103.77962,1.46865],[103.77874,1.46784],[103.77838,1.46826],[103.77927,1.46906],[103.77962,1.46865]]]}},{"type":"Feature","properties":{"name":"","kind":"pitch"},"geometry":{"type":"Polygon","coordinates":[[[103.84228,1.34243],[103.84227,1.34331],[103.84229,1.34338],[103.84283,1.34338],[103.84291,1.34333],[103.84292,1.34237],[103.84232,1.34238],[103.84228,1.34243]]]}},{"type":"Feature","properties":{"name":"","kind":"pitch"},"geometry":{"type":"Polygon","coordinates":[[[103.89635,1.30933],[103.89682,1.30932],[103.8972,1.30843],[103.89703,1.30836],[103.89707,1.30826],[103.8967,1.3081],[103.89633,1.30904],[103.89635,1.30933]]]}},{"type":"Feature","properties":{"name":"Tavistock Avenue Park","kind":"park"},"geometry":{"type":"Polygon","coordinates":[[[103.86497,1.37005],[103.86573,1.37053],[103.86575,1.37086],[103.86567,1.37096],[103.86588,1.37111],[103.86584,1.3702],[103.86566,1.36926],[103.86497,1.37005]]]}},{"type":"Feature","properties":{"name":"Pitch 1","kind":"pitch"},"geometry":{"type":"Polygon","coordinates":[[[103.86648,1.34366],[103.86728,1.34326],[103.86692,1.34264],[103.86655,1.34281],[103.86613,1.34324],[103.86648,1.34366]]]}},{"type":"Feature","properties":{"name":"","kind":"pitch"},"geometry":{"type":"Polygon","coordinates":[[[103.82801,1.32371],[103.82741,1.32404],[103.82787,1.32488],[103.82845,1.32457],[103.82801,1.32371]]]}},{"type":"Feature","properties":{"name":"","kind":"park"},"geometry":{"type":"Polygon","coordinates":[[[103.76075,1.45505],[103.76273,1.45557],[103.76277,1.45554],[103.7628,1.45544],[103.76281,1.45539],[103.76278,1.45536],[103.76137,1.45499],[103.75979,1.45466],[103.75975,1.45486],[103.76075,1.45505]]]}},{"type":"Feature","properties":{"name":"","kind":"pitch"},"geometry":{"type":"Polygon","coordinates":[[[103.74109,1.4598],[103.74018,1.46008],[103.74037,1.46072],[103.74129,1.46044],[103.74109,1.4598]]]}},{"type":"Feature","properties":{"name":"","kind":"pitch"},"geometry":{"type":"Polygon","coordinates":[[[103.74087,1.45912],[103.73996,1.4594],[103.74015,1.46004],[103.74107,1.45976],[103.74087,1.45912]]]}},{"type":"Feature","properties":{"name":"","kind":"park"},"geometry":{"type":"Polygon","coordinates":[[[103.8637,1.32155],[103.86502,1.32077],[103.86513,1.32072],[103.86521,1.32074],[103.86506,1.32048],[103.86424,1.32097],[103.86379,1.32117],[103.86302,1.32125],[103.86344,1.32179],[103.8637,1.32155]]]}},{"type":"Feature","properties":{"name":"","kind":"pitch"},"geometry":{"type":"Polygon","coordinates":[[[103.83556,1.3254],[103.83534,1.32601],[103.83625,1.32634],[103.83647,1.32573],[103.83556,1.3254]]]}},{"type":"Feature","properties":{"name":"Duxton Plain Park","kind":"park"},"geometry":{"type":"Polygon","coordinates":[[[103.84132,1.27886],[103.841,1.27945],[103.84098,1.2796],[103.84106,1.28037],[103.84114,1.28045],[103.84121,1.28077],[103.84143,1.28112],[103.84123,1.28138],[103.84167,1.28189],[103.84183,1.28156],[103.84183,1.2814],[103.84158,1.28141],[103.84148,1.28114],[103.84155,1.28111],[103.84146,1.28087],[103.84146,1.28075],[103.84127,1.28021],[103.8412,1.27963],[103.84123,1.27917],[103.84132,1.27886]]]}},{"type":"Feature","properties":{"name":"","kind":"pitch"},"geometry":{"type":"Polygon","coordinates":[[[103.78582,1.30299],[103.78625,1.30251],[103.78552,1.30186],[103.78509,1.30233],[103.78582,1.30299]]]}},{"type":"Feature","properties":{"name":"","kind":"pitch"},"geometry":{"type":"Polygon","coordinates":[[[103.80368,1.27507],[103.8027,1.27505],[103.80268,1.27569],[103.80367,1.2757],[103.80368,1.27507]]]}},{"type":"Feature","properties":{"name":"","kind":"pitch"},"geometry":{"type":"Polygon","coordinates":[[[103.78268,1.30212],[103.78227,1.30119],[103.78171,1.30144],[103.78212,1.30236],[103.78268,1.30212]]]}},{"type":"Feature","properties":{"name":"","kind":"park"},"geometry":{"type":"Polygon","coordinates":[[[103.65707,1.46915],[103.65712,1.46908],[103.65706,1.46861],[103.65694,1.46857],[103.656,1.46872],[103.65609,1.46929],[103.65707,1.46915]]]}},{"type":"Feature","properties":{"name":"","kind":"beach"},"geometry":{"type":"Polygon","coordinates":[[[103.93512,1.30575],[103.93519,1.3058],[103.93519,1.30583],[103.93525,1.30583],[103.93529,1.30591],[103.93535,1.30595],[103.93533,1.30603],[103.9354,1.30603],[103.93539,1.30605],[103.93546,1.30608],[103.93547,1.30604],[103.9355,1.30604],[103.93547,1.30606],[103.93553,1.30608],[103.93553,1.3061],[103.93567,1.30613],[103.9356,1.30615],[103.93562,1.3062],[103.93559,1.30623],[103.93564,1.30622],[103.93566,1.30625],[103.93573,1.30622],[103.93577,1.30633],[103.93584,1.30633],[103.93589,1.3064],[103.9362,1.30646],[103.93623,1.30654],[103.93634,1.30654],[103.93641,1.30649],[103.93653,1.30647],[103.93656,1.30643],[103.93667,1.30643],[103.93671,1.30645],[103.93678,1.30657],[103.93687,1.30664],[103.93744,1.30686],[103.9375,1.30685],[103.93761,1.3069],[103.93803,1.30696],[103.93826,1.30705],[103.93837,1.30715],[103.93842,1.307],[103.93849,1.30693],[103.93738,1.30669],[103.93691,1.30651],[103.93682,1.30644],[103.93679,1.30632],[103.9366,1.30625],[103.93649,1.30626],[103.93529,1.30587],[103.93527,1.30584],[103.93512,1.30575]]]}},{"type":"Feature","properties":{"name":"","kind":"pitch"},"geometry":{"type":"Polygon","coordinates":[[[103.65062,1.43622],[103.65007,1.43703],[103.65058,1.43738],[103.65114,1.43657],[103.65062,1.43622]]]}},{"type":"Feature","properties":{"name":"Campus Park","kind":"park"},"geometry":{"type":"Polygon","coordinates":[[[103.81784,1.31995],[103.8182,1.31994],[103.81841,1.32019],[103.81847,1.32021],[103.81866,1.32018],[103.81888,1.31998],[103.81894,1.31981],[103.81895,1.31967],[103.81888,1.31959],[103.81866,1.31944],[103.81861,1.31909],[103.81857,1.31905],[103.81816,1.3196],[103.81806,1.31964],[103.81784,1.31995]]]}},{"type":"Feature","properties":{"name":"","kind":"pitch"},"geometry":{"type":"Polygon","coordinates":[[[103.81999,1.31988],[103.81944,1.3201],[103.81979,1.32097],[103.81985,1.32104],[103.82039,1.32082],[103.81999,1.31988]]]}},{"type":"Feature","properties":{"name":"","kind":"pitch"},"geometry":{"type":"Polygon","coordinates":[[[103.86381,1.33145],[103.86319,1.33136],[103.86306,1.33234],[103.86367,1.33242],[103.86381,1.33145]]]}},{"type":"Feature","properties":{"name":"","kind":"pitch"},"geometry":{"type":"Polygon","coordinates":[[[103.75418,1.35812],[103.75375,1.35768],[103.75304,1.35836],[103.75347,1.35881],[103.75418,1.35812]]]}},{"type":"Feature","properties":{"name":"","kind":"park"},"geometry":{"type":"Polygon","coordinates":[[[103.64645,1.46943],[103.6469,1.46907],[103.64625,1.46824],[103.6458,1.46859],[103.64645,1.46943]]]}},{"type":"Feature","properties":{"name":"","kind":"park"},"geometry":{"type":"Polygon","coordinates":[[[103.77192,1.29619],[103.77179,1.29582],[103.77236,1.29562],[103.77227,1.29536],[103.77201,1.29523],[103.77189,1.29548],[103.77163,1.29536],[103.77154,1.29558],[103.77138,1.29564],[103.77118,1.29553],[103.77131,1.29589],[103.77095,1.29602],[103.77098,1.29615],[103.77172,1.29613],[103.77192,1.29619]]]}},{"type":"Feature","properties":{"name":"","kind":"pitch"},"geometry":{"type":"Polygon","coordinates":[[[103.69532,1.33816],[103.69476,1.33794],[103.69441,1.33887],[103.69498,1.33909],[103.69532,1.33816]]]}},{"type":"Feature","properties":{"name":"","kind":"park"},"geometry":{"type":"Polygon","coordinates":[[[103.78403,1.31296],[103.78383,1.31333],[103.78393,1.314],[103.78407,1.31438],[103.78411,1.3144],[103.78423,1.31432],[103.78458,1.31364],[103.78403,1.31296]]]}},{"type":"Feature","properties":{"name":"Bishan East Community Park","kind":"park"},"geometry":{"type":"Polygon","coordinates":[[[103.85248,1.34867],[103.85169,1.34884],[103.85161,1.34846],[103.85141,1.3485],[103.8516,1.34938],[103.85259,1.34916],[103.85248,1.34867]]]}},{"type":"Feature","properties":{"name":"","kind":"park"},"geometry":{"type":"Polygon","coordinates":[[[103.64883,1.47719],[103.64753,1.47655],[103.64733,1.4769],[103.64867,1.47755],[103.64883,1.47719]]]}},{"type":"Feature","properties":{"name":"","kind":"pitch"},"geometry":{"type":"Polygon","coordinates":[[[103.68926,1.47738],[103.68834,1.47762],[103.68849,1.47822],[103.68942,1.47798],[103.68926,1.47738]]]}},{"type":"Feature","properties":{"name":"Chartwell Drive Park","kind":"park"},"geometry":{"type":"Polygon","coordinates":[[[103.86382,1.36008],[103.86452,1.35918],[103.86433,1.35891],[103.86429,1.35889],[103.86342,1.35946],[103.86382,1.36008]]]}},{"type":"Feature","properties":{"name":"","kind":"beach"},"geometry":{"type":"Polygon","coordinates":[[[103.85519,1.22867],[103.85506,1.22897],[103.85488,1.22914],[103.85477,1.2292],[103.85465,1.22923],[103.85448,1.22922],[103.85409,1.2291],[103.85379,1.22886],[103.85366,1.22869],[103.85355,1.22851],[103.85341,1.228],[103.85336,1.22743],[103.8534,1.22695],[103.8536,1.22633],[103.85378,1.226],[103.85401,1.22569],[103.85412,1.22559],[103.8544,1.22543],[103.85463,1.22538],[103.85481,1.22538],[103.855,1.22543],[103.8552,1.22555],[103.85535,1.22573],[103.85544,1.22594],[103.85554,1.22595],[103.85542,1.22569],[103.85513,1.22543],[103.85503,1.22537],[103.85482,1.22533],[103.8545,1.22532],[103.85423,1.22544],[103.85395,1.22564],[103.85372,1.22594],[103.85353,1.22629],[103.85331,1.22694],[103.85327,1.2273],[103.85331,1.22802],[103.85337,1.22829],[103.85358,1.22875],[103.85372,1.22894],[103.85386,1.22905],[103.85406,1.22917],[103.85447,1.22929],[103.85461,1.2293],[103.85479,1.22926],[103.85493,1.22919],[103.85512,1.22901],[103.85526,1.22867],[103.85519,1.22867]]]}},{"type":"Feature","properties":{"name":"Jalan Pari Burong Playground","kind":"park"},"geometry":{"type":"Polygon","coordinates":[[[103.94741,1.33399],[103.94754,1.33384],[103.9478,1.33328],[103.94757,1.33317],[103.94729,1.33383],[103.94711,1.33377],[103.94713,1.33371],[103.94662,1.33349],[103.94653,1.3337],[103.94644,1.33366],[103.94639,1.33378],[103.9463,1.33373],[103.94622,1.33398],[103.94653,1.33386],[103.94654,1.33417],[103.94741,1.33399]]]}},{"type":"Feature","properties":{"name":"","kind":"pitch"},"geometry":{"type":"Polygon","coordinates":[[[103.84599,1.34444],[103.84502,1.34438],[103.84498,1.34498],[103.84595,1.34504],[103.84599,1.34444]]]}},{"type":"Feature","properties":{"name":"Kim Seng Linear Park","kind":"park"},"geometry":{"type":"Polygon","coordinates":[[[103.83302,1.2961],[103.83276,1.29522],[103.83417,1.29267],[103.83401,1.29264],[103.83259,1.2952],[103.83287,1.29612],[103.83302,1.2961]]]}},{"type":"Feature","properties":{"name":"Wilkinson Interim Park","kind":"park"},"geometry":{"type":"Polygon","coordinates":[[[103.88684,1.30229],[103.88736,1.30232],[103.8874,1.30181],[103.88739,1.30134],[103.88669,1.30141],[103.88684,1.30229]]]}},{"type":"Feature","properties":{"name":"","kind":"pitch"},"geometry":{"type":"Polygon","coordinates":[[[103.79757,1.3372],[103.79701,1.33694],[103.79662,1.33779],[103.79719,1.33805],[103.79757,1.3372]]]}},{"type":"Feature","properties":{"name":"","kind":"pitch"},"geometry":{"type":"Polygon","coordinates":[[[103.71873,1.33351],[103.71931,1.33369],[103.71958,1.33277],[103.71899,1.3326],[103.71873,1.33351]]]}},{"type":"Feature","properties":{"name":"Tai Hwan Terrace Playground","kind":"park"},"geometry":{"type":"Polygon","coordinates":[[[103.86014,1.35688],[103.86096,1.35629],[103.8609,1.35611],[103.86046,1.35603],[103.85985,1.35603],[103.86002,1.35673],[103.86014,1.35688]]]}},{"type":"Feature","properties":{"name":"","kind":"pitch"},"geometry":{"type":"Polygon","coordinates":[[[103.61647,1.43678],[103.61581,1.43677],[103.61579,1.43764],[103.61645,1.43765],[103.61647,1.43678]]]}},{"type":"Feature","properties":{"name":"","kind":"pitch"},"geometry":{"type":"Polygon","coordinates":[[[103.88001,1.30357],[103.87947,1.30331],[103.87906,1.30416],[103.8796,1.30442],[103.88001,1.30357]]]}},{"type":"Feature","properties":{"name":"","kind":"park"},"geometry":{"type":"Polygon","coordinates":[[[103.91385,1.41814],[103.91381,1.41737],[103.91343,1.41737],[103.91298,1.41763],[103.91298,1.41801],[103.91306,1.41801],[103.91329,1.41815],[103.91385,1.41814]]]}},{"type":"Feature","properties":{"name":"Neighbourhood Park","kind":"park"},"geometry":{"type":"Polygon","coordinates":[[[103.74103,1.3549],[103.7414,1.35456],[103.74138,1.35441],[103.74103,1.35402],[103.7408,1.35423],[103.74034,1.35373],[103.74018,1.35398],[103.74103,1.3549]]]}},{"type":"Feature","properties":{"name":"Delta Hockey Pitch","kind":"pitch"},"geometry":{"type":"Polygon","coordinates":[[[103.82095,1.2892],[103.82035,1.28926],[103.82045,1.2902],[103.82104,1.29014],[103.82095,1.2892]]]}},{"type":"Feature","properties":{"name":"Telok Kurau Park","kind":"park"},"geometry":{"type":"Polygon","coordinates":[[[103.91481,1.31549],[103.91497,1.31497],[103.914,1.31477],[103.91387,1.31526],[103.91382,1.31538],[103.91481,1.31549]]]}},{"type":"Feature","properties":{"name":"","kind":"pitch"},"geometry":{"type":"Polygon","coordinates":[[[103.7952,1.34115],[103.79465,1.34091],[103.79428,1.34179],[103.79483,1.34202],[103.7952,1.34115]]]}},{"type":"Feature","properties":{"name":"","kind":"pitch"},"geometry":{"type":"Polygon","coordinates":[[[103.73891,1.46364],[103.73847,1.46325],[103.73783,1.46397],[103.73829,1.46435],[103.73891,1.46364]]]}},{"type":"Feature","properties":{"name":"Town Green","kind":"park"},"geometry":{"type":"Polygon","coordinates":[[[103.77313,1.30529],[103.77328,1.30534],[103.77335,1.30542],[103.77338,1.30541],[103.77347,1.305],[103.77359,1.30466],[103.77354,1.30458],[103.77346,1.30457],[103.77341,1.30451],[103.77339,1.30442],[103.77333,1.3044],[103.77289,1.30481],[103.77263,1.30499],[103.7726,1.30506],[103.77267,1.30526],[103.77276,1.3053],[103.77301,1.30532],[103.77313,1.30529]]]}},{"type":"Feature","properties":{"name":"","kind":"pitch"},"geometry":{"type":"Polygon","coordinates":[[[103.80404,1.3278],[103.80471,1.32727],[103.8043,1.32676],[103.80363,1.32728],[103.80404,1.3278]]]}},{"type":"Feature","properties":{"name":"","kind":"pitch"},"geometry":{"type":"Polygon","coordinates":[[[103.80425,1.32911],[103.80345,1.32957],[103.80375,1.3301],[103.80455,1.32964],[103.80425,1.32911]]]}},{"type":"Feature","properties":{"name":"","kind":"pitch"},"geometry":{"type":"Polygon","coordinates":[[[103.85193,1.35488],[103.85172,1.35395],[103.85114,1.35409],[103.85135,1.35501],[103.85193,1.35488]]]}},{"type":"Feature","properties":{"name":"","kind":"pitch"},"geometry":{"type":"Polygon","coordinates":[[[103.88271,1.32333],[103.88224,1.32416],[103.88254,1.32439],[103.8831,1.32398],[103.8833,1.32371],[103.88271,1.32333]]]}},{"type":"Feature","properties":{"name":"","kind":"pitch"},"geometry":{"type":"Polygon","coordinates":[[[103.83359,1.33443],[103.83471,1.33411],[103.83462,1.3338],[103.83384,1.33403],[103.83303,1.33405],[103.83298,1.33428],[103.83348,1.33443],[103.83359,1.33443]]]}},{"type":"Feature","properties":{"name":"","kind":"park"},"geometry":{"type":"Polygon","coordinates":[[[103.62741,1.4145],[103.62743,1.41454],[103.62851,1.41465],[103.62854,1.4146],[103.62847,1.41404],[103.62844,1.414],[103.62836,1.41399],[103.62752,1.41415],[103.62749,1.41417],[103.62741,1.4145]]]}},{"type":"Feature","properties":{"name":"Clementi Sports Stadium","kind":"pitch"},"geometry":{"type":"Polygon","coordinates":[[[103.76282,1.31023],[103.76343,1.31023],[103.76343,1.30931],[103.76282,1.3093],[103.76282,1.31023]]]}},{"type":"Feature","properties":{"name":"","kind":"pitch"},"geometry":{"type":"Polygon","coordinates":[[[103.74565,1.31974],[103.74511,1.32005],[103.74555,1.32083],[103.74609,1.32051],[103.74565,1.31974]]]}},{"type":"Feature","properties":{"name":"","kind":"pitch"},"geometry":{"type":"Polygon","coordinates":[[[103.66816,1.47126],[103.6676,1.47127],[103.66762,1.47226],[103.66818,1.47225],[103.66816,1.47126]]]}},{"type":"Feature","properties":{"name":"","kind":"park"},"geometry":{"type":"Polygon","coordinates":[[[103.80147,1.27094],[103.80141,1.27074],[103.80148,1.27066],[103.80161,1.27062],[103.80163,1.26975],[103.80143,1.26975],[103.80112,1.26998],[103.80121,1.27015],[103.80109,1.27025],[103.80116,1.27071],[103.80129,1.27104],[103.8016,1.27135],[103.8016,1.27094],[103.80147,1.27094]]]}},{"type":"Feature","properties":{"name":"","kind":"pitch"},"geometry":{"type":"Polygon","coordinates":[[[103.76696,1.36891],[103.76644,1.3686],[103.76597,1.36938],[103.76649,1.3697],[103.76696,1.36891]]]}},{"type":"Feature","properties":{"name":"","kind":"pitch"},"geometry":{"type":"Polygon","coordinates":[[[103.88083,1.30403],[103.88027,1.30377],[103.87988,1.30458],[103.88044,1.30484],[103.88083,1.30403]]]}},{"type":"Feature","properties":{"name":"Binchang Rise Playground","kind":"park"},"geometry":{"type":"Polygon","coordinates":[[[103.84334,1.34822],[103.84307,1.34846],[103.84384,1.34936],[103.84403,1.34845],[103.84334,1.34822]]]}},{"type":"Feature","properties":{"name":"","kind":"pitch"},"geometry":{"type":"Polygon","coordinates":[[[103.93809,1.44481],[103.93776,1.44569],[103.93832,1.44589],[103.93864,1.44502],[103.93809,1.44481]]]}},{"type":"Feature","properties":{"name":"","kind":"pitch"},"geometry":{"type":"Polygon","coordinates":[[[103.93152,1.43526],[103.93097,1.43526],[103.93101,1.43621],[103.93159,1.43624],[103.93152,1.43526]]]}},{"type":"Feature","properties":{"name":"","kind":"park"},"geometry":{"type":"Polygon","coordinates":[[[103.94126,1.31964],[103.94136,1.31968],[103.94178,1.31966],[103.94174,1.31874],[103.94152,1.31875],[103.94095,1.31932],[103.94126,1.31964]]]}},{"type":"Feature","properties":{"name":"","kind":"pitch"},"geometry":{"type":"Polygon","coordinates":[[[103.84804,1.22109],[103.84704,1.22134],[103.84723,1.22189],[103.84819,1.22154],[103.84804,1.22109]]]}},{"type":"Feature","properties":{"name":"Petir Park","kind":"park"},"geometry":{"type":"Polygon","coordinates":[[[103.76855,1.37623],[103.76898,1.37597],[103.76843,1.37507],[103.76789,1.37541],[103.76804,1.37541],[103.76855,1.37623]]]}},{"type":"Feature","properties":{"name":"","kind":"pitch"},"geometry":{"type":"Polygon","coordinates":[[[103.78144,1.30399],[103.78146,1.30304],[103.78089,1.30303],[103.78087,1.30398],[103.78144,1.30399]]]}},{"type":"Feature","properties":{"name":"","kind":"pitch"},"geometry":{"type":"Polygon","coordinates":[[[103.61546,1.43759],[103.61489,1.43756],[103.61485,1.43848],[103.61542,1.4385],[103.61546,1.43759]]]}},{"type":"Feature","properties":{"name":"","kind":"beach"},"geometry":{"type":"Polygon","coordinates":[[[103.88458,1.28722],[103.88386,1.28685],[103.883,1.28611],[103.8826,1.28568],[103.88222,1.28511],[103.88214,1.28489],[103.88198,1.285],[103.88227,1.28554],[103.8829,1.28621],[103.88348,1.28675],[103.88383,1.28699],[103.88426,1.2872],[103.88455,1.28725],[103.88461,1.28729],[103.88484,1.2873],[103.88493,1.28724],[103.88492,1.28718],[103.88482,1.28723],[103.88458,1.28722]]]}},{"type":"Feature","properties":{"name":"","kind":"pitch"},"geometry":{"type":"Polygon","coordinates":[[[103.83399,1.36486],[103.83366,1.36421],[103.83361,1.36419],[103.83357,1.3641],[103.8335,1.36405],[103.83305,1.36428],[103.83347,1.36512],[103.83399,1.36486]]]}},{"type":"Feature","properties":{"name":"","kind":"pitch"},"geometry":{"type":"Polygon","coordinates":[[[103.74124,1.33897],[103.74111,1.33894],[103.74112,1.33856],[103.74058,1.33854],[103.74059,1.33942],[103.74123,1.33945],[103.74124,1.33897]]]}},{"type":"Feature","properties":{"name":"","kind":"pitch"},"geometry":{"type":"Polygon","coordinates":[[[103.87855,1.30365],[103.87906,1.30389],[103.87946,1.30305],[103.87895,1.30281],[103.87855,1.30365]]]}},{"type":"Feature","properties":{"name":"","kind":"pitch"},"geometry":{"type":"Polygon","coordinates":[[[103.75187,1.31848],[103.75133,1.31867],[103.75163,1.31951],[103.75217,1.31933],[103.75187,1.31848]]]}},{"type":"Feature","properties":{"name":"","kind":"pitch"},"geometry":{"type":"Polygon","coordinates":[[[103.71907,1.34142],[103.71971,1.34198],[103.72011,1.3415],[103.71945,1.34096],[103.71907,1.34142]]]}},{"type":"Feature","properties":{"name":"","kind":"pitch"},"geometry":{"type":"Polygon","coordinates":[[[103.76351,1.37411],[103.76335,1.37499],[103.76393,1.37509],[103.76408,1.37421],[103.76351,1.37411]]]}},{"type":"Feature","properties":{"name":"","kind":"pitch"},"geometry":{"type":"Polygon","coordinates":[[[103.85307,1.34098],[103.85252,1.34101],[103.85258,1.34195],[103.85313,1.34192],[103.85307,1.34098]]]}},{"type":"Feature","properties":{"name":"","kind":"pitch"},"geometry":{"type":"Polygon","coordinates":[[[103.59024,1.44869],[103.5894,1.44911],[103.58965,1.4496],[103.59049,1.44919],[103.59024,1.44869]]]}},{"type":"Feature","properties":{"name":"","kind":"pitch"},"geometry":{"type":"Polygon","coordinates":[[[103.82329,1.28835],[103.82274,1.28849],[103.82297,1.28937],[103.82352,1.28924],[103.82329,1.28835]]]}},{"type":"Feature","properties":{"name":"Lapangan Olahraga","kind":"pitch"},"geometry":{"type":"Polygon","coordinates":[[[104.03313,1.15926],[104.03319,1.15878],[104.03315,1.15849],[104.03307,1.15875],[104.0329,1.15863],[104.03227,1.15929],[104.03267,1.15963],[104.03313,1.15926]]]}},{"type":"Feature","properties":{"name":"Football Field","kind":"pitch"},"geometry":{"type":"Polygon","coordinates":[[[103.77799,1.29908],[103.77861,1.29913],[103.77867,1.2983],[103.77806,1.29825],[103.77799,1.29908]]]}},{"type":"Feature","properties":{"name":"","kind":"pitch"},"geometry":{"type":"Polygon","coordinates":[[[103.75137,1.46101],[103.75072,1.46159],[103.7511,1.46203],[103.75175,1.46145],[103.75137,1.46101]]]}},{"type":"Feature","properties":{"name":"Shangri-La Park","kind":"park"},"geometry":{"type":"Polygon","coordinates":[[[103.83261,1.37162],[103.83291,1.37194],[103.83298,1.37204],[103.83301,1.37203],[103.83298,1.3718],[103.83289,1.37158],[103.83238,1.37071],[103.83232,1.37067],[103.83196,1.37059],[103.83189,1.3706],[103.83194,1.37061],[103.8325,1.37172],[103.83261,1.37162]]]}},{"type":"Feature","properties":{"name":"Mei Hwan Crescent Playground","kind":"park"},"geometry":{"type":"Polygon","coordinates":[[[103.86208,1.35335],[103.86176,1.35209],[103.86141,1.35233],[103.86167,1.35342],[103.8617,1.35344],[103.86208,1.35335]]]}},{"type":"Feature","properties":{"name":"","kind":"park"},"geometry":{"type":"Polygon","coordinates":[[[103.62258,1.40837],[103.62247,1.40849],[103.62214,1.40904],[103.62211,1.40902],[103.62209,1.40908],[103.62208,1.40916],[103.62211,1.40922],[103.62231,1.40931],[103.62254,1.40901],[103.62328,1.4087],[103.62274,1.40832],[103.62258,1.40837]]]}},{"type":"Feature","properties":{"name":"Hooper Road Playground","kind":"park"},"geometry":{"type":"Polygon","coordinates":[[[103.84293,1.31163],[103.84283,1.31166],[103.84286,1.31231],[103.84272,1.31231],[103.84267,1.31239],[103.84258,1.31241],[103.8426,1.31259],[103.84322,1.31269],[103.84329,1.31281],[103.84357,1.31288],[103.84363,1.31259],[103.84346,1.31265],[103.84293,1.31163]]]}},{"type":"Feature","properties":{"name":"","kind":"pitch"},"geometry":{"type":"Polygon","coordinates":[[[103.84214,1.35506],[103.84163,1.35514],[103.84177,1.35608],[103.84229,1.356],[103.84214,1.35506]]]}},{"type":"Feature","properties":{"name":"","kind":"pitch"},"geometry":{"type":"Polygon","coordinates":[[[103.92691,1.30788],[103.92636,1.30778],[103.92621,1.30867],[103.92674,1.30876],[103.92691,1.30788]]]}},{"type":"Feature","properties":{"name":"","kind":"pitch"},"geometry":{"type":"Polygon","coordinates":[[[103.88653,1.30694],[103.886,1.3067],[103.88565,1.30747],[103.88618,1.30771],[103.88653,1.30694]]]}},{"type":"Feature","properties":{"name":"","kind":"pitch"},"geometry":{"type":"Polygon","coordinates":[[[103.81292,1.2922],[103.81236,1.29228],[103.81249,1.29315],[103.81305,1.29307],[103.81292,1.2922]]]}},{"type":"Feature","properties":{"name":"","kind":"beach"},"geometry":{"type":"Polygon","coordinates":[[[103.97575,1.31637],[103.9752,1.31616],[103.97502,1.31619],[103.97495,1.31628],[103.97482,1.3163],[103.97456,1.31627],[103.97382,1.31608],[103.97302,1.31619],[103.97204,1.31611],[103.97174,1.31601],[103.97168,1.3161],[103.97157,1.31611],[103.97193,1.31621],[103.9726,1.31631],[103.97317,1.31629],[103.97353,1.31622],[103.9739,1.31619],[103.97444,1.31635],[103.97493,1.3164],[103.97515,1.31626],[103.97552,1.31638],[103.97599,1.31648],[103.97614,1.31659],[103.97607,1.31636],[103.97575,1.31637]]]}},{"type":"Feature","properties":{"name":"","kind":"pitch"},"geometry":{"type":"Polygon","coordinates":[[[103.74032,1.3412],[103.74032,1.34033],[103.73976,1.34033],[103.73975,1.3412],[103.74032,1.3412]]]}},{"type":"Feature","properties":{"name":"","kind":"pitch"},"geometry":{"type":"Polygon","coordinates":[[[103.95626,1.33492],[103.95606,1.33413],[103.95548,1.33427],[103.95568,1.33507],[103.95626,1.33492]]]}},{"type":"Feature","properties":{"name":"Eng Kong Garden","kind":"park"},"geometry":{"type":"Polygon","coordinates":[[[103.76962,1.33659],[103.76902,1.33653],[103.76887,1.33681],[103.76873,1.33744],[103.76906,1.3375],[103.76962,1.33659]]]}},{"type":"Feature","properties":{"name":"","kind":"beach"},"geometry":{"type":"Polygon","coordinates":[[[103.95855,1.31266],[103.95853,1.31275],[103.95858,1.31281],[103.95859,1.31286],[103.95864,1.31288],[103.95868,1.31296],[103.95872,1.31297],[103.95873,1.31294],[103.959,1.31308],[103.95903,1.31313],[103.95981,1.31333],[103.95995,1.3134],[103.95996,1.31344],[103.96011,1.31349],[103.96019,1.31355],[103.96024,1.3135],[103.96028,1.31357],[103.96033,1.31357],[103.96034,1.31366],[103.9606,1.3138],[103.9607,1.31391],[103.96071,1.31381],[103.96083,1.31384],[103.96085,1.3138],[103.96097,1.31384],[103.96099,1.31381],[103.96108,1.31383],[103.96107,1.31375],[103.96116,1.3137],[103.96109,1.31363],[103.96103,1.31364],[103.96046,1.31341],[103.95893,1.31295],[103.95884,1.31291],[103.95867,1.31276],[103.9586,1.31265],[103.95855,1.31266]]]}},{"type":"Feature","properties":{"name":"","kind":"pitch"},"geometry":{"type":"Polygon","coordinates":[[[103.81915,1.31799],[103.81867,1.31819],[103.81902,1.31905],[103.81951,1.31885],[103.81915,1.31799]]]}},{"type":"Feature","properties":{"name":"","kind":"park"},"geometry":{"type":"Polygon","coordinates":[[[103.88819,1.31718],[103.88816,1.31711],[103.88527,1.31662],[103.88533,1.31679],[103.88812,1.31728],[103.88819,1.31718]]]}},{"type":"Feature","properties":{"name":"","kind":"pitch"},"geometry":{"type":"Polygon","coordinates":[[[103.67804,1.35033],[103.67804,1.34943],[103.67748,1.34943],[103.67748,1.35024],[103.67796,1.35034],[103.67804,1.35033]]]}},{"type":"Feature","properties":{"name":"Clover Crescent Neighbourhood Park","kind":"park"},"geometry":{"type":"Polygon","coordinates":[[[103.84427,1.35107],[103.84465,1.35139],[103.84482,1.35106],[103.84502,1.35104],[103.84505,1.35095],[103.84461,1.3507],[103.84432,1.35036],[103.84395,1.35072],[103.84427,1.35107]]]}},{"type":"Feature","properties":{"name":"Jalan Suria Park","kind":"park"},"geometry":{"type":"Polygon","coordinates":[[[103.59794,1.45541],[103.59736,1.4553],[103.59667,1.4557],[103.59696,1.4561],[103.59796,1.45546],[103.59794,1.45541]]]}},{"type":"Feature","properties":{"name":"Tanjong Pagar Park","kind":"park"},"geometry":{"type":"Polygon","coordinates":[[[103.8459,1.27656],[103.84605,1.27652],[103.84574,1.2763],[103.84486,1.27621],[103.8448,1.27628],[103.84485,1.27668],[103.84558,1.27676],[103.8459,1.27656]]]}},{"type":"Feature","properties":{"name":"","kind":"pitch"},"geometry":{"type":"Polygon","coordinates":[[[103.84943,1.34527],[103.84933,1.3444],[103.84878,1.34447],[103.84889,1.34534],[103.84943,1.34527]]]}},{"type":"Feature","properties":{"name":"Football Field","kind":"pitch"},"geometry":{"type":"Polygon","coordinates":[[[103.64964,1.44172],[103.65033,1.44216],[103.65064,1.44166],[103.64996,1.44123],[103.64964,1.44172]]]}},{"type":"Feature","properties":{"name":"Nanyang Ruby Park","kind":"park"},"geometry":{"type":"Polygon","coordinates":[[[103.69045,1.34346],[103.69049,1.34329],[103.69046,1.34296],[103.69039,1.34303],[103.69022,1.34289],[103.68963,1.34297],[103.68959,1.34305],[103.68964,1.34347],[103.68974,1.34354],[103.69045,1.34346]]]}},{"type":"Feature","properties":{"name":"Meyer Road Playground","kind":"park"},"geometry":{"type":"Polygon","coordinates":[[[103.89437,1.29903],[103.89463,1.29824],[103.89408,1.29806],[103.89383,1.29885],[103.89437,1.29903]]]}},{"type":"Feature","properties":{"name":"","kind":"park"},"geometry":{"type":"Polygon","coordinates":[[[103.77518,1.29371],[103.77513,1.29348],[103.77492,1.29355],[103.77461,1.29424],[103.77469,1.29456],[103.77493,1.29473],[103.77532,1.29382],[103.77518,1.29371]]]}},{"type":"Feature","properties":{"name":"Jalan Tekukor Playground","kind":"park"},"geometry":{"type":"Polygon","coordinates":[[[103.76728,1.34604],[103.76698,1.34578],[103.76703,1.34572],[103.76691,1.34561],[103.76627,1.34632],[103.76663,1.34665],[103.76728,1.34604]]]}},{"type":"Feature","properties":{"name":"one-north Park Fusionopolis North","kind":"park"},"geometry":{"type":"Polygon","coordinates":[[[103.79043,1.30129],[103.79097,1.30123],[103.79083,1.30051],[103.7905,1.30058],[103.79021,1.30057],[103.79014,1.30067],[103.79029,1.30119],[103.79043,1.30129]]]}},{"type":"Feature","properties":{"name":"Somme Road Playground","kind":"park"},"geometry":{"type":"Polygon","coordinates":[[[103.85823,1.31205],[103.85865,1.31172],[103.85811,1.31103],[103.85767,1.31137],[103.85823,1.31205]]]}},{"type":"Feature","properties":{"name":"","kind":"pitch"},"geometry":{"type":"Polygon","coordinates":[[[103.77363,1.31259],[103.77311,1.31253],[103.77299,1.31342],[103.77351,1.31349],[103.77363,1.31259]]]}},{"type":"Feature","properties":{"name":"Taman Damai Interim Park","kind":"park"},"geometry":{"type":"Polygon","coordinates":[[[103.72463,1.32894],[103.72465,1.32868],[103.72295,1.32871],[103.72296,1.32901],[103.72463,1.32894]]]}},{"type":"Feature","properties":{"name":"","kind":"pitch"},"geometry":{"type":"Polygon","coordinates":[[[103.84612,1.35505],[103.84642,1.35472],[103.84632,1.35451],[103.84584,1.35414],[103.84546,1.35462],[103.846,1.35502],[103.84612,1.35505]]]}},{"type":"Feature","properties":{"name":"","kind":"park"},"geometry":{"type":"Polygon","coordinates":[[[103.76111,1.4555],[103.76087,1.4553],[103.75969,1.45503],[103.75961,1.45541],[103.76071,1.4556],[103.76111,1.4555]]]}},{"type":"Feature","properties":{"name":"","kind":"park"},"geometry":{"type":"Polygon","coordinates":[[[103.89172,1.30594],[103.89226,1.30596],[103.89226,1.30601],[103.89257,1.30602],[103.89265,1.30499],[103.89192,1.30498],[103.89191,1.30502],[103.89171,1.30502],[103.89171,1.3052],[103.89164,1.30531],[103.89182,1.30533],[103.89186,1.30517],[103.8921,1.3051],[103.89232,1.30514],[103.89241,1.3052],[103.89247,1.30529],[103.89246,1.30564],[103.89242,1.30573],[103.89231,1.3058],[103.89191,1.30577],[103.8918,1.30566],[103.89181,1.30544],[103.89164,1.30543],[103.89164,1.30552],[103.89171,1.30553],[103.89172,1.30594]]]}},{"type":"Feature","properties":{"name":"Yunnan Park","kind":"park"},"geometry":{"type":"Polygon","coordinates":[[[103.69266,1.33778],[103.69292,1.33793],[103.69281,1.33815],[103.69293,1.3382],[103.69295,1.33818],[103.69303,1.33791],[103.69315,1.33769],[103.69333,1.33746],[103.69276,1.33678],[103.69266,1.33687],[103.69284,1.33711],[103.69254,1.33731],[103.69275,1.33759],[103.69266,1.33778]]]}},{"type":"Feature","properties":{"name":"Jurong East Baseball Field","kind":"pitch"},"geometry":{"type":"Polygon","coordinates":[[[103.7292,1.34463],[103.72895,1.34463],[103.72872,1.34475],[103.72859,1.34491],[103.72851,1.34508],[103.72847,1.34523],[103.72848,1.3454],[103.72921,1.34539],[103.7292,1.34463]]]}},{"type":"Feature","properties":{"name":"","kind":"park"},"geometry":{"type":"Polygon","coordinates":[[[103.83185,1.32141],[103.83201,1.32137],[103.83223,1.32202],[103.83229,1.32236],[103.8322,1.32264],[103.83216,1.32267],[103.83165,1.32266],[103.83149,1.32274],[103.83138,1.32286],[103.83133,1.323],[103.83171,1.32319],[103.83192,1.32299],[103.83167,1.32274],[103.83224,1.32271],[103.83234,1.32239],[103.83234,1.32223],[103.83229,1.32193],[103.8321,1.32129],[103.83205,1.32099],[103.83193,1.32071],[103.83182,1.3208],[103.83186,1.3209],[103.83172,1.32107],[103.83185,1.32141]]]}},{"type":"Feature","properties":{"name":"City Green","kind":"park"},"geometry":{"type":"Polygon","coordinates":[[[103.85601,1.31235],[103.85608,1.31229],[103.85626,1.31248],[103.85657,1.312],[103.85633,1.31189],[103.85594,1.31143],[103.85562,1.31192],[103.85601,1.31235]]]}},{"type":"Feature","properties":{"name":"Commonwealth Park","kind":"park"},"geometry":{"type":"Polygon","coordinates":[[[103.79796,1.2963],[103.79838,1.29611],[103.79825,1.29573],[103.79819,1.29563],[103.79726,1.29664],[103.79761,1.29688],[103.79783,1.29646],[103.79796,1.2963]]]}},{"type":"Feature","properties":{"name":"","kind":"park"},"geometry":{"type":"Polygon","coordinates":[[[103.73697,1.34064],[103.73721,1.3405],[103.73724,1.34055],[103.73752,1.3404],[103.73749,1.34006],[103.73697,1.34047],[103.73669,1.34012],[103.73685,1.33998],[103.73679,1.3399],[103.73608,1.34039],[103.7362,1.34056],[103.73692,1.34057],[103.73697,1.34064]]]}},{"type":"Feature","properties":{"name":"","kind":"park"},"geometry":{"type":"Polygon","coordinates":[[[103.62981,1.47698],[103.62915,1.47665],[103.62876,1.47632],[103.62838,1.4768],[103.6284,1.47698],[103.62981,1.47698]]]}},{"type":"Feature","properties":{"name":"Bedok Ria Park","kind":"park"},"geometry":{"type":"Polygon","coordinates":[[[103.95319,1.32686],[103.9526,1.32764],[103.95306,1.32789],[103.95355,1.32715],[103.95319,1.32686]]]}},{"type":"Feature","properties":{"name":"Kew Crescent Playground","kind":"park"},"geometry":{"type":"Polygon","coordinates":[[[103.94882,1.31866],[103.94845,1.31893],[103.94829,1.31917],[103.94812,1.32006],[103.94821,1.3201],[103.94898,1.3188],[103.94882,1.31866]]]}},{"type":"Feature","properties":{"name":"Penang Road Open Space","kind":"park"},"geometry":{"type":"Polygon","coordinates":[[[103.8416,1.29987],[103.8408,1.30002],[103.84085,1.30025],[103.84055,1.30033],[103.84073,1.30057],[103.84179,1.30022],[103.8416,1.29987]]]}},{"type":"Feature","properties":{"name":"Tras Link Park","kind":"park"},"geometry":{"type":"Polygon","coordinates":[[[103.84471,1.27666],[103.84461,1.27614],[103.8436,1.27632],[103.84354,1.27638],[103.84359,1.2767],[103.84408,1.27662],[103.84471,1.27666]]]}},{"type":"Feature","properties":{"name":"","kind":"pitch"},"geometry":{"type":"Polygon","coordinates":[[[103.91697,1.30956],[103.91709,1.30904],[103.91625,1.30884],[103.91613,1.30937],[103.91697,1.30956]]]}},{"type":"Feature","properties":{"name":"","kind":"park"},"geometry":{"type":"Polygon","coordinates":[[[103.79041,1.32823],[103.79062,1.3278],[103.79049,1.32765],[103.78972,1.32723],[103.78957,1.32753],[103.79016,1.32783],[103.78998,1.32791],[103.78996,1.32803],[103.79041,1.32823]]]}},{"type":"Feature","properties":{"name":"","kind":"pitch"},"geometry":{"type":"Polygon","coordinates":[[[103.84242,1.36759],[103.84187,1.36765],[103.84197,1.36847],[103.84251,1.36841],[103.84242,1.36759]]]}},{"type":"Feature","properties":{"name":"Cheng Soon Garden Playground","kind":"park"},"geometry":{"type":"Polygon","coordinates":[[[103.7716,1.33631],[103.77186,1.33614],[103.77206,1.33581],[103.772,1.33577],[103.77209,1.33555],[103.77198,1.33549],[103.77133,1.33544],[103.77144,1.33617],[103.7716,1.33631]]]}},{"type":"Feature","properties":{"name":"","kind":"pitch"},"geometry":{"type":"Polygon","coordinates":[[[103.75978,1.3423],[103.7593,1.34216],[103.75905,1.34302],[103.75953,1.34316],[103.75978,1.3423]]]}},{"type":"Feature","properties":{"name":"","kind":"park"},"geometry":{"type":"Polygon","coordinates":[[[103.8574,1.30651],[103.85684,1.30702],[103.85715,1.30751],[103.85776,1.30696],[103.8574,1.30651]]]}},{"type":"Feature","properties":{"name":"Buona Vista Node","kind":"park"},"geometry":{"type":"Polygon","coordinates":[[[103.79217,1.30664],[103.79159,1.30685],[103.79156,1.30682],[103.79134,1.307],[103.79139,1.30758],[103.79157,1.30754],[103.79153,1.30753],[103.79154,1.30747],[103.79142,1.30744],[103.79148,1.30722],[103.79228,1.30693],[103.79222,1.30714],[103.79193,1.30725],[103.79183,1.30741],[103.79175,1.30745],[103.79177,1.30747],[103.79186,1.30744],[103.79273,1.30684],[103.7924,1.30687],[103.79217,1.30664]],[[103.79154,1.30701],[103.79221,1.30676],[103.79154,1.30702],[103.79154,1.30701]]]}},{"type":"Feature","properties":{"name":"Admin Field","kind":"pitch"},"geometry":{"type":"Polygon","coordinates":[[[103.77727,1.33281],[103.77748,1.33242],[103.77739,1.33232],[103.77691,1.33222],[103.77682,1.33217],[103.77657,1.33264],[103.77658,1.33289],[103.77727,1.33281]]]}},{"type":"Feature","properties":{"name":"","kind":"park"},"geometry":{"type":"Polygon","coordinates":[[[103.72125,1.34244],[103.72094,1.34242],[103.72045,1.34231],[103.71997,1.34215],[103.71977,1.34203],[103.71902,1.34137],[103.71767,1.34028],[103.71774,1.34018],[103.71761,1.3401],[103.71763,1.34006],[103.71668,1.33943],[103.71681,1.33923],[103.71671,1.33917],[103.71657,1.33943],[103.71971,1.34204],[103.7199,1.34217],[103.72057,1.3424],[103.72125,1.34248],[103.72125,1.34244]]]}},{"type":"Feature","properties":{"name":"","kind":"park"},"geometry":{"type":"Polygon","coordinates":[[[103.88406,1.30457],[103.88411,1.30476],[103.88422,1.30488],[103.88456,1.30514],[103.88483,1.30526],[103.88519,1.30537],[103.8863,1.30554],[103.88631,1.3055],[103.88543,1.30531],[103.88552,1.30412],[103.88544,1.30411],[103.88537,1.30493],[103.88527,1.30502],[103.88499,1.30509],[103.88483,1.3051],[103.88467,1.30506],[103.88442,1.30492],[103.88424,1.30472],[103.88422,1.3046],[103.88423,1.30449],[103.8843,1.3043],[103.88406,1.30457]]]}},{"type":"Feature","properties":{"name":"Sports Field","kind":"pitch"},"geometry":{"type":"Polygon","coordinates":[[[103.79752,1.30865],[103.7979,1.30834],[103.79734,1.30764],[103.79695,1.30795],[103.79752,1.30865]]]}},{"type":"Feature","properties":{"name":"3G Park @ Shunfu","kind":"park"},"geometry":{"type":"Polygon","coordinates":[[[103.83793,1.34949],[103.83806,1.34956],[103.83828,1.34928],[103.83843,1.34926],[103.83854,1.34934],[103.83894,1.34929],[103.83893,1.34921],[103.83912,1.34918],[103.8392,1.34924],[103.83921,1.34915],[103.83906,1.34919],[103.83905,1.34906],[103.83897,1.34907],[103.83893,1.34881],[103.83903,1.34876],[103.83903,1.34872],[103.83857,1.3487],[103.83793,1.34949]]]}},{"type":"Feature","properties":{"name":"","kind":"pitch"},"geometry":{"type":"Polygon","coordinates":[[[103.7378,1.35196],[103.73756,1.35254],[103.73805,1.35295],[103.73836,1.35219],[103.7378,1.35196]]]}},{"type":"Feature","properties":{"name":"","kind":"pitch"},"geometry":{"type":"Polygon","coordinates":[[[103.95189,1.3254],[103.95145,1.32505],[103.95097,1.32565],[103.95141,1.326],[103.95189,1.3254]]]}},{"type":"Feature","properties":{"name":"Merlion Park","kind":"park"},"geometry":{"type":"Polygon","coordinates":[[[103.85462,1.28699],[103.85453,1.28697],[103.85456,1.28668],[103.85464,1.28661],[103.85449,1.28632],[103.85445,1.28633],[103.85445,1.28637],[103.85395,1.28496],[103.85354,1.28493],[103.85354,1.28505],[103.8539,1.28504],[103.85436,1.28642],[103.85422,1.28654],[103.85405,1.28654],[103.85412,1.28688],[103.85467,1.28708],[103.85483,1.28694],[103.85476,1.28687],[103.85462,1.28699]]]}},{"type":"Feature","properties":{"name":"","kind":"pitch"},"geometry":{"type":"Polygon","coordinates":[[[103.74306,1.34434],[103.74353,1.34418],[103.74354,1.3434],[103.74304,1.34339],[103.74304,1.34431],[103.74306,1.34434]]]}},{"type":"Feature","properties":{"name":"","kind":"pitch"},"geometry":{"type":"Polygon","coordinates":[[[103.66469,1.47222],[103.66419,1.47149],[103.66386,1.47216],[103.66448,1.47255],[103.66469,1.47222]]]}},{"type":"Feature","properties":{"name":"Jurong East Softball Field","kind":"pitch"},"geometry":{"type":"Polygon","coordinates":[[[103.72927,1.34537],[103.72992,1.34535],[103.72991,1.34519],[103.72986,1.34499],[103.72977,1.34479],[103.72949,1.34465],[103.72923,1.3446],[103.72923,1.34533],[103.72927,1.34537]]]}},{"type":"Feature","properties":{"name":"","kind":"pitch"},"geometry":{"type":"Polygon","coordinates":[[[103.8217,1.27549],[103.82132,1.27579],[103.82186,1.27647],[103.82224,1.27617],[103.8217,1.27549]]]}},{"type":"Feature","properties":{"name":"Temasek Shophouse Garden","kind":"park"},"geometry":{"type":"Polygon","coordinates":[[[103.84657,1.29913],[103.84644,1.29917],[103.84647,1.29926],[103.84598,1.29942],[103.84609,1.29976],[103.84616,1.29977],[103.84646,1.29949],[103.8467,1.29936],[103.84723,1.29919],[103.84731,1.2991],[103.84737,1.29879],[103.84703,1.29879],[103.84689,1.29884],[103.84697,1.29909],[103.8466,1.29922],[103.84657,1.29913]]]}},{"type":"Feature","properties":{"name":"","kind":"pitch"},"geometry":{"type":"Polygon","coordinates":[[[103.79594,1.34099],[103.79547,1.34077],[103.79513,1.34152],[103.7956,1.34173],[103.79594,1.34099]]]}},{"type":"Feature","properties":{"name":"","kind":"pitch"},"geometry":{"type":"Polygon","coordinates":[[[103.76759,1.42928],[103.76712,1.4285],[103.76673,1.42874],[103.7672,1.42952],[103.76759,1.42928]]]}},{"type":"Feature","properties":{"name":"","kind":"park"},"geometry":{"type":"Polygon","coordinates":[[[103.8527,1.28733],[103.85229,1.28685],[103.85181,1.28656],[103.85151,1.2866],[103.85165,1.28677],[103.85169,1.28674],[103.85187,1.28694],[103.85198,1.28701],[103.85203,1.28714],[103.852,1.28721],[103.85213,1.28739],[103.8522,1.28733],[103.85229,1.28734],[103.85244,1.28755],[103.8527,1.28733]]]}},{"type":"Feature","properties":{"name":"","kind":"park"},"geometry":{"type":"Polygon","coordinates":[[[103.83122,1.38065],[103.83113,1.38072],[103.83091,1.38116],[103.83087,1.38205],[103.83117,1.38208],[103.83116,1.38121],[103.83131,1.38094],[103.83151,1.38101],[103.83152,1.38078],[103.83122,1.38065]]]}},{"type":"Feature","properties":{"name":"","kind":"park"},"geometry":{"type":"Polygon","coordinates":[[[103.8182,1.2891],[103.81883,1.28893],[103.81882,1.28879],[103.8179,1.28886],[103.81753,1.28898],[103.81728,1.28913],[103.81743,1.28943],[103.8182,1.2891]]]}},{"type":"Feature","properties":{"name":"Astro","kind":"pitch"},"geometry":{"type":"Polygon","coordinates":[[[103.64712,1.44256],[103.64762,1.44189],[103.64724,1.44158],[103.64673,1.44226],[103.64712,1.44256]]]}},{"type":"Feature","properties":{"name":"Koon Seng Park","kind":"park"},"geometry":{"type":"Polygon","coordinates":[[[103.90285,1.3115],[103.90325,1.31093],[103.90286,1.31064],[103.90278,1.31065],[103.90237,1.31122],[103.90278,1.31151],[103.90285,1.3115]]]}},{"type":"Feature","properties":{"name":"","kind":"pitch"},"geometry":{"type":"Polygon","coordinates":[[[103.84247,1.37811],[103.84241,1.37891],[103.84292,1.37895],[103.84298,1.37814],[103.84247,1.37811]]]}},{"type":"Feature","properties":{"name":"Bidadari Greenway","kind":"park"},"geometry":{"type":"Polygon","coordinates":[[[103.87034,1.33442],[103.87084,1.33441],[103.87126,1.33455],[103.87147,1.33466],[103.87183,1.33497],[103.87212,1.33541],[103.87216,1.33557],[103.87227,1.33541],[103.87209,1.33506],[103.87194,1.33486],[103.87173,1.33466],[103.87141,1.33446],[103.87107,1.33432],[103.87014,1.33414],[103.87021,1.33432],[103.87034,1.33442]]]}},{"type":"Feature","properties":{"name":"","kind":"pitch"},"geometry":{"type":"Polygon","coordinates":[[[103.81256,1.28575],[103.81174,1.28596],[103.81186,1.28643],[103.81268,1.28622],[103.81256,1.28575]]]}},{"type":"Feature","properties":{"name":"","kind":"pitch"},"geometry":{"type":"Polygon","coordinates":[[[103.78514,1.30069],[103.78437,1.30098],[103.78454,1.30144],[103.78531,1.30115],[103.78514,1.30069]]]}},{"type":"Feature","properties":{"name":"Kim Seng Park","kind":"park"},"geometry":{"type":"Polygon","coordinates":[[[103.83605,1.29218],[103.83587,1.29251],[103.83574,1.29267],[103.83552,1.29279],[103.83518,1.29282],[103.83417,1.29267],[103.83399,1.293],[103.83425,1.29292],[103.83471,1.29298],[103.83518,1.29297],[103.83553,1.29286],[103.83583,1.29284],[103.836,1.29266],[103.83594,1.2926],[103.83615,1.29238],[103.83605,1.29218]]]}},{"type":"Feature","properties":{"name":"","kind":"pitch"},"geometry":{"type":"Polygon","coordinates":[[[103.71983,1.33161],[103.71936,1.33148],[103.71912,1.33227],[103.7196,1.33241],[103.71983,1.33161]]]}},{"type":"Feature","properties":{"name":"","kind":"pitch"},"geometry":{"type":"Polygon","coordinates":[[[103.7589,1.46609],[103.75918,1.46626],[103.75944,1.46578],[103.75907,1.46561],[103.75906,1.46557],[103.75876,1.46537],[103.75848,1.46572],[103.75892,1.46606],[103.7589,1.46609]]]}},{"type":"Feature","properties":{"name":"Pierce Secondary School Soccer Field","kind":"pitch"},"geometry":{"type":"Polygon","coordinates":[[[103.82888,1.36688],[103.82909,1.3668],[103.82904,1.36606],[103.82852,1.36611],[103.82859,1.3669],[103.82888,1.36688]]]}},{"type":"Feature","properties":{"name":"","kind":"park"},"geometry":{"type":"Polygon","coordinates":[[[103.87136,1.33401],[103.87154,1.33404],[103.87141,1.33446],[103.87152,1.33451],[103.87191,1.33327],[103.87116,1.3333],[103.87112,1.33349],[103.87145,1.33355],[103.87136,1.33401]]]}},{"type":"Feature","properties":{"name":"","kind":"pitch"},"geometry":{"type":"Polygon","coordinates":[[[103.75471,1.38315],[103.75514,1.38291],[103.75474,1.3822],[103.75431,1.38244],[103.75471,1.38315]]]}},{"type":"Feature","properties":{"name":"North Bridge Garden","kind":"park"},"geometry":{"type":"Polygon","coordinates":[[[103.86269,1.30411],[103.86209,1.30377],[103.8617,1.30434],[103.86248,1.30447],[103.86269,1.30411]]]}},{"type":"Feature","properties":{"name":"Pek Kio Park","kind":"park"},"geometry":{"type":"Polygon","coordinates":[[[103.84982,1.31702],[103.85,1.31681],[103.84905,1.31567],[103.84887,1.31584],[103.84982,1.31702]]]}},{"type":"Feature","properties":{"name":"","kind":"pitch"},"geometry":{"type":"Polygon","coordinates":[[[103.75191,1.34533],[103.75142,1.34533],[103.75142,1.34612],[103.75191,1.34612],[103.75191,1.34533]]]}},{"type":"Feature","properties":{"name":"Foo Hai Ch'an Monastery","kind":"common"},"geometry":{"type":"Polygon","coordinates":[[[103.88897,1.31807],[103.88882,1.31778],[103.88847,1.31771],[103.88801,1.31805],[103.88809,1.31827],[103.88839,1.31836],[103.88897,1.31807]]]}},{"type":"Feature","properties":{"name":"Bedok Terrace Playground","kind":"park"},"geometry":{"type":"Polygon","coordinates":[[[103.94781,1.3259],[103.94796,1.32551],[103.94766,1.3254],[103.94771,1.32528],[103.94727,1.32511],[103.94707,1.32561],[103.94781,1.3259]]]}},{"type":"Feature","properties":{"name":"","kind":"beach"},"geometry":{"type":"Polygon","coordinates":[[[103.85875,1.22509],[103.85883,1.22491],[103.85911,1.22466],[103.8595,1.22452],[103.85969,1.22454],[103.85983,1.22452],[103.85992,1.22446],[103.85995,1.22438],[103.8602,1.22419],[103.86046,1.22406],[103.86086,1.22402],[103.86103,1.22407],[103.86144,1.22423],[103.86148,1.22436],[103.86159,1.2244],[103.86169,1.22432],[103.86176,1.22422],[103.86176,1.22413],[103.86167,1.22416],[103.86145,1.22412],[103.86118,1.22406],[103.86091,1.22395],[103.86056,1.22396],[103.86027,1.22404],[103.86008,1.22414],[103.85973,1.22441],[103.85965,1.22438],[103.85933,1.22447],[103.8591,1.22457],[103.85888,1.22474],[103.85874,1.22495],[103.85864,1.22517],[103.85861,1.22538],[103.85877,1.22538],[103.85874,1.22526],[103.85875,1.22509]]]}},{"type":"Feature","properties":{"name":"Youth Olympic Park","kind":"park"},"geometry":{"type":"Polygon","coordinates":[[[103.86043,1.2887],[103.86014,1.28912],[103.86023,1.2893],[103.86026,1.28947],[103.86068,1.28944],[103.86076,1.28936],[103.86079,1.28928],[103.86074,1.28871],[103.86043,1.2887]]]}},{"type":"Feature","properties":{"name":"","kind":"park"},"geometry":{"type":"Polygon","coordinates":[[[103.86784,1.33378],[103.86794,1.33329],[103.86793,1.33319],[103.86746,1.33276],[103.86714,1.33308],[103.86784,1.33378]]]}},{"type":"Feature","properties":{"name":"Alexandra Canal Linear Park","kind":"park"},"geometry":{"type":"Polygon","coordinates":[[[103.81753,1.2924],[103.81574,1.2926],[103.81579,1.29283],[103.81755,1.2926],[103.81753,1.2924]]]}},{"type":"Feature","properties":{"name":"","kind":"park"},"geometry":{"type":"Polygon","coordinates":[[[103.8601,1.33105],[103.86009,1.33086],[103.86015,1.33063],[103.85978,1.33044],[103.85967,1.33035],[103.85958,1.33072],[103.85958,1.33121],[103.86015,1.33121],[103.8601,1.33105]]]}},{"type":"Feature","properties":{"name":"","kind":"park"},"geometry":{"type":"Polygon","coordinates":[[[103.83906,1.37273],[103.83924,1.37298],[103.83931,1.37301],[103.83985,1.37292],[103.83996,1.37284],[103.84011,1.37254],[103.83937,1.37248],[103.83906,1.37273]]]}},{"type":"Feature","properties":{"name":"","kind":"pitch"},"geometry":{"type":"Polygon","coordinates":[[[103.94418,1.3252],[103.94372,1.32507],[103.9435,1.32583],[103.94396,1.32596],[103.94418,1.3252]]]}},{"type":"Feature","properties":{"name":"","kind":"park"},"geometry":{"type":"Polygon","coordinates":[[[103.78111,1.31613],[103.78116,1.31612],[103.78173,1.31537],[103.78171,1.31533],[103.78098,1.3155],[103.78075,1.31565],[103.78075,1.3157],[103.78111,1.31613]]]}},{"type":"Feature","properties":{"name":"","kind":"pitch"},"geometry":{"type":"Polygon","coordinates":[[[103.66142,1.46814],[103.66148,1.46811],[103.66114,1.46744],[103.66074,1.46766],[103.66072,1.46773],[103.66098,1.46822],[103.6615,1.4683],[103.66142,1.46814]]]}},{"type":"Feature","properties":{"name":"","kind":"park"},"geometry":{"type":"Polygon","coordinates":[[[103.83723,1.37256],[103.83706,1.37205],[103.83702,1.37206],[103.83689,1.37169],[103.8368,1.37172],[103.83685,1.37195],[103.83723,1.37287],[103.83799,1.37261],[103.83798,1.37231],[103.83723,1.37256]]]}},{"type":"Feature","properties":{"name":"Kim Pong Park","kind":"park"},"geometry":{"type":"Polygon","coordinates":[[[103.83014,1.28385],[103.82998,1.28358],[103.82993,1.28342],[103.82993,1.28327],[103.82937,1.28332],[103.82952,1.28368],[103.82952,1.28397],[103.83013,1.28399],[103.83014,1.28385]]]}},{"type":"Feature","properties":{"name":"Community Park","kind":"park"},"geometry":{"type":"Polygon","coordinates":[[[103.85224,1.36108],[103.8504,1.36257],[103.8505,1.36269],[103.85234,1.3612],[103.85224,1.36108]]]}},{"type":"Feature","properties":{"name":"","kind":"park"},"geometry":{"type":"Polygon","coordinates":[[[103.77755,1.47648],[103.77721,1.4765],[103.77728,1.47756],[103.77763,1.47754],[103.77755,1.47648]]]}},{"type":"Feature","properties":{"name":"","kind":"pitch"},"geometry":{"type":"Polygon","coordinates":[[[103.75549,1.46481],[103.75497,1.46539],[103.75532,1.4657],[103.75584,1.46512],[103.75549,1.46481]]]}},{"type":"Feature","properties":{"name":"","kind":"pitch"},"geometry":{"type":"Polygon","coordinates":[[[103.75291,1.4281],[103.75278,1.42886],[103.75325,1.42894],[103.75338,1.42818],[103.75291,1.4281]]]}},{"type":"Feature","properties":{"name":"","kind":"park"},"geometry":{"type":"Polygon","coordinates":[[[103.86292,1.32113],[103.86325,1.32101],[103.86369,1.32098],[103.864,1.32086],[103.86493,1.32031],[103.86479,1.32008],[103.86468,1.32024],[103.86457,1.32034],[103.86402,1.32067],[103.86378,1.32078],[103.86305,1.32093],[103.86273,1.32091],[103.86292,1.32113]]]}},{"type":"Feature","properties":{"name":"","kind":"pitch"},"geometry":{"type":"Polygon","coordinates":[[[103.83455,1.33449],[103.83384,1.33454],[103.83383,1.33505],[103.83454,1.33501],[103.83455,1.33449]]]}},{"type":"Feature","properties":{"name":"","kind":"park"},"geometry":{"type":"Polygon","coordinates":[[[103.8548,1.3116],[103.85448,1.31125],[103.85397,1.31188],[103.85429,1.31218],[103.8548,1.3116]]]}},{"type":"Feature","properties":{"name":"Hilltop park","kind":"park"},"geometry":{"type":"Polygon","coordinates":[[[103.79406,1.30995],[103.79424,1.30934],[103.7938,1.30921],[103.79354,1.30996],[103.79391,1.31003],[103.79406,1.30995]]]}},{"type":"Feature","properties":{"name":"","kind":"pitch"},"geometry":{"type":"Polygon","coordinates":[[[103.77539,1.3099],[103.77599,1.3099],[103.77599,1.30971],[103.77587,1.3096],[103.77576,1.30944],[103.77556,1.309],[103.77539,1.309],[103.77539,1.3099]]]}},{"type":"Feature","properties":{"name":"","kind":"pitch"},"geometry":{"type":"Polygon","coordinates":[[[103.83639,1.36934],[103.83614,1.36861],[103.8357,1.36876],[103.83595,1.36949],[103.83639,1.36934]]]}},{"type":"Feature","properties":{"name":"Yan Kit Playfield","kind":"park"},"geometry":{"type":"Polygon","coordinates":[[[103.84221,1.27624],[103.84239,1.27616],[103.84213,1.27581],[103.84204,1.27517],[103.84198,1.27512],[103.84192,1.2749],[103.84176,1.27492],[103.84189,1.27601],[103.84208,1.27623],[103.84221,1.27624]]]}},{"type":"Feature","properties":{"name":"","kind":"park"},"geometry":{"type":"Polygon","coordinates":[[[103.85733,1.34098],[103.85693,1.34098],[103.85687,1.34191],[103.85725,1.34188],[103.85733,1.34098]]]}},{"type":"Feature","properties":{"name":"","kind":"park"},"geometry":{"type":"Polygon","coordinates":[[[103.82976,1.35935],[103.82984,1.35915],[103.82984,1.35904],[103.82959,1.35905],[103.82958,1.3589],[103.82994,1.35807],[103.82989,1.35801],[103.82968,1.35807],[103.82957,1.35817],[103.82942,1.35892],[103.82945,1.35926],[103.82954,1.35936],[103.82976,1.35935]]]}},{"type":"Feature","properties":{"name":"","kind":"pitch"},"geometry":{"type":"Polygon","coordinates":[[[103.85285,1.34301],[103.85312,1.34261],[103.85318,1.34241],[103.85242,1.34249],[103.8525,1.34311],[103.85285,1.34301]]]}},{"type":"Feature","properties":{"name":"","kind":"pitch"},"geometry":{"type":"Polygon","coordinates":[[[103.76179,1.31563],[103.7614,1.3159],[103.76158,1.31619],[103.76187,1.3165],[103.7622,1.31624],[103.76179,1.31563]]]}},{"type":"Feature","properties":{"name":"","kind":"pitch"},"geometry":{"type":"Polygon","coordinates":[[[103.75119,1.47315],[103.7508,1.47293],[103.75041,1.47361],[103.7508,1.47383],[103.75119,1.47315]]]}},{"type":"Feature","properties":{"name":"The Frontier Plaza @ Pioneer","kind":"park"},"geometry":{"type":"Polygon","coordinates":[[[103.70559,1.34059],[103.70562,1.34049],[103.70479,1.34019],[103.70476,1.34027],[103.70499,1.34073],[103.70484,1.34117],[103.70501,1.34122],[103.70516,1.34079],[103.70559,1.34059]]]}},{"type":"Feature","properties":{"name":"","kind":"pitch"},"geometry":{"type":"Polygon","coordinates":[[[103.75934,1.38769],[103.75908,1.38832],[103.75938,1.38838],[103.75959,1.38849],[103.75984,1.38789],[103.75934,1.38769]]]}},{"type":"Feature","properties":{"name":"","kind":"pitch"},"geometry":{"type":"Polygon","coordinates":[[[103.72042,1.33264],[103.72063,1.33191],[103.7202,1.33178],[103.71999,1.33251],[103.72042,1.33264]]]}},{"type":"Feature","properties":{"name":"","kind":"pitch"},"geometry":{"type":"Polygon","coordinates":[[[103.80206,1.30016],[103.80264,1.29963],[103.80234,1.29931],[103.80176,1.29984],[103.80206,1.30016]]]}},{"type":"Feature","properties":{"name":"Duxton Plain Park","kind":"park"},"geometry":{"type":"Polygon","coordinates":[[[103.84209,1.27754],[103.84237,1.2772],[103.84228,1.27709],[103.84228,1.2769],[103.84239,1.27681],[103.8422,1.27661],[103.84193,1.2768],[103.84217,1.27696],[103.84173,1.27775],[103.84155,1.27802],[103.8415,1.27837],[103.84204,1.27752],[103.84209,1.27754]]]}},{"type":"Feature","properties":{"name":"Zhongshan Park","kind":"park"},"geometry":{"type":"Polygon","coordinates":[[[103.84724,1.32755],[103.84718,1.32755],[103.8472,1.32717],[103.84728,1.32717],[103.84717,1.32673],[103.84692,1.32672],[103.84692,1.32729],[103.84673,1.32729],[103.84673,1.32742],[103.84678,1.32742],[103.84677,1.32762],[103.84723,1.32772],[103.84724,1.32755]]]}},{"type":"Feature","properties":{"name":"","kind":"park"},"geometry":{"type":"Polygon","coordinates":[[[103.84728,1.32606],[103.84804,1.32538],[103.84802,1.3253],[103.84763,1.32552],[103.84753,1.32549],[103.8474,1.32556],[103.84713,1.32507],[103.84713,1.32519],[103.84702,1.3254],[103.84728,1.32606]]]}},{"type":"Feature","properties":{"name":"","kind":"pitch"},"geometry":{"type":"Polygon","coordinates":[[[103.91905,1.45403],[103.9181,1.45404],[103.91811,1.45439],[103.91905,1.45439],[103.91905,1.45403]]]}},{"type":"Feature","properties":{"name":"Lorong 40 Geylang Playground","kind":"park"},"geometry":{"type":"Polygon","coordinates":[[[103.88894,1.31381],[103.88976,1.31396],[103.88982,1.31357],[103.88924,1.31346],[103.88902,1.31339],[103.88894,1.31381]]]}},{"type":"Feature","properties":{"name":"Lapangan Tg.Sengkuang","kind":"park"},"geometry":{"type":"Polygon","coordinates":[[[104.02319,1.18407],[104.02366,1.18399],[104.02342,1.18352],[104.02347,1.1835],[104.02336,1.18328],[104.02294,1.18342],[104.02319,1.18407]]]}},{"type":"Feature","properties":{"name":"","kind":"pitch"},"geometry":{"type":"Polygon","coordinates":[[[103.81929,1.29009],[103.82012,1.29001],[103.82008,1.28961],[103.81926,1.28969],[103.81929,1.29009]]]}},{"type":"Feature","properties":{"name":"Silat Avenue Park","kind":"park"},"geometry":{"type":"Polygon","coordinates":[[[103.82956,1.27617],[103.83,1.27634],[103.83048,1.27641],[103.83048,1.27632],[103.83042,1.27625],[103.83024,1.27621],[103.82972,1.27598],[103.82938,1.27577],[103.82925,1.27563],[103.82905,1.27579],[103.82913,1.27591],[103.82956,1.27617]]]}},{"type":"Feature","properties":{"name":"Buona Vista Estate Park","kind":"park"},"geometry":{"type":"Polygon","coordinates":[[[103.79527,1.30806],[103.79496,1.30832],[103.79528,1.30905],[103.79564,1.30872],[103.79527,1.30806]]]}},{"type":"Feature","properties":{"name":"","kind":"park"},"geometry":{"type":"Polygon","coordinates":[[[103.71643,1.3397],[103.71961,1.3423],[103.7199,1.34247],[103.72076,1.34272],[103.72095,1.34276],[103.72127,1.34277],[103.72127,1.34269],[103.72112,1.34269],[103.72054,1.34259],[103.72009,1.34248],[103.71979,1.34235],[103.71647,1.33966],[103.71643,1.3397]]]}},{"type":"Feature","properties":{"name":"","kind":"park"},"geometry":{"type":"Polygon","coordinates":[[[103.75269,1.31737],[103.75289,1.31733],[103.75327,1.31764],[103.75329,1.3176],[103.75363,1.31771],[103.75399,1.31772],[103.75416,1.31775],[103.75423,1.3176],[103.75403,1.31757],[103.7541,1.31721],[103.75414,1.31722],[103.75418,1.31712],[103.75408,1.31707],[103.75411,1.31689],[103.75398,1.3166],[103.75387,1.3166],[103.75388,1.31665],[103.75404,1.3169],[103.75396,1.31708],[103.75401,1.3172],[103.75395,1.31748],[103.75379,1.31748],[103.75373,1.31742],[103.75371,1.31746],[103.75359,1.31751],[103.75331,1.31756],[103.7526,1.31709],[103.75269,1.31737]]]}},{"type":"Feature","properties":{"name":"Beauty Garden Park","kind":"park"},"geometry":{"type":"Polygon","coordinates":[[[103.74906,1.36171],[103.74846,1.36169],[103.74844,1.36225],[103.74904,1.36225],[103.74906,1.36171]]]}},{"type":"Feature","properties":{"name":"","kind":"pitch"},"geometry":{"type":"Polygon","coordinates":[[[103.7701,1.30853],[103.76954,1.30843],[103.76944,1.309],[103.76999,1.3091],[103.7701,1.30853]]]}},{"type":"Feature","properties":{"name":"","kind":"pitch"},"geometry":{"type":"Polygon","coordinates":[[[103.75014,1.36412],[103.74972,1.36409],[103.74966,1.36486],[103.75008,1.3649],[103.75014,1.36412]]]}},{"type":"Feature","properties":{"name":"","kind":"pitch"},"geometry":{"type":"Polygon","coordinates":[[[103.72695,1.32094],[103.72655,1.32117],[103.72691,1.3218],[103.72731,1.32157],[103.72695,1.32094]]]}},{"type":"Feature","properties":{"name":"","kind":"park"},"geometry":{"type":"Polygon","coordinates":[[[103.62352,1.41402],[103.62358,1.41376],[103.62355,1.41373],[103.6225,1.41364],[103.62247,1.41393],[103.62349,1.41405],[103.62352,1.41402]]]}},{"type":"Feature","properties":{"name":"","kind":"park"},"geometry":{"type":"Polygon","coordinates":[[[103.88026,1.2998],[103.88061,1.2996],[103.88049,1.29935],[103.88009,1.29957],[103.8797,1.29947],[103.87956,1.29954],[103.88008,1.3001],[103.88026,1.2998]]]}},{"type":"Feature","properties":{"name":"","kind":"pitch"},"geometry":{"type":"Polygon","coordinates":[[[103.764,1.30608],[103.7638,1.30667],[103.76429,1.30684],[103.76449,1.30624],[103.764,1.30608]]]}},{"type":"Feature","properties":{"name":"","kind":"park"},"geometry":{"type":"Polygon","coordinates":[[[103.87472,1.31078],[103.87466,1.31083],[103.87458,1.31084],[103.8744,1.31078],[103.87431,1.31101],[103.87484,1.31122],[103.87513,1.31106],[103.87521,1.31072],[103.87478,1.31062],[103.87472,1.31078]]]}},{"type":"Feature","properties":{"name":"","kind":"pitch"},"geometry":{"type":"Polygon","coordinates":[[[103.63481,1.26906],[103.63409,1.26914],[103.63413,1.26958],[103.63485,1.26951],[103.63481,1.26906]]]}},{"type":"Feature","properties":{"name":"Kheam Hock Park","kind":"park"},"geometry":{"type":"Polygon","coordinates":[[[103.81962,1.33043],[103.81969,1.33019],[103.81922,1.33012],[103.81879,1.33056],[103.81912,1.33075],[103.81963,1.33049],[103.81962,1.33043]]]}},{"type":"Feature","properties":{"name":"","kind":"beach"},"geometry":{"type":"Polygon","coordinates":[[[103.93848,1.30719],[103.93847,1.30727],[103.93851,1.30726],[103.93851,1.3072],[103.93861,1.30722],[103.93864,1.3072],[103.93873,1.30729],[103.93882,1.30733],[103.93886,1.30725],[103.93891,1.30725],[103.93896,1.30733],[103.93903,1.30729],[103.93928,1.30739],[103.93936,1.30745],[103.93935,1.3075],[103.93943,1.30754],[103.93958,1.30754],[103.93962,1.30758],[103.93971,1.30756],[103.93971,1.30761],[103.93981,1.30753],[103.93996,1.30772],[103.94111,1.30812],[103.94114,1.30812],[103.94117,1.30802],[103.94005,1.30762],[103.93993,1.3075],[103.93974,1.30743],[103.93973,1.30746],[103.93953,1.30745],[103.93895,1.30724],[103.93859,1.30696],[103.93855,1.30696],[103.93848,1.30702],[103.93842,1.30717],[103.93848,1.30719]]]}},{"type":"Feature","properties":{"name":"","kind":"park"},"geometry":{"type":"Polygon","coordinates":[[[103.91167,1.45815],[103.91096,1.45847],[103.91114,1.45883],[103.91185,1.45852],[103.91167,1.45815]]]}},{"type":"Feature","properties":{"name":"East Coast Terrace Park","kind":"park"},"geometry":{"type":"Polygon","coordinates":[[[103.92406,1.3108],[103.9238,1.3107],[103.92456,1.30875],[103.92451,1.30874],[103.92353,1.31124],[103.92384,1.31138],[103.92406,1.3108]]]}},{"type":"Feature","properties":{"name":"","kind":"pitch"},"geometry":{"type":"Polygon","coordinates":[[[103.81128,1.25844],[103.81099,1.25842],[103.81092,1.25876],[103.8114,1.25915],[103.81165,1.25869],[103.81128,1.25844]]]}},{"type":"Feature","properties":{"name":"Senja Woods Park","kind":"park"},"geometry":{"type":"Polygon","coordinates":[[[103.76184,1.3892],[103.76202,1.38867],[103.76154,1.38845],[103.76135,1.38902],[103.76169,1.38917],[103.76184,1.3892]]]}},{"type":"Feature","properties":{"name":"","kind":"pitch"},"geometry":{"type":"Polygon","coordinates":[[[103.82984,1.3119],[103.8299,1.31198],[103.83,1.31202],[103.83015,1.31202],[103.83027,1.31193],[103.83031,1.31185],[103.8303,1.31133],[103.82983,1.31133],[103.82984,1.3119]]]}},{"type":"Feature","properties":{"name":"","kind":"park"},"geometry":{"type":"Polygon","coordinates":[[[103.74649,1.3199],[103.746,1.31999],[103.74599,1.31993],[103.74582,1.31996],[103.74613,1.32051],[103.74662,1.3204],[103.74649,1.3199]]]}},{"type":"Feature","properties":{"name":"","kind":"pitch"},"geometry":{"type":"Polygon","coordinates":[[[103.76593,1.30058],[103.76531,1.30042],[103.76519,1.30089],[103.76581,1.30105],[103.76593,1.30058]]]}},{"type":"Feature","properties":{"name":"","kind":"pitch"},"geometry":{"type":"Polygon","coordinates":[[[103.76923,1.30056],[103.76907,1.30098],[103.76945,1.30135],[103.76967,1.30135],[103.76986,1.30127],[103.76931,1.30059],[103.76923,1.30056]]]}},{"type":"Feature","properties":{"name":"Serene Park Community Park","kind":"park"},"geometry":{"type":"Polygon","coordinates":[[[103.77262,1.47087],[103.77248,1.47156],[103.77286,1.47163],[103.77309,1.47096],[103.77262,1.47087]]]}},{"type":"Feature","properties":{"name":"King's Dock Park","kind":"park"},"geometry":{"type":"Polygon","coordinates":[[[103.81742,1.26434],[103.81768,1.26424],[103.81742,1.26359],[103.81678,1.26371],[103.81675,1.26383],[103.81685,1.26385],[103.81685,1.26392],[103.81726,1.26393],[103.81742,1.26434]]]}},{"type":"Feature","properties":{"name":"","kind":"beach"},"geometry":{"type":"Polygon","coordinates":[[[103.95613,1.31162],[103.95608,1.31164],[103.95623,1.31189],[103.95626,1.3119],[103.95632,1.31185],[103.95643,1.31191],[103.95647,1.31198],[103.9566,1.31205],[103.95683,1.31208],[103.95724,1.31228],[103.95749,1.31234],[103.95765,1.31234],[103.95809,1.31248],[103.95828,1.31247],[103.95835,1.31241],[103.95827,1.31236],[103.95821,1.31239],[103.95812,1.31238],[103.95634,1.31178],[103.95613,1.31162]]]}},{"type":"Feature","properties":{"name":"Siglap Park","kind":"park"},"geometry":{"type":"Polygon","coordinates":[[[103.92864,1.30958],[103.92848,1.30956],[103.92857,1.30998],[103.92852,1.31057],[103.92837,1.31124],[103.92812,1.31305],[103.92823,1.31306],[103.92845,1.31126],[103.92859,1.31059],[103.92865,1.3099],[103.92864,1.30958]]]}},{"type":"Feature","properties":{"name":"Chestnut Close Playground","kind":"park"},"geometry":{"type":"Polygon","coordinates":[[[103.77313,1.36902],[103.77316,1.36918],[103.77299,1.36915],[103.77299,1.36923],[103.77353,1.36931],[103.77356,1.36921],[103.77375,1.36921],[103.77374,1.36895],[103.77353,1.36881],[103.77314,1.36878],[103.773,1.36881],[103.77296,1.36898],[103.77313,1.36902]]]}},{"type":"Feature","properties":{"name":"Pemimpin Place Neighbourhood Park","kind":"park"},"geometry":{"type":"Polygon","coordinates":[[[103.8427,1.35377],[103.8429,1.35372],[103.84294,1.35368],[103.843,1.3529],[103.84297,1.35288],[103.84251,1.3531],[103.84249,1.35315],[103.84266,1.35374],[103.8427,1.35377]]]}},{"type":"Feature","properties":{"name":"","kind":"pitch"},"geometry":{"type":"Polygon","coordinates":[[[103.6997,1.33887],[103.69931,1.3388],[103.69917,1.33955],[103.69956,1.33962],[103.6997,1.33887]]]}},{"type":"Feature","properties":{"name":"Hoover Park","kind":"park"},"geometry":{"type":"Polygon","coordinates":[[[103.77325,1.34408],[103.77329,1.34405],[103.77344,1.34359],[103.77266,1.3437],[103.77276,1.34414],[103.77325,1.34408]]]}},{"type":"Feature","properties":{"name":"","kind":"park"},"geometry":{"type":"Polygon","coordinates":[[[103.79331,1.31006],[103.79314,1.30993],[103.79299,1.30988],[103.79301,1.3101],[103.79329,1.31016],[103.79377,1.31066],[103.79396,1.31045],[103.79416,1.31028],[103.79417,1.31023],[103.79331,1.31006]]]}},{"type":"Feature","properties":{"name":"Elite Park Avenue Park","kind":"park"},"geometry":{"type":"Polygon","coordinates":[[[103.9244,1.31614],[103.92458,1.31512],[103.92455,1.31509],[103.9243,1.31507],[103.92411,1.31608],[103.9244,1.31614]]]}},{"type":"Feature","properties":{"name":"","kind":"pitch"},"geometry":{"type":"Polygon","coordinates":[[[103.88008,1.32107],[103.87938,1.3208],[103.87923,1.32117],[103.87994,1.32144],[103.88008,1.32107]]]}},{"type":"Feature","properties":{"name":"","kind":"park"},"geometry":{"type":"Polygon","coordinates":[[[103.84479,1.27711],[103.84471,1.27666],[103.84414,1.27662],[103.84425,1.27721],[103.84479,1.27711]]]}},{"type":"Feature","properties":{"name":"","kind":"beach"},"geometry":{"type":"Polygon","coordinates":[[[104.07459,1.18727],[104.07442,1.18721],[104.07407,1.18722],[104.07403,1.18734],[104.07368,1.18731],[104.0736,1.18747],[104.07428,1.18754],[104.07462,1.18771],[104.07467,1.18761],[104.07468,1.18748],[104.07459,1.18727]]]}},{"type":"Feature","properties":{"name":"","kind":"park"},"geometry":{"type":"Polygon","coordinates":[[[103.62722,1.41457],[103.62731,1.41421],[103.62724,1.41417],[103.62659,1.41427],[103.62649,1.41468],[103.62722,1.41457]]]}},{"type":"Feature","properties":{"name":"Sennett Avenue Playground","kind":"park"},"geometry":{"type":"Polygon","coordinates":[[[103.93621,1.31729],[103.93674,1.317],[103.93675,1.31693],[103.93573,1.31674],[103.93568,1.31687],[103.93616,1.31721],[103.93621,1.31729]]]}},{"type":"Feature","properties":{"name":"King's Road Park","kind":"park"},"geometry":{"type":"Polygon","coordinates":[[[103.80425,1.31664],[103.80459,1.3169],[103.80506,1.31713],[103.80531,1.31674],[103.80514,1.31664],[103.80425,1.31664]]]}},{"type":"Feature","properties":{"name":"Mountbatten / Old Airport Road open space","kind":"park"},"geometry":{"type":"Polygon","coordinates":[[[103.88372,1.30583],[103.88331,1.30539],[103.88304,1.30564],[103.88298,1.3059],[103.88339,1.30609],[103.88347,1.30598],[103.88372,1.30583]]]}},{"type":"Feature","properties":{"name":"","kind":"pitch"},"geometry":{"type":"Polygon","coordinates":[[[103.76589,1.30759],[103.76611,1.30751],[103.76639,1.30726],[103.76623,1.30715],[103.76571,1.30703],[103.76556,1.30741],[103.76589,1.30759]]]}},{"type":"Feature","properties":{"name":"","kind":"park"},"geometry":{"type":"Polygon","coordinates":[[[103.86882,1.47598],[103.86961,1.47508],[103.86847,1.47567],[103.86882,1.47598]]]}},{"type":"Feature","properties":{"name":"Siglap Park","kind":"park"},"geometry":{"type":"Polygon","coordinates":[[[103.92774,1.31373],[103.92803,1.31346],[103.92815,1.31328],[103.92806,1.31327],[103.92798,1.31339],[103.92764,1.31368],[103.92674,1.31577],[103.92682,1.31579],[103.92774,1.31373]]]}},{"type":"Feature","properties":{"name":"Leban Park","kind":"park"},"geometry":{"type":"Polygon","coordinates":[[[103.82941,1.37243],[103.82906,1.37195],[103.82901,1.37206],[103.82897,1.37206],[103.82897,1.37213],[103.82912,1.37213],[103.82913,1.37267],[103.82876,1.37266],[103.82875,1.37286],[103.82942,1.37286],[103.82941,1.37243]]]}},{"type":"Feature","properties":{"name":"Alexandra Park Connector","kind":"park"},"geometry":{"type":"Polygon","coordinates":[[[103.81893,1.29227],[103.81916,1.29222],[103.81931,1.29223],[103.81942,1.29227],[103.81945,1.29224],[103.81944,1.29222],[103.81971,1.29216],[103.81989,1.29216],[103.82016,1.29211],[103.82039,1.29211],[103.82053,1.29207],[103.82079,1.29206],[103.82105,1.29201],[103.82138,1.292],[103.82165,1.29194],[103.82189,1.29199],[103.82191,1.29194],[103.82218,1.29188],[103.82246,1.29188],[103.82286,1.29181],[103.823,1.29182],[103.82314,1.2918],[103.82313,1.29175],[103.81892,1.29218],[103.81893,1.29227]]]}},{"type":"Feature","properties":{"name":"","kind":"pitch"},"geometry":{"type":"Polygon","coordinates":[[[103.83589,1.33339],[103.83593,1.33341],[103.83604,1.33319],[103.83599,1.33316],[103.83607,1.333],[103.83567,1.33281],[103.83557,1.33303],[103.83559,1.33304],[103.83543,1.33332],[103.83548,1.33335],[103.83547,1.33338],[103.83581,1.33355],[103.83589,1.33339]]]}},{"type":"Feature","properties":{"name":"","kind":"pitch"},"geometry":{"type":"Polygon","coordinates":[[[103.93937,1.32593],[103.93913,1.32626],[103.93963,1.32668],[103.93989,1.32631],[103.93937,1.32593]]]}},{"type":"Feature","properties":{"name":"Taman Permata Park","kind":"park"},"geometry":{"type":"Polygon","coordinates":[[[103.83546,1.35019],[103.83456,1.34954],[103.83447,1.34955],[103.83444,1.34965],[103.83447,1.3497],[103.83465,1.3498],[103.83456,1.3499],[103.83554,1.3504],[103.83561,1.35028],[103.83558,1.35023],[103.83546,1.35019]]]}},{"type":"Feature","properties":{"name":"","kind":"recreation_ground"},"geometry":{"type":"Polygon","coordinates":[[[103.7562,1.34791],[103.75564,1.34842],[103.75588,1.34869],[103.75644,1.34818],[103.7562,1.34791]]]}},{"type":"Feature","properties":{"name":"University Road Park","kind":"park"},"geometry":{"type":"Polygon","coordinates":[[[103.81731,1.32529],[103.81736,1.32569],[103.81793,1.32562],[103.81803,1.32548],[103.818,1.32521],[103.81731,1.32529]]]}},{"type":"Feature","properties":{"name":"","kind":"park"},"geometry":{"type":"Polygon","coordinates":[[[103.85059,1.37402],[103.84969,1.37406],[103.8497,1.37435],[103.8506,1.37432],[103.85059,1.37402]]]}},{"type":"Feature","properties":{"name":"","kind":"pitch"},"geometry":{"type":"Polygon","coordinates":[[[103.75093,1.31813],[103.75115,1.3187],[103.75156,1.31856],[103.75135,1.31797],[103.75093,1.31813]]]}},{"type":"Feature","properties":{"name":"Gelenggang Park","kind":"park"},"geometry":{"type":"Polygon","coordinates":[[[103.83021,1.37371],[103.83008,1.37335],[103.82997,1.37325],[103.82955,1.37325],[103.82954,1.3737],[103.83021,1.37371]]]}},{"type":"Feature","properties":{"name":"","kind":"beach"},"geometry":{"type":"Polygon","coordinates":[[[103.81655,1.25152],[103.81701,1.25122],[103.81721,1.25096],[103.81734,1.25073],[103.81726,1.25067],[103.81722,1.25079],[103.81713,1.25089],[103.81701,1.25097],[103.81632,1.25135],[103.81624,1.25138],[103.81617,1.25131],[103.8161,1.25132],[103.81604,1.25141],[103.81609,1.25149],[103.81629,1.2516],[103.81632,1.25158],[103.8161,1.25146],[103.81606,1.25138],[103.81609,1.25136],[103.81618,1.25138],[103.81636,1.25153],[103.81637,1.25149],[103.81646,1.25146],[103.81655,1.25152]]]}},{"type":"Feature","properties":{"name":"Ganges Avenue Open Space","kind":"park"},"geometry":{"type":"Polygon","coordinates":[[[103.83205,1.29104],[103.83208,1.29102],[103.83209,1.29052],[103.83152,1.29053],[103.83151,1.29094],[103.83205,1.29104]]]}},{"type":"Feature","properties":{"name":"","kind":"park"},"geometry":{"type":"Polygon","coordinates":[[[103.65982,1.47246],[103.65987,1.47204],[103.6591,1.47216],[103.65912,1.47246],[103.65982,1.47246]]]}},{"type":"Feature","properties":{"name":"","kind":"pitch"},"geometry":{"type":"Polygon","coordinates":[[[103.77599,1.3027],[103.77552,1.3027],[103.77552,1.30326],[103.77599,1.30326],[103.77599,1.3027]]]}},{"type":"Feature","properties":{"name":"","kind":"pitch"},"geometry":{"type":"Polygon","coordinates":[[[103.77491,1.33655],[103.77473,1.33598],[103.77431,1.33612],[103.7745,1.33668],[103.77491,1.33655]]]}},{"type":"Feature","properties":{"name":"","kind":"beach"},"geometry":{"type":"Polygon","coordinates":[[[103.95302,1.31139],[103.95315,1.31138],[103.95346,1.31125],[103.95355,1.31111],[103.95345,1.31107],[103.95339,1.31116],[103.95327,1.31123],[103.95308,1.31126],[103.9528,1.31121],[103.95228,1.31094],[103.95196,1.31085],[103.95163,1.31084],[103.95159,1.31087],[103.95162,1.31091],[103.95194,1.31097],[103.95273,1.31134],[103.95302,1.31139]]]}},{"type":"Feature","properties":{"name":"","kind":"beach"},"geometry":{"type":"Polygon","coordinates":[[[103.9616,1.31398],[103.96153,1.31413],[103.96159,1.3144],[103.96155,1.31458],[103.96162,1.31462],[103.96167,1.31452],[103.96186,1.3145],[103.96198,1.31453],[103.96205,1.31459],[103.96205,1.31466],[103.96208,1.31469],[103.9622,1.31473],[103.96224,1.31471],[103.96219,1.31469],[103.96218,1.31466],[103.96223,1.3146],[103.96219,1.31455],[103.96223,1.31452],[103.96158,1.31385],[103.96152,1.31394],[103.9616,1.31398]]]}},{"type":"Feature","properties":{"name":"Kew Avenue Playground","kind":"park"},"geometry":{"type":"Polygon","coordinates":[[[103.94841,1.32127],[103.94813,1.32174],[103.94853,1.32199],[103.9488,1.32151],[103.94841,1.32127]]]}},{"type":"Feature","properties":{"name":"Villa Verde Park extension","kind":"park"},"geometry":{"type":"Polygon","coordinates":[[[103.75467,1.38926],[103.75482,1.38889],[103.75487,1.38849],[103.75496,1.38841],[103.75462,1.38846],[103.75456,1.38857],[103.75436,1.38926],[103.75467,1.38926]]]}},{"type":"Feature","properties":{"name":"Sunset Heights Open Space","kind":"park"},"geometry":{"type":"Polygon","coordinates":[[[103.7692,1.32816],[103.76906,1.32776],[103.76897,1.32775],[103.76898,1.32761],[103.76896,1.32756],[103.76853,1.3278],[103.76889,1.32829],[103.7692,1.32816]]]}},{"type":"Feature","properties":{"name":"Astroturf","kind":"pitch"},"geometry":{"type":"Polygon","coordinates":[[[103.84639,1.34649],[103.84577,1.34662],[103.84587,1.34701],[103.84649,1.34687],[103.84639,1.34649]]]}},{"type":"Feature","properties":{"name":"Fuyong Interim Park","kind":"park"},"geometry":{"type":"Polygon","coordinates":[[[103.76936,1.3574],[103.7691,1.3573],[103.76843,1.35729],[103.76812,1.35752],[103.76939,1.35755],[103.76936,1.3574]]]}},{"type":"Feature","properties":{"name":"","kind":"pitch"},"geometry":{"type":"Polygon","coordinates":[[[103.77907,1.30212],[103.77876,1.30233],[103.77913,1.30288],[103.77945,1.30267],[103.77907,1.30212]]]}},{"type":"Feature","properties":{"name":"","kind":"pitch"},"geometry":{"type":"Polygon","coordinates":[[[103.7538,1.35387],[103.75344,1.35387],[103.75344,1.35454],[103.7538,1.35455],[103.7538,1.35387]]]}},{"type":"Feature","properties":{"name":"School Field","kind":"pitch"},"geometry":{"type":"Polygon","coordinates":[[[103.8929,1.30611],[103.89298,1.30527],[103.89268,1.30524],[103.89262,1.30609],[103.8929,1.30611]]]}},{"type":"Feature","properties":{"name":"","kind":"beach"},"geometry":{"type":"Polygon","coordinates":[[[103.86231,1.22159],[103.86204,1.22194],[103.86182,1.22211],[103.86142,1.2223],[103.86136,1.22238],[103.86107,1.22258],[103.86082,1.22264],[103.86057,1.22262],[103.86031,1.22243],[103.86026,1.22253],[103.86036,1.2227],[103.86082,1.22272],[103.86105,1.22263],[103.86171,1.22223],[103.8618,1.22225],[103.8621,1.22206],[103.86218,1.22188],[103.86231,1.22172],[103.86247,1.22176],[103.86255,1.22173],[103.86239,1.22141],[103.86231,1.22159]]]}},{"type":"Feature","properties":{"name":"","kind":"pitch"},"geometry":{"type":"Polygon","coordinates":[[[103.74029,1.3491],[103.73982,1.3491],[103.73981,1.34962],[103.74029,1.34962],[103.74029,1.3491]]]}},{"type":"Feature","properties":{"name":"","kind":"pitch"},"geometry":{"type":"Polygon","coordinates":[[[103.82652,1.32094],[103.8261,1.32108],[103.82605,1.32114],[103.82612,1.32141],[103.82632,1.32154],[103.82667,1.32143],[103.82652,1.32094]]]}},{"type":"Feature","properties":{"name":"","kind":"park"},"geometry":{"type":"Polygon","coordinates":[[[104.05026,1.14987],[104.05007,1.1499],[104.04997,1.15],[104.04993,1.15009],[104.04993,1.15019],[104.04999,1.15032],[104.05016,1.15042],[104.05035,1.15039],[104.05045,1.15029],[104.05048,1.1502],[104.05045,1.15001],[104.05035,1.14991],[104.05026,1.14987]]]}}]}