{"type":"Feature","properties":{},"geometry":{"type":"MultiPolygon","coordinates":[[[[103.73438,1.17733],[103.73472,1.17716],[103.73544,1.17666],[103.73593,1.17684],[103.73655,1.17692],[103.73743,1.17713],[103.73771,1.17715],[103.73808,1.17709],[103.73882,1.17679],[103.7391,1.17662],[103.73936,1.17663],[103.73954,1.17661],[103.74003,1.17643],[103.74026,1.17631],[103.74071,1.17596],[103.74179,1.17569],[103.74205,1.1756],[103.74222,1.1755],[103.74243,1.17532],[103.7426,1.1751],[103.74273,1.17485],[103.7428,1.17457],[103.74286,1.17393],[103.74279,1.17356],[103.74276,1.17322],[103.74267,1.17289],[103.74255,1.17263],[103.74209,1.17197],[103.74196,1.17182],[103.74173,1.17162],[103.74166,1.17145],[103.74151,1.17121],[103.74132,1.17101],[103.74108,1.17086],[103.74091,1.16994],[103.74086,1.16975],[103.74071,1.1694],[103.74091,1.16881],[103.74099,1.16796],[103.74101,1.16724],[103.74089,1.16676],[103.7407,1.16643],[103.74043,1.16616],[103.73986,1.16586],[103.73957,1.16576],[103.73925,1.16543],[103.73885,1.16522],[103.73828,1.16509],[103.7379,1.16508],[103.73762,1.16515],[103.7373,1.16529],[103.7371,1.16533],[103.73683,1.16529],[103.73661,1.16529],[103.73639,1.16532],[103.73618,1.1654],[103.73599,1.1655],[103.73576,1.1657],[103.73541,1.1659],[103.73506,1.16576],[103.73463,1.16567],[103.73435,1.16566],[103.73361,1.1658],[103.73343,1.16587],[103.73307,1.16606],[103.73286,1.16623],[103.73251,1.1666],[103.73229,1.16697],[103.73204,1.16726],[103.73183,1.16768],[103.73155,1.16787],[103.73131,1.16809],[103.73111,1.16841],[103.73087,1.16872],[103.73066,1.16916],[103.7306,1.16952],[103.73062,1.16979],[103.73023,1.17105],[103.7299,1.1712],[103.72961,1.17119],[103.72934,1.17124],[103.72909,1.17133],[103.72894,1.17143],[103.72866,1.17142],[103.72838,1.17148],[103.72812,1.17159],[103.72797,1.17169],[103.72762,1.17183],[103.72739,1.172],[103.7272,1.17221],[103.72706,1.17246],[103.72687,1.1729],[103.7268,1.17319],[103.7268,1.17348],[103.72689,1.17407],[103.72701,1.17439],[103.72727,1.17478],[103.72772,1.17517],[103.72836,1.17608],[103.72864,1.17634],[103.72886,1.1765],[103.72919,1.17664],[103.72958,1.17671],[103.72976,1.17691],[103.73004,1.17711],[103.73084,1.17754],[103.73121,1.17764],[103.73153,1.17765],[103.73176,1.17761],[103.73215,1.17763],[103.73263,1.17774],[103.73298,1.17775],[103.73347,1.17765],[103.73368,1.17757],[103.73401,1.17738],[103.73438,1.17733]]],[[[103.72858,1.19338],[103.72883,1.19333],[103.72921,1.19337],[103.7296,1.19332],[103.72996,1.19316],[103.73019,1.19298],[103.73037,1.19276],[103.73059,1.19236],[103.73077,1.19229],[103.731,1.19215],[103.73114,1.19202],[103.73141,1.19169],[103.73155,1.19146],[103.73192,1.19065],[103.73205,1.19049],[103.73227,1.19014],[103.73249,1.18988],[103.73262,1.18962],[103.73283,1.18934],[103.73294,1.18903],[103.73301,1.18874],[103.733,1.18834],[103.73307,1.18801],[103.73307,1.18767],[103.73313,1.18724],[103.73313,1.18704],[103.7331,1.18685],[103.73301,1.18658],[103.73262,1.18584],[103.73249,1.18569],[103.73226,1.18551],[103.73191,1.18535],[103.73147,1.18526],[103.73086,1.1853],[103.73071,1.18508],[103.73051,1.18488],[103.73028,1.18474],[103.73002,1.18464],[103.72996,1.18424],[103.73001,1.18397],[103.73001,1.18379],[103.72997,1.18353],[103.72991,1.18335],[103.7297,1.18286],[103.72954,1.18261],[103.72923,1.18229],[103.729,1.18214],[103.72873,1.18204],[103.72846,1.182],[103.72773,1.18205],[103.72741,1.18212],[103.7273,1.18211],[103.72715,1.18205],[103.72657,1.18161],[103.72637,1.18151],[103.72589,1.1813],[103.7256,1.18123],[103.72531,1.18123],[103.725,1.18128],[103.72474,1.18138],[103.72451,1.18153],[103.72368,1.18108],[103.72341,1.18099],[103.7233,1.18093],[103.72316,1.18067],[103.72304,1.18052],[103.7229,1.18039],[103.72266,1.18024],[103.72198,1.18001],[103.72148,1.17989],[103.72122,1.17986],[103.72096,1.17989],[103.72033,1.17907],[103.72011,1.1789],[103.71986,1.17877],[103.71968,1.17872],[103.71939,1.17869],[103.7189,1.17874],[103.71854,1.17884],[103.71829,1.17899],[103.71807,1.17919],[103.71796,1.17934],[103.71783,1.1796],[103.71775,1.17988],[103.71775,1.18027],[103.71789,1.18096],[103.71768,1.1819],[103.71766,1.18237],[103.71729,1.18296],[103.71718,1.1832],[103.71712,1.18346],[103.71708,1.18407],[103.71692,1.18455],[103.71677,1.18486],[103.7167,1.18519],[103.71638,1.18541],[103.71617,1.1856],[103.716,1.18584],[103.71587,1.1862],[103.71582,1.18675],[103.71586,1.18709],[103.71608,1.18764],[103.71628,1.18795],[103.71655,1.18823],[103.71679,1.18839],[103.71706,1.18849],[103.71745,1.18852],[103.71771,1.18865],[103.7179,1.18871],[103.71819,1.18873],[103.71875,1.18872],[103.71901,1.18868],[103.71925,1.18858],[103.71949,1.18861],[103.72059,1.18889],[103.72093,1.18893],[103.72144,1.1896],[103.72163,1.18993],[103.72147,1.19019],[103.72136,1.19055],[103.72132,1.19102],[103.72136,1.19129],[103.72141,1.19147],[103.72149,1.19163],[103.72165,1.19185],[103.72176,1.19213],[103.72186,1.1923],[103.72206,1.19251],[103.72239,1.19272],[103.72266,1.19281],[103.72295,1.19285],[103.72324,1.19281],[103.72368,1.19268],[103.72397,1.19281],[103.72427,1.19302],[103.72477,1.19322],[103.72515,1.19329],[103.72553,1.19325],[103.7259,1.1934],[103.72625,1.19345],[103.72648,1.19354],[103.72673,1.19359],[103.72752,1.19362],[103.72798,1.19357],[103.72858,1.19338]]],[[[103.72679,1.21174],[103.72743,1.21205],[103.72774,1.21241],[103.72798,1.21259],[103.72834,1.21274],[103.72863,1.21279],[103.72882,1.21278],[103.72911,1.21272],[103.72968,1.21244],[103.73018,1.21208],[103.7305,1.21177],[103.73081,1.21131],[103.73097,1.211],[103.73161,1.20893],[103.73181,1.2086],[103.73192,1.20835],[103.73197,1.20809],[103.73197,1.20776],[103.73191,1.20748],[103.73184,1.2073],[103.73212,1.20731],[103.7324,1.20725],[103.73266,1.20713],[103.73289,1.20696],[103.73467,1.20487],[103.73484,1.20458],[103.73496,1.20425],[103.735,1.204],[103.73498,1.2033],[103.73493,1.20311],[103.73481,1.20284],[103.73469,1.20268],[103.73448,1.20247],[103.73432,1.20236],[103.73393,1.20217],[103.73362,1.20206],[103.73225,1.20197],[103.73171,1.20196],[103.73139,1.20201],[103.7311,1.20193],[103.72906,1.20158],[103.72718,1.20118],[103.72675,1.20112],[103.72623,1.20112],[103.72547,1.20123],[103.7251,1.20136],[103.72472,1.20159],[103.72432,1.20174],[103.72392,1.20182],[103.72311,1.2019],[103.72145,1.20188],[103.7209,1.20183],[103.72055,1.20179],[103.72005,1.20168],[103.71832,1.20126],[103.7177,1.20119],[103.71676,1.2012],[103.71617,1.20125],[103.71519,1.20141],[103.71349,1.2018],[103.71057,1.20231],[103.70741,1.20277],[103.70695,1.20291],[103.70658,1.20316],[103.7064,1.20336],[103.706,1.20395],[103.70583,1.20428],[103.70579,1.20445],[103.70576,1.20472],[103.70576,1.20525],[103.7058,1.2055],[103.7061,1.20616],[103.70623,1.20637],[103.70647,1.20663],[103.70743,1.20741],[103.70818,1.20797],[103.70912,1.20841],[103.70987,1.20882],[103.71074,1.20963],[103.71098,1.20991],[103.71132,1.21048],[103.71176,1.21115],[103.71248,1.21189],[103.7127,1.21207],[103.71312,1.21234],[103.71374,1.21266],[103.71485,1.21296],[103.71575,1.21315],[103.71666,1.2133],[103.71881,1.21385],[103.7199,1.21432],[103.72066,1.2146],[103.72164,1.21482],[103.72201,1.21484],[103.72309,1.21462],[103.72439,1.21428],[103.72541,1.21391],[103.72566,1.21377],[103.72596,1.21349],[103.72612,1.21324],[103.72624,1.21287],[103.72626,1.21249],[103.7262,1.2122],[103.72603,1.21186],[103.72577,1.21157],[103.7255,1.2114],[103.72572,1.21128],[103.7259,1.21126],[103.72628,1.21132],[103.72651,1.21155],[103.72679,1.21174]]],[[[103.71399,1.29574],[103.71522,1.29582],[103.71555,1.2958],[103.71646,1.29564],[103.71901,1.2951],[103.7212,1.29457],[103.72146,1.29443],[103.72174,1.29418],[103.7219,1.29393],[103.72203,1.29357],[103.72227,1.2937],[103.72263,1.29379],[103.723,1.29377],[103.72336,1.29366],[103.7302,1.28977],[103.73041,1.28957],[103.73061,1.28924],[103.7307,1.28896],[103.73072,1.28867],[103.73069,1.28839],[103.73059,1.28811],[103.73026,1.28752],[103.73012,1.28734],[103.73347,1.28406],[103.73367,1.28372],[103.73375,1.28334],[103.73373,1.28295],[103.73363,1.28267],[103.73405,1.28306],[103.73431,1.28319],[103.73458,1.28327],[103.73478,1.28329],[103.73506,1.28326],[103.73534,1.28318],[103.73559,1.28303],[103.73902,1.27971],[103.74209,1.27702],[103.74229,1.27681],[103.74239,1.27665],[103.7425,1.27638],[103.74255,1.2761],[103.74254,1.27581],[103.7425,1.27562],[103.74239,1.27535],[103.74204,1.27489],[103.74274,1.2742],[103.74286,1.27405],[103.74299,1.27379],[103.74307,1.27352],[103.74309,1.27323],[103.74302,1.27285],[103.7429,1.27259],[103.74266,1.2723],[103.73873,1.26864],[103.73847,1.2685],[103.73819,1.26842],[103.73495,1.26705],[103.73515,1.2666],[103.73518,1.26642],[103.73519,1.26613],[103.73516,1.26595],[103.73507,1.26568],[103.73498,1.26552],[103.73481,1.26529],[103.72997,1.26149],[103.72969,1.26131],[103.72924,1.2611],[103.72914,1.26084],[103.72905,1.26067],[103.72888,1.26045],[103.72873,1.26033],[103.72849,1.26018],[103.72622,1.25912],[103.72595,1.25902],[103.72567,1.25899],[103.72548,1.259],[103.72529,1.25904],[103.72502,1.25915],[103.72396,1.25866],[103.72341,1.25852],[103.72287,1.25853],[103.72236,1.25866],[103.722,1.25883],[103.72078,1.25952],[103.72017,1.25957],[103.71978,1.25973],[103.71844,1.26047],[103.71824,1.26065],[103.71804,1.26095],[103.71797,1.26101],[103.71759,1.26108],[103.71722,1.26125],[103.71573,1.26206],[103.7153,1.26235],[103.71504,1.26264],[103.71477,1.26259],[103.71457,1.26259],[103.71438,1.26262],[103.7141,1.26271],[103.70957,1.26516],[103.70925,1.2654],[103.70891,1.26479],[103.71046,1.2639],[103.71131,1.2632],[103.71449,1.26141],[103.71493,1.26105],[103.71523,1.26065],[103.71536,1.2604],[103.7155,1.25997],[103.71555,1.25967],[103.71555,1.25939],[103.7155,1.25899],[103.71533,1.2585],[103.71509,1.25811],[103.71475,1.25776],[103.71501,1.25727],[103.71512,1.2569],[103.71513,1.25662],[103.7151,1.25643],[103.71497,1.25607],[103.71475,1.25576],[103.71453,1.25557],[103.71303,1.25473],[103.71285,1.25466],[103.71225,1.25451],[103.71208,1.25429],[103.71188,1.2541],[103.71098,1.25361],[103.7107,1.25353],[103.71042,1.25352],[103.71008,1.25333],[103.7098,1.25324],[103.70961,1.25322],[103.70933,1.25323],[103.70896,1.25333],[103.70871,1.25348],[103.70844,1.25375],[103.70825,1.25408],[103.7071,1.25349],[103.70703,1.25324],[103.70685,1.25294],[103.7066,1.25268],[103.70637,1.25252],[103.70595,1.25235],[103.70559,1.2523],[103.70527,1.25198],[103.70496,1.25181],[103.70347,1.25125],[103.7032,1.25119],[103.7029,1.25103],[103.70117,1.25042],[103.70074,1.2504],[103.70034,1.2503],[103.70006,1.25031],[103.69971,1.2504],[103.69939,1.25059],[103.69681,1.24963],[103.6964,1.24956],[103.69611,1.24957],[103.69584,1.24965],[103.69553,1.2498],[103.69532,1.24997],[103.6951,1.25024],[103.69494,1.25057],[103.6933,1.25636],[103.69317,1.25693],[103.69263,1.25866],[103.69234,1.25978],[103.69028,1.26168],[103.68976,1.26111],[103.69032,1.26058],[103.69052,1.26025],[103.6906,1.25998],[103.69063,1.25969],[103.69061,1.25949],[103.69053,1.25922],[103.69045,1.25904],[103.69028,1.25881],[103.68833,1.25663],[103.68887,1.25473],[103.68909,1.25458],[103.68927,1.25438],[103.68941,1.25414],[103.6895,1.25389],[103.69312,1.23922],[103.69316,1.23903],[103.69316,1.23874],[103.6931,1.23846],[103.69302,1.23828],[103.69281,1.23797],[103.68634,1.23089],[103.68603,1.23067],[103.68567,1.23055],[103.68539,1.23053],[103.68501,1.23059],[103.68489,1.23016],[103.68463,1.2298],[103.682,1.22714],[103.68173,1.22693],[103.68152,1.22666],[103.67875,1.22387],[103.6785,1.22373],[103.67832,1.22366],[103.67814,1.22362],[103.67785,1.2236],[103.67767,1.22363],[103.67739,1.22372],[103.67707,1.22392],[103.67515,1.222],[103.67487,1.22179],[103.67451,1.22158],[103.67396,1.22136],[103.67338,1.22125],[103.67307,1.22123],[103.67272,1.22126],[103.67228,1.22133],[103.672,1.22142],[103.67142,1.22169],[103.67104,1.22196],[103.6708,1.22217],[103.67055,1.22245],[103.67025,1.22288],[103.66855,1.22646],[103.66837,1.22715],[103.66827,1.22797],[103.66829,1.22854],[103.66844,1.22897],[103.66861,1.22923],[103.66888,1.22949],[103.66914,1.22965],[103.6695,1.22977],[103.66987,1.2298],[103.67016,1.22975],[103.67046,1.22964],[103.67075,1.22947],[103.67086,1.22973],[103.67096,1.22988],[103.67108,1.23003],[103.67129,1.23021],[103.672,1.23055],[103.67228,1.2306],[103.67248,1.23061],[103.67276,1.23056],[103.67303,1.23045],[103.67327,1.23029],[103.67347,1.23009],[103.67362,1.22984],[103.67458,1.22782],[103.67476,1.22801],[103.67481,1.22836],[103.67501,1.22877],[103.67471,1.22899],[103.67453,1.22921],[103.67444,1.22937],[103.6739,1.23053],[103.67384,1.2308],[103.67384,1.23106],[103.67376,1.23111],[103.67347,1.23112],[103.67328,1.23116],[103.67302,1.23127],[103.67286,1.23138],[103.67235,1.23175],[103.67215,1.23194],[103.67194,1.23226],[103.67185,1.23253],[103.67166,1.23267],[103.66862,1.23269],[103.66834,1.23276],[103.66817,1.23284],[103.66793,1.23301],[103.6678,1.23314],[103.66763,1.23338],[103.66752,1.23365],[103.66747,1.23393],[103.66747,1.23442],[103.6674,1.23454],[103.66716,1.2347],[103.66702,1.23484],[103.6668,1.23516],[103.66667,1.23546],[103.66659,1.23574],[103.66657,1.23593],[103.6666,1.23623],[103.6639,1.24191],[103.66204,1.24418],[103.66187,1.24446],[103.66078,1.24716],[103.66063,1.24736],[103.66051,1.24758],[103.65851,1.25255],[103.65823,1.25279],[103.65803,1.2531],[103.65785,1.25355],[103.65781,1.25391],[103.65756,1.25404],[103.65734,1.25421],[103.65722,1.25435],[103.65707,1.25459],[103.6541,1.26194],[103.65404,1.26222],[103.65404,1.26249],[103.65409,1.26277],[103.65425,1.2631],[103.65247,1.26751],[103.65239,1.26784],[103.65238,1.27006],[103.6524,1.27031],[103.65247,1.27055],[103.65247,1.27296],[103.65252,1.27324],[103.65263,1.2735],[103.65278,1.27374],[103.65299,1.27394],[103.65764,1.27758],[103.6578,1.27769],[103.65807,1.2778],[103.65836,1.27786],[103.65866,1.27785],[103.65903,1.27774],[103.65929,1.27758],[103.65956,1.2773],[103.6605,1.27599],[103.66319,1.27786],[103.66343,1.27822],[103.66363,1.2784],[103.66391,1.27859],[103.66417,1.27872],[103.66445,1.27879],[103.66474,1.27881],[103.665,1.27877],[103.66531,1.27899],[103.66548,1.27931],[103.66573,1.27957],[103.66764,1.28092],[103.6678,1.28102],[103.66807,1.28112],[103.66834,1.28117],[103.66862,1.28115],[103.67192,1.28348],[103.672,1.28365],[103.67216,1.28389],[103.67236,1.28409],[103.67259,1.28425],[103.67283,1.28438],[103.67309,1.28445],[103.67334,1.28469],[103.67366,1.28489],[103.67393,1.28499],[103.67412,1.28502],[103.67562,1.28607],[103.68029,1.2889],[103.68034,1.28928],[103.68045,1.28954],[103.68066,1.28985],[103.68096,1.29009],[103.68239,1.29093],[103.68266,1.29105],[103.68294,1.29111],[103.68332,1.2911],[103.6836,1.29101],[103.68385,1.29087],[103.68472,1.29121],[103.68468,1.29159],[103.68471,1.29188],[103.68477,1.29206],[103.68486,1.29223],[103.68503,1.29247],[103.68524,1.29266],[103.6854,1.29276],[103.68567,1.29286],[103.68814,1.29354],[103.68833,1.29358],[103.68862,1.29359],[103.6889,1.29353],[103.68908,1.29346],[103.68924,1.29336],[103.68946,1.29318],[103.68969,1.29286],[103.68985,1.29237],[103.6901,1.29244],[103.69045,1.29245],[103.69069,1.29257],[103.69086,1.29262],[103.69083,1.29289],[103.69084,1.29318],[103.69088,1.29337],[103.69099,1.29363],[103.69109,1.2938],[103.69129,1.29401],[103.69153,1.29417],[103.6917,1.29425],[103.69198,1.29433],[103.69563,1.29484],[103.69602,1.29482],[103.69629,1.29472],[103.69646,1.29463],[103.69668,1.29445],[103.69691,1.29414],[103.69705,1.29378],[103.69714,1.29314],[103.69715,1.29295],[103.69712,1.29267],[103.69703,1.2924],[103.69694,1.29223],[103.6967,1.29194],[103.69646,1.29177],[103.69629,1.29169],[103.69649,1.29152],[103.69671,1.29125],[103.69683,1.29102],[103.69695,1.2907],[103.697,1.2904],[103.697,1.29008],[103.69694,1.28977],[103.69686,1.28953],[103.69662,1.28914],[103.69564,1.288],[103.69555,1.28773],[103.69535,1.28741],[103.69515,1.28722],[103.69475,1.28697],[103.69255,1.28444],[103.69231,1.28337],[103.69204,1.28244],[103.69193,1.28218],[103.69177,1.28194],[103.68711,1.27727],[103.68627,1.27644],[103.68604,1.27625],[103.68715,1.27523],[103.69718,1.28599],[103.69752,1.28626],[103.69773,1.28661],[103.69941,1.28844],[103.69962,1.28862],[103.69985,1.28876],[103.70011,1.28884],[103.70038,1.28887],[103.70043,1.28905],[103.70055,1.2893],[103.70097,1.28983],[103.70127,1.29007],[103.70144,1.29015],[103.70171,1.29024],[103.70183,1.29038],[103.70174,1.29064],[103.70171,1.29102],[103.70175,1.2913],[103.70185,1.29156],[103.702,1.2918],[103.70237,1.29225],[103.70342,1.29336],[103.70374,1.29355],[103.70401,1.29364],[103.70429,1.29366],[103.70457,1.29362],[103.70461,1.29392],[103.70471,1.2942],[103.70487,1.29445],[103.70508,1.29466],[103.70542,1.29485],[103.7057,1.29493],[103.70594,1.29496],[103.7061,1.29504],[103.70636,1.29513],[103.70719,1.29521],[103.70737,1.29519],[103.70764,1.29511],[103.70825,1.29511],[103.70996,1.29491],[103.70998,1.29664],[103.71002,1.29693],[103.70999,1.29718],[103.71009,1.30683],[103.70956,1.3079],[103.70948,1.30817],[103.70946,1.30846],[103.70948,1.30866],[103.70957,1.30894],[103.70965,1.30911],[103.70983,1.30934],[103.7103,1.30974],[103.71052,1.30989],[103.71078,1.31002],[103.71097,1.31007],[103.71127,1.31009],[103.71156,1.31004],[103.71183,1.30994],[103.71208,1.30977],[103.71227,1.30958],[103.71256,1.30919],[103.71293,1.30854],[103.71317,1.30787],[103.71328,1.30725],[103.71331,1.30669],[103.71329,1.30532],[103.71514,1.3053],[103.71552,1.30524],[103.71579,1.30512],[103.71609,1.30489],[103.71631,1.30458],[103.71644,1.30422],[103.71647,1.30393],[103.71644,1.29956],[103.71641,1.29927],[103.71631,1.29898],[103.71653,1.29884],[103.71674,1.29864],[103.7169,1.2984],[103.71698,1.29823],[103.71705,1.29795],[103.71706,1.29775],[103.71705,1.29724],[103.717,1.29695],[103.71688,1.29668],[103.71671,1.29644],[103.71649,1.29624],[103.71623,1.2961],[103.71605,1.29604],[103.71578,1.296],[103.71377,1.29601],[103.71376,1.29569],[103.71399,1.29574]]],[[[103.64915,1.28972],[103.65101,1.28623],[103.65116,1.28589],[103.65133,1.28536],[103.65149,1.28465],[103.65154,1.28402],[103.65154,1.28348],[103.65147,1.28283],[103.65136,1.28226],[103.65115,1.28156],[103.65092,1.28104],[103.65062,1.28051],[103.65038,1.28015],[103.64978,1.27947],[103.64953,1.27922],[103.64907,1.27886],[103.6483,1.27837],[103.64744,1.27801],[103.64743,1.27785],[103.64708,1.27728],[103.64683,1.27707],[103.64644,1.27691],[103.64575,1.27692],[103.64526,1.27685],[103.64403,1.27694],[103.64355,1.27709],[103.64313,1.2771],[103.64256,1.27736],[103.64172,1.27742],[103.64126,1.27732],[103.64052,1.27738],[103.63989,1.27762],[103.63949,1.27806],[103.63932,1.27872],[103.63934,1.27964],[103.63972,1.28402],[103.63963,1.28441],[103.63967,1.28506],[103.63638,1.28536],[103.63581,1.28574],[103.6355,1.28635],[103.63547,1.28674],[103.63586,1.29184],[103.63594,1.29221],[103.63613,1.29255],[103.63658,1.29293],[103.63725,1.29308],[103.64516,1.29247],[103.64563,1.29233],[103.64742,1.29142],[103.64792,1.2911],[103.64834,1.29072],[103.6487,1.29027],[103.64893,1.29005],[103.64915,1.28972]],[[103.64374,1.28076],[103.64274,1.28084],[103.64267,1.28017],[103.64352,1.2801],[103.6436,1.2805],[103.64374,1.28076]]],[[[103.66037,1.28545],[103.66014,1.28559],[103.65995,1.28578],[103.65562,1.29093],[103.65549,1.29116],[103.6554,1.2915],[103.65521,1.2938],[103.65525,1.29406],[103.65534,1.29431],[103.6556,1.29467],[103.65782,1.29653],[103.65801,1.29675],[103.65886,1.29745],[103.65796,1.29859],[103.65716,1.29918],[103.65693,1.29941],[103.65677,1.29964],[103.65666,1.2999],[103.6566,1.30028],[103.65665,1.30065],[103.6568,1.301],[103.65697,1.30123],[103.65725,1.30151],[103.65895,1.30262],[103.65916,1.30289],[103.65936,1.30305],[103.66084,1.30399],[103.66111,1.30408],[103.66148,1.30411],[103.66167,1.30408],[103.66193,1.304],[103.6621,1.30391],[103.66232,1.30374],[103.66406,1.30188],[103.66421,1.30169],[103.66533,1.29994],[103.66654,1.29737],[103.66666,1.29695],[103.66667,1.29634],[103.66815,1.29454],[103.66832,1.29426],[103.66893,1.29351],[103.66903,1.29334],[103.66914,1.29307],[103.66918,1.29279],[103.66918,1.29259],[103.66909,1.29222],[103.66895,1.29196],[103.66883,1.29181],[103.66674,1.29005],[103.66673,1.28975],[103.66637,1.28974],[103.66614,1.28957],[103.66246,1.28739],[103.66228,1.28641],[103.66221,1.28615],[103.66203,1.28584],[103.66178,1.28559],[103.66148,1.28542],[103.66114,1.28533],[103.6607,1.28534],[103.66037,1.28545]]],[[[103.73709,1.30711],[103.73729,1.30689],[103.73743,1.30665],[103.73752,1.30637],[103.73755,1.30618],[103.73752,1.30579],[103.73726,1.30461],[103.73821,1.30439],[103.73839,1.3043],[103.73869,1.30407],[103.73887,1.30384],[103.73903,1.30349],[103.73908,1.3032],[103.73905,1.30282],[103.7389,1.30213],[103.73877,1.30179],[103.73863,1.30156],[103.73844,1.30137],[103.73829,1.30127],[103.73793,1.30111],[103.73755,1.30107],[103.73726,1.3011],[103.73653,1.30129],[103.73626,1.30009],[103.73612,1.29969],[103.7359,1.29938],[103.73569,1.2992],[103.73553,1.2991],[103.73518,1.29899],[103.73484,1.29847],[103.73505,1.29829],[103.73528,1.29798],[103.7354,1.29762],[103.73542,1.29724],[103.73534,1.29687],[103.73463,1.29536],[103.73437,1.29507],[103.73414,1.29491],[103.73387,1.2948],[103.73368,1.29476],[103.73339,1.29475],[103.7332,1.29478],[103.73302,1.29483],[103.72983,1.29633],[103.72958,1.29648],[103.72931,1.29675],[103.72913,1.2971],[103.72908,1.29729],[103.72905,1.29757],[103.72909,1.29786],[103.72918,1.29814],[103.72976,1.29938],[103.72997,1.29971],[103.73018,1.29991],[103.73053,1.30009],[103.7308,1.30015],[103.7311,1.30016],[103.73095,1.30041],[103.73086,1.30069],[103.73083,1.30098],[103.73085,1.30117],[103.73212,1.30692],[103.73221,1.3072],[103.73236,1.30744],[103.73256,1.30765],[103.7329,1.30788],[103.73316,1.30799],[103.73335,1.30803],[103.73363,1.30804],[103.73659,1.30739],[103.73686,1.30727],[103.73709,1.30711]]],[[[103.6259,1.30404],[103.62595,1.30366],[103.62593,1.30337],[103.62587,1.30319],[103.62449,1.29944],[103.62438,1.29909],[103.62419,1.29875],[103.62407,1.29861],[103.62384,1.29843],[103.62359,1.2983],[103.62331,1.29823],[103.62302,1.29822],[103.62284,1.29825],[103.62072,1.29902],[103.62044,1.29901],[103.62025,1.29903],[103.61947,1.29932],[103.61921,1.29947],[103.61907,1.29959],[103.61884,1.2999],[103.61876,1.30008],[103.61868,1.30036],[103.61867,1.30065],[103.6187,1.30084],[103.62034,1.30531],[103.62032,1.30563],[103.6204,1.30601],[103.62047,1.3062],[103.62061,1.30643],[103.62086,1.30671],[103.62152,1.30851],[103.62165,1.30878],[103.62183,1.30901],[103.62205,1.3092],[103.6224,1.30936],[103.62259,1.30941],[103.62289,1.30942],[103.62318,1.30936],[103.62622,1.30824],[103.62639,1.30815],[103.62668,1.3079],[103.62689,1.30758],[103.62704,1.30717],[103.62707,1.30697],[103.62704,1.30659],[103.6269,1.30611],[103.62663,1.30534],[103.62646,1.30504],[103.62637,1.3049],[103.62608,1.30466],[103.62591,1.30457],[103.62567,1.30449],[103.62578,1.30432],[103.6259,1.30404]]],[[[103.68394,1.29841],[103.68424,1.29866],[103.68461,1.29882],[103.68758,1.2993],[103.68752,1.30025],[103.68734,1.30067],[103.68732,1.30106],[103.68743,1.30253],[103.68452,1.30283],[103.68415,1.30296],[103.68383,1.30319],[103.68359,1.3035],[103.68345,1.30387],[103.68339,1.30788],[103.68216,1.30794],[103.68166,1.30815],[103.68131,1.30843],[103.6809,1.309],[103.68051,1.31008],[103.68043,1.31044],[103.68046,1.31084],[103.68076,1.31147],[103.68088,1.31157],[103.6807,1.31179],[103.68054,1.31211],[103.68033,1.31336],[103.68008,1.31356],[103.67986,1.31384],[103.67973,1.31417],[103.67968,1.31452],[103.67977,1.31658],[103.67976,1.3178],[103.67981,1.31806],[103.67994,1.31839],[103.68022,1.31873],[103.68051,1.31893],[103.68093,1.31906],[103.68638,1.31907],[103.68673,1.31902],[103.68705,1.31888],[103.68739,1.3186],[103.68964,1.31589],[103.69015,1.31606],[103.69089,1.31611],[103.69142,1.31588],[103.69186,1.31546],[103.69203,1.3151],[103.69226,1.31393],[103.69226,1.31354],[103.6921,1.31307],[103.69145,1.31237],[103.69319,1.31064],[103.69341,1.31034],[103.69357,1.30987],[103.69357,1.30948],[103.69346,1.3091],[103.69318,1.30866],[103.69405,1.30794],[103.69427,1.30761],[103.69438,1.30723],[103.69438,1.30684],[103.69427,1.30646],[103.69341,1.30478],[103.69331,1.30463],[103.69335,1.30441],[103.69328,1.30346],[103.6936,1.30323],[103.69384,1.30291],[103.69401,1.30225],[103.69386,1.30014],[103.69355,1.29905],[103.69345,1.29882],[103.69349,1.29743],[103.69341,1.29705],[103.69322,1.2967],[103.69285,1.29637],[103.69239,1.2962],[103.68516,1.29504],[103.68461,1.29506],[103.68416,1.29527],[103.68377,1.29571],[103.6836,1.29628],[103.68361,1.2977],[103.68373,1.29808],[103.68394,1.29841]]],[[[103.66982,1.30769],[103.67014,1.30818],[103.67074,1.30852],[103.67262,1.30876],[103.6732,1.30865],[103.67371,1.30828],[103.67399,1.30777],[103.67424,1.30583],[103.67416,1.30524],[103.6739,1.30482],[103.67342,1.30448],[103.67136,1.30414],[103.67097,1.30419],[103.67061,1.30434],[103.6703,1.30459],[103.67009,1.30492],[103.66997,1.3053],[103.66974,1.30706],[103.66982,1.30769]]],[[[103.65687,1.32281],[103.6575,1.32221],[103.65761,1.32204],[103.65772,1.32178],[103.65777,1.32159],[103.65779,1.3213],[103.65777,1.32111],[103.65764,1.32074],[103.65742,1.32042],[103.6568,1.31977],[103.65665,1.31965],[103.65639,1.31951],[103.65612,1.31943],[103.65584,1.31941],[103.65555,1.31946],[103.65519,1.3196],[103.65496,1.31978],[103.65447,1.32025],[103.65435,1.32041],[103.65421,1.32066],[103.65413,1.32094],[103.65411,1.32123],[103.65416,1.32152],[103.65426,1.32179],[103.65442,1.32203],[103.65511,1.32277],[103.65534,1.32294],[103.6556,1.32306],[103.65598,1.32312],[103.65627,1.32309],[103.65663,1.32297],[103.65687,1.32281]]],[[[103.73428,1.3284],[103.73459,1.32811],[103.73476,1.32789],[103.7349,1.32764],[103.735,1.32736],[103.73503,1.32717],[103.73503,1.32687],[103.73489,1.32641],[103.73466,1.32608],[103.73435,1.32585],[103.73383,1.32559],[103.73312,1.32542],[103.73243,1.32537],[103.73214,1.3254],[103.73195,1.32546],[103.73169,1.32559],[103.7314,1.32585],[103.73124,1.32611],[103.73117,1.32629],[103.73107,1.32675],[103.73109,1.32704],[103.73113,1.32723],[103.73125,1.32749],[103.7314,1.32769],[103.73132,1.32805],[103.73118,1.32805],[103.73045,1.32786],[103.72969,1.32772],[103.72923,1.32771],[103.72908,1.32777],[103.72857,1.32784],[103.72807,1.32804],[103.72542,1.32694],[103.72506,1.32786],[103.72497,1.32825],[103.72491,1.32889],[103.72495,1.33021],[103.72508,1.33147],[103.72513,1.33283],[103.72521,1.33274],[103.72567,1.33273],[103.72575,1.33543],[103.72591,1.33542],[103.72591,1.33658],[103.7258,1.33725],[103.72571,1.33751],[103.72518,1.33853],[103.7249,1.3385],[103.72468,1.33842],[103.72458,1.33836],[103.72455,1.33825],[103.72351,1.34007],[103.72327,1.34041],[103.72309,1.34062],[103.7227,1.34098],[103.72249,1.34114],[103.72226,1.34128],[103.72193,1.34147],[103.72186,1.34152],[103.72179,1.34157],[103.72173,1.34164],[103.72168,1.34171],[103.72164,1.34179],[103.72161,1.34187],[103.72157,1.34202],[103.72154,1.34218],[103.72153,1.34234],[103.72153,1.34247],[103.72192,1.34244],[103.72196,1.34238],[103.72206,1.34234],[103.72225,1.34193],[103.7226,1.34149],[103.72293,1.34128],[103.72331,1.34113],[103.7236,1.34113],[103.72425,1.34134],[103.72474,1.34143],[103.72499,1.34139],[103.72525,1.34129],[103.72538,1.34115],[103.72545,1.34112],[103.72576,1.3407],[103.72576,1.34063],[103.72586,1.34045],[103.726,1.34024],[103.72614,1.34016],[103.72626,1.34014],[103.72631,1.34007],[103.72665,1.33992],[103.72684,1.3398],[103.72726,1.33963],[103.72731,1.33958],[103.72727,1.33954],[103.72732,1.33957],[103.72741,1.3395],[103.72748,1.33939],[103.72741,1.33907],[103.72726,1.33876],[103.72723,1.3386],[103.72722,1.33815],[103.72718,1.33783],[103.7272,1.3376],[103.72728,1.33747],[103.72735,1.33724],[103.72784,1.33676],[103.72818,1.33651],[103.72844,1.33603],[103.72856,1.33562],[103.72858,1.33541],[103.72878,1.33479],[103.72879,1.33464],[103.72881,1.33458],[103.72878,1.33446],[103.72879,1.33427],[103.72886,1.3341],[103.72884,1.33392],[103.72886,1.33369],[103.72879,1.33347],[103.72873,1.33307],[103.72862,1.33282],[103.72851,1.33274],[103.72853,1.33257],[103.72844,1.33242],[103.72856,1.33235],[103.72856,1.33229],[103.72848,1.33205],[103.72842,1.332],[103.72831,1.33201],[103.72822,1.33193],[103.72821,1.3318],[103.72818,1.33172],[103.72805,1.33166],[103.72804,1.33151],[103.72795,1.33128],[103.72796,1.33123],[103.72794,1.33116],[103.7279,1.33118],[103.72784,1.33108],[103.72792,1.33107],[103.72786,1.33102],[103.72791,1.33091],[103.72787,1.33087],[103.72784,1.33075],[103.72774,1.33055],[103.7277,1.33034],[103.72772,1.33022],[103.72766,1.33015],[103.72768,1.33002],[103.72771,1.33002],[103.7277,1.32992],[103.72768,1.32992],[103.7277,1.32969],[103.72764,1.32957],[103.72764,1.32949],[103.7277,1.32946],[103.72776,1.32928],[103.72807,1.32876],[103.7283,1.32859],[103.72861,1.32845],[103.72941,1.32836],[103.72988,1.32846],[103.73112,1.32866],[103.73147,1.32866],[103.73181,1.32851],[103.73205,1.3282],[103.73222,1.32827],[103.73264,1.32834],[103.73288,1.3285],[103.73306,1.32858],[103.73326,1.32863],[103.73354,1.32865],[103.73383,1.3286],[103.73402,1.32854],[103.73428,1.3284]],[[103.72292,1.34082],[103.7225,1.34116],[103.72187,1.34153],[103.72175,1.34165],[103.72163,1.34187],[103.72153,1.34243],[103.72157,1.34202],[103.72164,1.34179],[103.72173,1.34164],[103.72186,1.34152],[103.72226,1.34128],[103.72249,1.34114],[103.7227,1.34098],[103.7231,1.34062],[103.72327,1.34041],[103.72351,1.34007],[103.72441,1.33851],[103.72442,1.33853],[103.72353,1.34008],[103.72329,1.34043],[103.72292,1.34082]]],[[[103.73031,1.33691],[103.7307,1.33699],[103.73094,1.33702],[103.73105,1.337],[103.73144,1.33679],[103.73162,1.33659],[103.73202,1.33635],[103.73287,1.33571],[103.73299,1.33558],[103.73321,1.33527],[103.73354,1.33455],[103.73364,1.3344],[103.73376,1.33326],[103.73372,1.33316],[103.73365,1.33309],[103.73333,1.33301],[103.73324,1.33302],[103.73282,1.33332],[103.73216,1.33392],[103.73196,1.33403],[103.73144,1.3344],[103.73129,1.33448],[103.73108,1.33454],[103.73089,1.33465],[103.73076,1.33463],[103.73068,1.33459],[103.7302,1.33461],[103.72979,1.33445],[103.72968,1.33436],[103.72957,1.33436],[103.7292,1.33454],[103.72909,1.33467],[103.72897,1.33475],[103.72886,1.33478],[103.72878,1.33475],[103.72878,1.33479],[103.72865,1.3352],[103.72887,1.3352],[103.72895,1.33524],[103.729,1.33549],[103.72918,1.33603],[103.72926,1.33613],[103.72945,1.33623],[103.72949,1.33628],[103.72954,1.33641],[103.72955,1.33664],[103.72974,1.33673],[103.73031,1.33691]]],[[[103.68821,1.33935],[103.68861,1.33953],[103.68885,1.33958],[103.68909,1.3396],[103.68934,1.33957],[103.68978,1.33942],[103.68998,1.33928],[103.69016,1.33912],[103.6926,1.33595],[103.69273,1.3357],[103.69279,1.33552],[103.69283,1.33514],[103.69279,1.33486],[103.69273,1.33468],[103.6925,1.33428],[103.69215,1.33383],[103.69168,1.33328],[103.69149,1.33294],[103.69105,1.33242],[103.69032,1.33143],[103.69012,1.33121],[103.68969,1.3306],[103.68943,1.33019],[103.68919,1.32993],[103.6889,1.3295],[103.68873,1.32932],[103.68837,1.32905],[103.68772,1.32869],[103.68746,1.3286],[103.68708,1.32855],[103.68626,1.32853],[103.68575,1.3286],[103.68419,1.32867],[103.68336,1.32876],[103.6823,1.32883],[103.68166,1.329],[103.68149,1.32897],[103.68093,1.32895],[103.68049,1.3289],[103.67909,1.32907],[103.67868,1.32916],[103.67775,1.32917],[103.6774,1.32923],[103.67703,1.3292],[103.67629,1.32926],[103.67572,1.32934],[103.67551,1.32941],[103.67516,1.32959],[103.67479,1.32993],[103.67436,1.32974],[103.67388,1.32948],[103.67353,1.32938],[103.67316,1.32937],[103.67298,1.3294],[103.67272,1.3295],[103.67224,1.3298],[103.67205,1.32984],[103.6718,1.32994],[103.6714,1.33019],[103.66858,1.32829],[103.66834,1.32818],[103.66808,1.32812],[103.66782,1.32812],[103.66756,1.32816],[103.66432,1.32904],[103.65836,1.33158],[103.65801,1.33184],[103.65766,1.33232],[103.65731,1.33222],[103.65687,1.33224],[103.65646,1.33239],[103.65612,1.33267],[103.65593,1.33297],[103.65561,1.33371],[103.6545,1.33464],[103.65433,1.33484],[103.6542,1.33508],[103.65411,1.33542],[103.65413,1.33586],[103.6542,1.33612],[103.65443,1.33648],[103.65452,1.33677],[103.65415,1.33661],[103.6538,1.33656],[103.65345,1.33661],[103.65302,1.33676],[103.65273,1.33695],[103.65221,1.33751],[103.65183,1.33813],[103.65162,1.33865],[103.65154,1.33896],[103.65151,1.33931],[103.6514,1.3397],[103.6514,1.34076],[103.65126,1.34094],[103.65107,1.34127],[103.65092,1.34172],[103.6509,1.3421],[103.65093,1.3424],[103.6437,1.34909],[103.64354,1.34926],[103.64312,1.34994],[103.64302,1.35018],[103.64295,1.35053],[103.64296,1.35085],[103.64254,1.3513],[103.6422,1.35178],[103.6419,1.35242],[103.64159,1.35327],[103.64113,1.35421],[103.64089,1.35484],[103.64079,1.355],[103.64054,1.35528],[103.64035,1.35569],[103.64001,1.35588],[103.63976,1.35613],[103.63958,1.35644],[103.63949,1.35678],[103.63948,1.35705],[103.63953,1.35731],[103.63973,1.3578],[103.63999,1.35817],[103.64035,1.35842],[103.64059,1.35852],[103.64094,1.35856],[103.64187,1.35844],[103.64239,1.35879],[103.64305,1.35903],[103.64354,1.35914],[103.6441,1.3591],[103.64414,1.35939],[103.64414,1.35971],[103.64389,1.36046],[103.64386,1.36073],[103.64388,1.361],[103.64394,1.36126],[103.64409,1.36157],[103.64433,1.36184],[103.64454,1.362],[103.64483,1.36212],[103.64504,1.36219],[103.6457,1.36221],[103.64641,1.36257],[103.64665,1.36273],[103.64691,1.36304],[103.64721,1.3633],[103.64744,1.36343],[103.64775,1.36353],[103.64801,1.36358],[103.64834,1.36356],[103.64862,1.36349],[103.64898,1.36333],[103.64943,1.36347],[103.65005,1.36373],[103.65039,1.36381],[103.65113,1.36411],[103.65173,1.36429],[103.65217,1.36434],[103.65251,1.3643],[103.65271,1.36424],[103.65246,1.3645],[103.65219,1.36491],[103.65139,1.36591],[103.65098,1.36673],[103.65083,1.36758],[103.65082,1.36795],[103.65092,1.36839],[103.65116,1.36876],[103.65066,1.36889],[103.65032,1.36905],[103.65011,1.3692],[103.64953,1.36991],[103.64917,1.37045],[103.64884,1.3705],[103.6486,1.37059],[103.64831,1.37077],[103.64813,1.37094],[103.64787,1.3713],[103.64775,1.37166],[103.64772,1.37196],[103.64775,1.37228],[103.64784,1.37258],[103.64801,1.37289],[103.64818,1.3731],[103.64843,1.37334],[103.64877,1.37357],[103.64926,1.3738],[103.64969,1.37388],[103.64962,1.3743],[103.64964,1.37452],[103.64971,1.37483],[103.64992,1.37522],[103.65009,1.3754],[103.65033,1.3756],[103.65076,1.37588],[103.65101,1.37598],[103.65123,1.37602],[103.65167,1.37601],[103.6521,1.37586],[103.65247,1.376],[103.65286,1.37606],[103.65313,1.37605],[103.65348,1.37597],[103.65387,1.37578],[103.65434,1.37546],[103.65492,1.37519],[103.65514,1.37503],[103.65532,1.37484],[103.65554,1.37452],[103.65565,1.37428],[103.65571,1.37396],[103.65591,1.37399],[103.65617,1.37398],[103.65643,1.37392],[103.65667,1.37382],[103.65697,1.37365],[103.65733,1.37328],[103.65807,1.37335],[103.65834,1.37332],[103.65855,1.37326],[103.65956,1.3734],[103.65977,1.37364],[103.66006,1.37383],[103.66039,1.37395],[103.66075,1.37399],[103.66108,1.37422],[103.66161,1.37444],[103.66187,1.37451],[103.66254,1.37483],[103.66292,1.3749],[103.66318,1.37501],[103.66344,1.37507],[103.66406,1.37511],[103.66429,1.37509],[103.6647,1.37518],[103.66526,1.37521],[103.66476,1.37719],[103.66454,1.37828],[103.66433,1.37937],[103.66411,1.3808],[103.66391,1.38068],[103.66367,1.38059],[103.66323,1.38051],[103.6628,1.38055],[103.66235,1.38074],[103.66207,1.38079],[103.6618,1.38089],[103.66145,1.38072],[103.66119,1.38064],[103.66093,1.38061],[103.66058,1.38066],[103.66018,1.38084],[103.65974,1.3812],[103.65949,1.38153],[103.65926,1.38199],[103.65914,1.38207],[103.65884,1.38197],[103.65844,1.38195],[103.65814,1.38167],[103.65774,1.38149],[103.65739,1.38144],[103.65696,1.38152],[103.65638,1.38178],[103.65616,1.38192],[103.65597,1.3821],[103.65577,1.38239],[103.65568,1.38264],[103.65563,1.38299],[103.65576,1.38383],[103.65592,1.38429],[103.65616,1.38474],[103.65645,1.3851],[103.65653,1.38539],[103.65671,1.3857],[103.65703,1.386],[103.65746,1.3862],[103.65759,1.3864],[103.65777,1.3866],[103.65825,1.38691],[103.65825,1.38724],[103.6583,1.3875],[103.65839,1.38775],[103.65853,1.38798],[103.65906,1.38858],[103.66004,1.38931],[103.66,1.38975],[103.66012,1.39039],[103.6603,1.39094],[103.66068,1.39184],[103.66076,1.39224],[103.66111,1.39306],[103.66102,1.39331],[103.66097,1.39367],[103.66104,1.39451],[103.6611,1.39476],[103.66118,1.39494],[103.66112,1.39544],[103.66083,1.39545],[103.66057,1.39551],[103.6597,1.39589],[103.65947,1.39603],[103.65928,1.39621],[103.65909,1.3965],[103.65899,1.39675],[103.65895,1.3971],[103.65902,1.39754],[103.65913,1.39778],[103.65928,1.39799],[103.65947,1.39858],[103.65946,1.39886],[103.6595,1.39914],[103.65965,1.39955],[103.65997,1.39999],[103.66051,1.40039],[103.66091,1.40057],[103.66128,1.40062],[103.6614,1.40094],[103.66154,1.40147],[103.66186,1.40217],[103.66173,1.40241],[103.6615,1.40304],[103.66129,1.40449],[103.6611,1.40519],[103.66111,1.40564],[103.66128,1.40613],[103.66166,1.40667],[103.66193,1.40691],[103.66214,1.40703],[103.66248,1.40716],[103.66274,1.4072],[103.66303,1.40719],[103.66324,1.40728],[103.66348,1.40756],[103.66366,1.40789],[103.66364,1.40823],[103.66369,1.40869],[103.66386,1.40936],[103.66407,1.40975],[103.66439,1.41005],[103.66483,1.41028],[103.66508,1.41038],[103.66543,1.41044],[103.66576,1.41045],[103.66626,1.41061],[103.66667,1.41066],[103.66702,1.41063],[103.66728,1.41056],[103.66751,1.41043],[103.66779,1.41022],[103.66859,1.41094],[103.66872,1.41121],[103.66904,1.41219],[103.66896,1.41299],[103.66901,1.41325],[103.6691,1.4135],[103.66922,1.4137],[103.66963,1.41424],[103.67034,1.41476],[103.67022,1.41518],[103.67022,1.41554],[103.67028,1.4158],[103.67059,1.41663],[103.67061,1.41677],[103.67055,1.41716],[103.67057,1.41743],[103.67062,1.41761],[103.67063,1.41793],[103.67072,1.41828],[103.67094,1.41864],[103.67088,1.41888],[103.67087,1.41915],[103.6709,1.41942],[103.67098,1.41967],[103.67114,1.41999],[103.67138,1.42026],[103.67175,1.42051],[103.67207,1.42064],[103.67232,1.42089],[103.67257,1.42104],[103.67229,1.42204],[103.67226,1.42247],[103.67236,1.4229],[103.67257,1.42328],[103.67256,1.42368],[103.67268,1.42413],[103.6727,1.42452],[103.67298,1.4255],[103.67319,1.42584],[103.67352,1.42623],[103.67372,1.4264],[103.67408,1.42662],[103.6745,1.42684],[103.67475,1.42691],[103.67508,1.42694],[103.6752,1.427],[103.67532,1.42742],[103.67552,1.42777],[103.67559,1.42812],[103.67573,1.42845],[103.67594,1.42873],[103.67635,1.42906],[103.67655,1.42947],[103.67704,1.43004],[103.67731,1.43025],[103.67754,1.43037],[103.67789,1.43047],[103.67816,1.4305],[103.67842,1.43047],[103.6787,1.43039],[103.67952,1.43002],[103.68,1.43008],[103.68036,1.4303],[103.68074,1.4304],[103.68118,1.43078],[103.68147,1.43115],[103.68174,1.43137],[103.6819,1.43174],[103.68212,1.43202],[103.68247,1.43229],[103.68296,1.43248],[103.68339,1.43253],[103.68377,1.43246],[103.68401,1.43235],[103.68458,1.43199],[103.68472,1.43224],[103.68446,1.43238],[103.68357,1.43295],[103.68336,1.43311],[103.68318,1.4333],[103.68304,1.43353],[103.68295,1.43378],[103.68291,1.43404],[103.6829,1.4343],[103.68295,1.43457],[103.68304,1.43481],[103.68322,1.43517],[103.68339,1.43537],[103.68369,1.43562],[103.6842,1.43589],[103.68446,1.43611],[103.6848,1.4363],[103.68505,1.43637],[103.68531,1.43641],[103.68574,1.43637],[103.68599,1.43628],[103.68627,1.43614],[103.6866,1.43586],[103.68677,1.43565],[103.68689,1.43541],[103.68703,1.43496],[103.68705,1.43469],[103.68701,1.43434],[103.6868,1.43383],[103.68675,1.43356],[103.68666,1.43331],[103.6868,1.4333],[103.68725,1.43335],[103.68748,1.4338],[103.68765,1.434],[103.68793,1.43422],[103.68827,1.43436],[103.68854,1.4344],[103.68887,1.43439],[103.68914,1.43454],[103.68948,1.43463],[103.68982,1.43464],[103.69052,1.43455],[103.69082,1.43473],[103.69116,1.43482],[103.69143,1.43483],[103.6918,1.43475],[103.69212,1.43474],[103.69255,1.43496],[103.69293,1.43505],[103.69328,1.43507],[103.69359,1.43502],[103.69489,1.43573],[103.69532,1.43586],[103.69558,1.43622],[103.6977,1.43836],[103.69792,1.43852],[103.69816,1.43863],[103.69859,1.4387],[103.69894,1.43865],[103.69934,1.43847],[103.70057,1.43745],[103.7009,1.43771],[103.70131,1.43787],[103.70175,1.43789],[103.70217,1.43776],[103.70253,1.4375],[103.70384,1.43617],[103.70396,1.43615],[103.70518,1.43682],[103.70735,1.43808],[103.70761,1.43816],[103.70787,1.43819],[103.7083,1.43811],[103.70862,1.43796],[103.70888,1.43772],[103.70908,1.43743],[103.70919,1.43709],[103.70932,1.43512],[103.7093,1.43432],[103.70921,1.43358],[103.70952,1.4334],[103.70975,1.43317],[103.71002,1.43296],[103.71055,1.43227],[103.71191,1.4322],[103.7141,1.43198],[103.71628,1.43165],[103.71803,1.43131],[103.71889,1.43136],[103.72016,1.43193],[103.72074,1.43244],[103.72094,1.43326],[103.72047,1.43391],[103.71922,1.43408],[103.71934,1.43469],[103.71916,1.43548],[103.71908,1.43564],[103.71895,1.43577],[103.71873,1.43588],[103.71856,1.4359],[103.71856,1.437],[103.71901,1.43717],[103.71856,1.43763],[103.71928,1.43808],[103.72029,1.43909],[103.72004,1.43932],[103.71996,1.43956],[103.71884,1.43872],[103.71837,1.43827],[103.71837,1.43783],[103.71833,1.43756],[103.71825,1.43727],[103.71811,1.43699],[103.71795,1.43676],[103.71772,1.43653],[103.71748,1.43637],[103.71706,1.43614],[103.71706,1.43587],[103.71702,1.43568],[103.71687,1.43533],[103.71663,1.43504],[103.71632,1.43483],[103.71597,1.43471],[103.71469,1.43457],[103.71426,1.43462],[103.7134,1.43485],[103.71304,1.435],[103.71274,1.43525],[103.71253,1.43558],[103.71244,1.43585],[103.71241,1.43605],[103.71241,1.43634],[103.71249,1.43665],[103.71306,1.43785],[103.71327,1.43818],[103.71379,1.4388],[103.71376,1.43948],[103.71276,1.44086],[103.71258,1.4412],[103.71251,1.44147],[103.7125,1.44176],[103.71255,1.44204],[103.71261,1.44222],[103.7127,1.44238],[103.71288,1.44261],[103.71309,1.44279],[103.71454,1.44427],[103.71477,1.44446],[103.71512,1.44462],[103.71541,1.44468],[103.71561,1.44467],[103.71589,1.44462],[103.71616,1.4445],[103.7164,1.44433],[103.71654,1.44419],[103.71694,1.44357],[103.71708,1.4436],[103.7176,1.44387],[103.71727,1.44493],[103.71779,1.44521],[103.71747,1.44551],[103.71767,1.44572],[103.71777,1.4468],[103.71709,1.44766],[103.71745,1.44795],[103.71735,1.44808],[103.71745,1.44817],[103.71697,1.44777],[103.716,1.44921],[103.71555,1.44907],[103.71529,1.44946],[103.71497,1.44937],[103.71276,1.44885],[103.71183,1.44823],[103.71104,1.4475],[103.71104,1.44727],[103.71132,1.44686],[103.71053,1.44634],[103.71057,1.44627],[103.71046,1.44619],[103.71067,1.44584],[103.71064,1.4458],[103.70867,1.44485],[103.70842,1.44447],[103.70771,1.44405],[103.70723,1.44394],[103.70666,1.44405],[103.70618,1.44439],[103.70517,1.4459],[103.705,1.44657],[103.70513,1.44714],[103.70549,1.44761],[103.70661,1.44818],[103.70708,1.44829],[103.70775,1.44814],[103.70826,1.44768],[103.70845,1.44723],[103.70845,1.44744],[103.7087,1.44759],[103.70875,1.44768],[103.70887,1.44771],[103.70895,1.44778],[103.70907,1.44782],[103.70911,1.44787],[103.70933,1.44801],[103.70939,1.44811],[103.70945,1.44811],[103.70957,1.44818],[103.70968,1.4482],[103.70975,1.44826],[103.70998,1.44834],[103.71003,1.44841],[103.71016,1.44848],[103.71021,1.44857],[103.71048,1.44867],[103.71085,1.44891],[103.71108,1.44901],[103.71127,1.44913],[103.71128,1.44917],[103.71145,1.44925],[103.71158,1.44925],[103.71189,1.4494],[103.71193,1.44945],[103.71237,1.44962],[103.7125,1.44975],[103.7126,1.44976],[103.71262,1.44979],[103.71267,1.44977],[103.71279,1.44983],[103.7129,1.44983],[103.71311,1.4499],[103.71313,1.44994],[103.71326,1.44993],[103.7133,1.44998],[103.7134,1.45],[103.71349,1.45007],[103.7138,1.45011],[103.71482,1.4504],[103.71508,1.45051],[103.71536,1.45056],[103.71543,1.45061],[103.7155,1.45059],[103.71572,1.45064],[103.71583,1.45069],[103.71588,1.45068],[103.71595,1.45072],[103.71604,1.45072],[103.71578,1.45018],[103.71646,1.45042],[103.7167,1.45039],[103.71757,1.45061],[103.71843,1.45091],[103.719,1.45121],[103.71967,1.45111],[103.71983,1.45101],[103.7201,1.45105],[103.72066,1.45123],[103.72099,1.45123],[103.72066,1.45117],[103.72041,1.45109],[103.71991,1.44997],[103.71832,1.44895],[103.71832,1.44895],[103.71991,1.44997],[103.72041,1.45109],[103.72065,1.45117],[103.72147,1.45131],[103.72189,1.45118],[103.72418,1.45114],[103.72439,1.45124],[103.7246,1.45124],[103.72474,1.45122],[103.72694,1.45117],[103.72713,1.45114],[103.72738,1.45118],[103.72835,1.45107],[103.73025,1.45026],[103.7308,1.44984],[103.73107,1.44948],[103.73125,1.44932],[103.73157,1.44889],[103.7319,1.44806],[103.73232,1.44755],[103.73292,1.44701],[103.73306,1.44682],[103.73322,1.44649],[103.73358,1.44635],[103.73378,1.44591],[103.73403,1.44568],[103.73412,1.44564],[103.7343,1.44541],[103.73455,1.4456],[103.73473,1.44535],[103.73494,1.44528],[103.73507,1.44519],[103.73515,1.44509],[103.73531,1.44474],[103.73554,1.44442],[103.73573,1.44432],[103.73642,1.44362],[103.73664,1.44332],[103.73765,1.44214],[103.73768,1.44195],[103.73757,1.44183],[103.73714,1.44019],[103.73729,1.44018],[103.73739,1.4403],[103.73746,1.44046],[103.73757,1.44055],[103.73772,1.44059],[103.73775,1.44066],[103.73784,1.44072],[103.73788,1.44082],[103.73801,1.44096],[103.73807,1.44096],[103.7382,1.44106],[103.73824,1.44105],[103.73836,1.44095],[103.73842,1.44078],[103.73837,1.44012],[103.7384,1.43981],[103.73849,1.43943],[103.73865,1.439],[103.73872,1.43889],[103.73857,1.43889],[103.73856,1.43838],[103.73852,1.43819],[103.73835,1.43784],[103.73809,1.43755],[103.73792,1.43744],[103.73766,1.43732],[103.73738,1.43725],[103.73572,1.43725],[103.73553,1.43728],[103.73526,1.43737],[103.73501,1.43753],[103.73487,1.43765],[103.73463,1.43796],[103.73455,1.43814],[103.7345,1.43832],[103.73447,1.43879],[103.73451,1.43907],[103.73463,1.43938],[103.73439,1.43938],[103.73435,1.4391],[103.73435,1.43872],[103.73232,1.4387],[103.73215,1.43948],[103.73386,1.44021],[103.73395,1.44022],[103.73457,1.44055],[103.73446,1.44168],[103.73414,1.44293],[103.73372,1.44285],[103.73311,1.44379],[103.7327,1.44409],[103.73264,1.44432],[103.73297,1.44441],[103.73279,1.44507],[103.73246,1.44496],[103.73222,1.44479],[103.73219,1.44481],[103.73196,1.44464],[103.73201,1.44453],[103.73149,1.44392],[103.7308,1.44469],[103.73026,1.44506],[103.73011,1.44514],[103.73014,1.44518],[103.73011,1.44514],[103.73002,1.44516],[103.72979,1.44515],[103.72945,1.44535],[103.72881,1.44531],[103.72852,1.4448],[103.72856,1.44395],[103.72838,1.44337],[103.72787,1.44237],[103.72772,1.44131],[103.72744,1.4411],[103.72694,1.44099],[103.72682,1.441],[103.72678,1.44095],[103.72647,1.44139],[103.72587,1.44137],[103.72595,1.44081],[103.72542,1.44102],[103.72537,1.44071],[103.72549,1.44058],[103.72569,1.44022],[103.72519,1.43989],[103.7247,1.44003],[103.7242,1.44063],[103.72417,1.44113],[103.72325,1.44052],[103.72344,1.43994],[103.723,1.43986],[103.72301,1.43802],[103.72272,1.43738],[103.72194,1.43648],[103.7219,1.43323],[103.72157,1.43247],[103.72035,1.43175],[103.71889,1.43111],[103.72058,1.43068],[103.72164,1.43037],[103.72374,1.42968],[103.72477,1.42929],[103.72579,1.42888],[103.72781,1.42798],[103.7288,1.42749],[103.73074,1.42644],[103.73264,1.4253],[103.73447,1.42407],[103.73536,1.42342],[103.7371,1.42205],[103.73795,1.42134],[103.73958,1.41985],[103.74037,1.41907],[103.74189,1.41747],[103.74333,1.41579],[103.74402,1.41492],[103.74533,1.41314],[103.74596,1.41222],[103.74714,1.41035],[103.74769,1.40939],[103.74873,1.40743],[103.74921,1.40643],[103.74967,1.40542],[103.75052,1.40337],[103.7509,1.40233],[103.75159,1.40023],[103.75222,1.39792],[103.75218,1.39873],[103.75223,1.39959],[103.75237,1.40038],[103.75255,1.40104],[103.7545,1.40704],[103.7549,1.40677],[103.75495,1.40671],[103.75461,1.40568],[103.75478,1.40568],[103.75369,1.40311],[103.75321,1.40139],[103.75294,1.40058],[103.75274,1.39953],[103.7527,1.39873],[103.75274,1.39794],[103.75314,1.39531],[103.75344,1.39536],[103.75355,1.39492],[103.75357,1.39468],[103.75353,1.39485],[103.75338,1.39481],[103.75323,1.39451],[103.75324,1.39445],[103.75293,1.39445],[103.75298,1.39411],[103.75309,1.39411],[103.75365,1.39058],[103.75372,1.38996],[103.75407,1.38971],[103.7542,1.38956],[103.75435,1.38931],[103.75456,1.38857],[103.7551,1.38759],[103.75517,1.38731],[103.75518,1.38702],[103.7551,1.38664],[103.75497,1.38638],[103.75472,1.38609],[103.75445,1.3859],[103.75442,1.38552],[103.75424,1.38491],[103.75418,1.38444],[103.75419,1.38406],[103.75409,1.38368],[103.75394,1.38343],[103.75375,1.38321],[103.75351,1.38304],[103.75334,1.38295],[103.75319,1.38156],[103.75287,1.37937],[103.75244,1.37719],[103.75218,1.3761],[103.75238,1.37637],[103.75258,1.37657],[103.75283,1.37673],[103.75309,1.37683],[103.75334,1.37707],[103.75369,1.37725],[103.75407,1.37732],[103.75522,1.37726],[103.75547,1.3772],[103.75573,1.3771],[103.75643,1.37744],[103.75674,1.3775],[103.75701,1.37751],[103.75738,1.3774],[103.75765,1.37726],[103.75793,1.37699],[103.75811,1.37667],[103.75821,1.37677],[103.75803,1.37714],[103.75796,1.37752],[103.75798,1.37782],[103.75806,1.3781],[103.7582,1.37835],[103.75837,1.37855],[103.75864,1.37876],[103.75903,1.37893],[103.75938,1.37897],[103.76051,1.37897],[103.76066,1.37895],[103.7609,1.3789],[103.76112,1.37879],[103.76133,1.37866],[103.76149,1.37848],[103.76164,1.37828],[103.76273,1.37609],[103.76319,1.37487],[103.76376,1.37234],[103.7641,1.37123],[103.76518,1.36931],[103.76685,1.36704],[103.76742,1.36594],[103.76751,1.36535],[103.76734,1.36479],[103.76717,1.36458],[103.76736,1.36398],[103.76736,1.36391],[103.76738,1.36391],[103.76734,1.36383],[103.76741,1.36377],[103.7674,1.36342],[103.76736,1.36317],[103.76721,1.36272],[103.76736,1.36323],[103.76734,1.36323],[103.76718,1.36268],[103.76706,1.36246],[103.76679,1.3625],[103.76673,1.36211],[103.76649,1.36214],[103.76647,1.36191],[103.76688,1.36184],[103.76692,1.36177],[103.76683,1.36106],[103.76681,1.36057],[103.76685,1.36008],[103.76694,1.3596],[103.7671,1.35904],[103.76725,1.35829],[103.76763,1.35783],[103.7676,1.35814],[103.76801,1.35757],[103.76805,1.35757],[103.76844,1.35729],[103.7691,1.3573],[103.76922,1.35736],[103.76935,1.35738],[103.76939,1.35745],[103.76943,1.35746],[103.76938,1.35762],[103.76909,1.35961],[103.76905,1.36013],[103.76913,1.36153],[103.76858,1.36261],[103.76777,1.36274],[103.76789,1.36318],[103.76806,1.3633],[103.76972,1.36353],[103.77037,1.36367],[103.77071,1.36385],[103.77186,1.36432],[103.7723,1.36446],[103.77302,1.3646],[103.77347,1.36463],[103.77382,1.3646],[103.77405,1.36464],[103.77631,1.3647],[103.77746,1.36485],[103.77877,1.36509],[103.7789,1.36509],[103.77909,1.36492],[103.77964,1.36306],[103.78054,1.36068],[103.78104,1.35966],[103.78171,1.35852],[103.78183,1.3587],[103.78199,1.35887],[103.78156,1.3596],[103.78098,1.36086],[103.78062,1.36179],[103.78044,1.36254],[103.78038,1.3629],[103.78025,1.36456],[103.78024,1.36523],[103.78062,1.36535],[103.78025,1.36523],[103.78011,1.36518],[103.77997,1.3653],[103.77995,1.36558],[103.78005,1.36578],[103.78004,1.36601],[103.77947,1.36815],[103.77914,1.36927],[103.77868,1.37105],[103.77839,1.37199],[103.77853,1.3717],[103.7783,1.37265],[103.7784,1.37298],[103.7786,1.37324],[103.77921,1.37375],[103.77936,1.37401],[103.77941,1.37432],[103.77937,1.37457],[103.77925,1.37482],[103.77907,1.37506],[103.77927,1.37501],[103.77908,1.37506],[103.77874,1.37532],[103.77857,1.37541],[103.7782,1.37551],[103.77808,1.37608],[103.77793,1.37606],[103.77721,1.37613],[103.77696,1.37701],[103.77692,1.377],[103.77683,1.37735],[103.77687,1.37735],[103.77624,1.37962],[103.77627,1.37962],[103.77601,1.38076],[103.7758,1.38184],[103.77566,1.38275],[103.77505,1.38736],[103.77473,1.39016],[103.77511,1.3902],[103.77542,1.39032],[103.77591,1.3901],[103.77542,1.39032],[103.77567,1.39048],[103.77593,1.39073],[103.77613,1.39104],[103.77625,1.39138],[103.77628,1.39174],[103.77623,1.3921],[103.77611,1.39244],[103.77591,1.39275],[103.77565,1.393],[103.77506,1.39347],[103.77515,1.39182],[103.77511,1.39156],[103.77495,1.39119],[103.77485,1.39077],[103.77461,1.39035],[103.77422,1.38995],[103.77382,1.38968],[103.77335,1.38949],[103.77225,1.38935],[103.772,1.38934],[103.76694,1.38984],[103.76613,1.38988],[103.76501,1.38983],[103.76433,1.38976],[103.76358,1.38964],[103.76273,1.38945],[103.76196,1.38922],[103.76169,1.38917],[103.76129,1.389],[103.76053,1.38891],[103.76021,1.3888],[103.75946,1.38841],[103.75921,1.38834],[103.75895,1.38831],[103.75851,1.38838],[103.75813,1.38859],[103.75788,1.38884],[103.75739,1.3895],[103.75724,1.38992],[103.75708,1.39093],[103.75706,1.39132],[103.75694,1.39163],[103.7569,1.39189],[103.7567,1.392],[103.75653,1.39214],[103.75625,1.39206],[103.75599,1.39203],[103.75572,1.39206],[103.75547,1.39213],[103.75511,1.3923],[103.75488,1.39244],[103.75463,1.39269],[103.75448,1.39295],[103.75423,1.39348],[103.7541,1.3939],[103.75403,1.39434],[103.75403,1.39481],[103.75411,1.39528],[103.75435,1.39602],[103.75452,1.39633],[103.75477,1.39658],[103.75516,1.39679],[103.75551,1.39686],[103.75988,1.39686],[103.76017,1.39719],[103.7601,1.3976],[103.7601,1.40224],[103.7602,1.40267],[103.76042,1.40304],[103.76039,1.40364],[103.76047,1.40412],[103.76063,1.40444],[103.76113,1.40511],[103.76107,1.40698],[103.76109,1.40725],[103.76117,1.40749],[103.76118,1.40992],[103.7612,1.41021],[103.76075,1.41045],[103.75991,1.41073],[103.7593,1.41074],[103.7583,1.41062],[103.75795,1.41061],[103.75733,1.41049],[103.75647,1.41038],[103.75603,1.4104],[103.75557,1.41056],[103.75558,1.41038],[103.75536,1.41038],[103.75525,1.41026],[103.75522,1.40934],[103.75514,1.40881],[103.75485,1.40773],[103.75474,1.40777],[103.75503,1.40883],[103.75511,1.40935],[103.75514,1.41049],[103.7553,1.41048],[103.75528,1.41076],[103.75511,1.41095],[103.75496,1.41117],[103.75481,1.41159],[103.75475,1.41215],[103.7548,1.41275],[103.75435,1.41355],[103.75412,1.41418],[103.75409,1.41445],[103.75414,1.4148],[103.75429,1.41518],[103.75448,1.41543],[103.7541,1.41756],[103.75453,1.41755],[103.75455,1.41617],[103.75461,1.41585],[103.75453,1.41583],[103.75458,1.41553],[103.75484,1.4157],[103.75623,1.41644],[103.75648,1.41653],[103.75673,1.41657],[103.75717,1.41655],[103.75756,1.41641],[103.75783,1.41625],[103.75826,1.41585],[103.76005,1.41796],[103.76025,1.41815],[103.76055,1.41832],[103.76081,1.4184],[103.76107,1.41843],[103.7615,1.41835],[103.76174,1.41825],[103.76299,1.41746],[103.7637,1.41737],[103.76409,1.41739],[103.76452,1.41746],[103.76523,1.4177],[103.76583,1.41799],[103.76623,1.4183],[103.76666,1.41873],[103.76702,1.41905],[103.76769,1.41954],[103.76801,1.41969],[103.76839,1.41995],[103.76819,1.42197],[103.76813,1.42308],[103.76807,1.4253],[103.76813,1.42752],[103.76829,1.42973],[103.76841,1.43084],[103.76873,1.43303],[103.76916,1.43521],[103.76942,1.43629],[103.77001,1.43843],[103.7707,1.44053],[103.77108,1.44157],[103.77193,1.44362],[103.77239,1.44463],[103.77338,1.44662],[103.77446,1.44855],[103.77564,1.45042],[103.77627,1.45134],[103.77758,1.45312],[103.77827,1.45399],[103.77971,1.45567],[103.78123,1.45727],[103.78202,1.45805],[103.78365,1.45954],[103.78536,1.46095],[103.78713,1.46227],[103.78896,1.4635],[103.7899,1.46409],[103.79182,1.46518],[103.79379,1.46618],[103.79581,1.46708],[103.79791,1.46789],[103.79832,1.46814],[103.79902,1.46836],[103.79918,1.46832],[103.80102,1.46888],[103.80316,1.46942],[103.80532,1.46985],[103.80641,1.47003],[103.8075,1.47018],[103.80969,1.4704],[103.8119,1.4705],[103.81304,1.47052],[103.81291,1.47216],[103.81294,1.47251],[103.81305,1.47285],[103.81319,1.47307],[103.81337,1.47327],[103.81366,1.47346],[103.81391,1.47356],[103.81421,1.4736],[103.82017,1.47379],[103.82051,1.47369],[103.82074,1.47357],[103.821,1.47334],[103.8212,1.47304],[103.82133,1.47262],[103.82133,1.47226],[103.82127,1.47201],[103.82088,1.47101],[103.82155,1.47069],[103.82186,1.47045],[103.82198,1.47031],[103.82213,1.47005],[103.82221,1.46977],[103.82224,1.46955],[103.82392,1.46916],[103.82498,1.46888],[103.82709,1.46824],[103.82917,1.46749],[103.83101,1.46672],[103.83263,1.47027],[103.8328,1.47048],[103.833,1.47065],[103.83332,1.4708],[103.83357,1.47086],[103.83401,1.47085],[103.83435,1.47074],[103.83989,1.46794],[103.84021,1.46763],[103.84042,1.46724],[103.84049,1.46681],[103.84042,1.46637],[103.8403,1.46611],[103.83826,1.46269],[103.83976,1.46162],[103.84064,1.46095],[103.8415,1.46025],[103.84314,1.45884],[103.84461,1.45971],[103.84516,1.4599],[103.84534,1.45993],[103.84563,1.45992],[103.84599,1.45984],[103.84625,1.45973],[103.84711,1.45913],[103.84737,1.45889],[103.84759,1.45876],[103.84774,1.45863],[103.84799,1.45834],[103.84842,1.45809],[103.84884,1.45799],[103.85061,1.45878],[103.85163,1.45919],[103.85371,1.45994],[103.85476,1.46027],[103.85582,1.46058],[103.85796,1.46112],[103.86012,1.46155],[103.8623,1.46188],[103.8634,1.462],[103.8656,1.46216],[103.8678,1.46222],[103.8689,1.4622],[103.87,1.46216],[103.8722,1.462],[103.8733,1.46188],[103.87548,1.46155],[103.87764,1.46112],[103.87978,1.46058],[103.88084,1.46027],[103.88294,1.45958],[103.88397,1.45919],[103.88601,1.45834],[103.88701,1.45788],[103.88898,1.45688],[103.8909,1.45579],[103.89184,1.4552],[103.89367,1.45397],[103.89544,1.45265],[103.8963,1.45195],[103.89715,1.45124],[103.89878,1.44975],[103.89957,1.44897],[103.90109,1.44737],[103.90253,1.44569],[103.90322,1.44482],[103.90453,1.44304],[103.90516,1.44212],[103.90634,1.44025],[103.90689,1.43929],[103.90793,1.43733],[103.90841,1.43633],[103.90931,1.4343],[103.9101,1.43223],[103.91079,1.43013],[103.9111,1.42906],[103.91164,1.42691],[103.91186,1.42582],[103.91207,1.42473],[103.91239,1.42254],[103.91251,1.42143],[103.91267,1.41922],[103.91271,1.41811],[103.91271,1.41589],[103.91267,1.41478],[103.91251,1.41257],[103.91239,1.41146],[103.91207,1.40927],[103.91164,1.40709],[103.91127,1.40559],[103.91301,1.4055],[103.9152,1.40528],[103.91738,1.40495],[103.91954,1.40452],[103.92168,1.40398],[103.92379,1.40334],[103.92587,1.40259],[103.92689,1.40218],[103.9282,1.40161],[103.92825,1.4018],[103.92845,1.40213],[103.92866,1.40234],[103.9289,1.40249],[103.92916,1.40259],[103.92961,1.40266],[103.9299,1.40264],[103.93018,1.40256],[103.93058,1.4023],[103.93072,1.40216],[103.93087,1.40191],[103.93097,1.40164],[103.93124,1.40008],[103.9328,1.39919],[103.93391,1.39849],[103.93424,1.39843],[103.93458,1.39826],[103.9348,1.39807],[103.9351,1.39769],[103.93646,1.39672],[103.9378,1.39568],[103.93895,1.39669],[103.93928,1.39687],[103.93966,1.39696],[103.93995,1.39695],[103.94022,1.39688],[103.94048,1.39675],[103.94077,1.3965],[103.94369,1.39316],[103.94385,1.39293],[103.94396,1.39266],[103.94402,1.39238],[103.94401,1.39209],[103.94394,1.3918],[103.94386,1.39163],[103.9437,1.39139],[103.943,1.39075],[103.94443,1.38909],[103.94512,1.38822],[103.94643,1.38644],[103.94706,1.38552],[103.94824,1.38365],[103.94879,1.38269],[103.9497,1.38098],[103.95043,1.38272],[103.95089,1.38373],[103.95137,1.38473],[103.95241,1.38669],[103.95296,1.38765],[103.95414,1.38952],[103.95541,1.39134],[103.95677,1.39309],[103.95748,1.39394],[103.95821,1.39477],[103.95973,1.39637],[103.96052,1.39715],[103.96215,1.39864],[103.963,1.39935],[103.96445,1.4005],[103.96228,1.39974],[103.96224,1.39982],[103.96211,1.39983],[103.9621,1.3998],[103.96045,1.39947],[103.95971,1.39946],[103.95959,1.39944],[103.95957,1.3994],[103.95844,1.39946],[103.95841,1.39954],[103.95829,1.39941],[103.95818,1.39941],[103.95814,1.39947],[103.95814,1.39958],[103.95819,1.39969],[103.95812,1.39968],[103.95797,1.40015],[103.95778,1.40033],[103.95763,1.40025],[103.9568,1.40126],[103.9567,1.40132],[103.95657,1.40156],[103.95658,1.40168],[103.95671,1.40178],[103.95663,1.40187],[103.95645,1.40173],[103.95616,1.40215],[103.9561,1.40235],[103.95611,1.40258],[103.95561,1.40279],[103.95554,1.40291],[103.9556,1.403],[103.9554,1.40316],[103.95539,1.40329],[103.95532,1.40339],[103.95521,1.40366],[103.95509,1.40384],[103.95523,1.40343],[103.95514,1.4034],[103.95486,1.40419],[103.95476,1.40432],[103.95476,1.40436],[103.95465,1.40454],[103.9546,1.40467],[103.95452,1.40454],[103.95444,1.40459],[103.95456,1.40483],[103.95441,1.40488],[103.95441,1.40496],[103.95437,1.40508],[103.95405,1.40532],[103.95348,1.40554],[103.95263,1.40572],[103.95165,1.4056],[103.951,1.40548],[103.95083,1.40553],[103.95072,1.40549],[103.95059,1.40551],[103.95049,1.40556],[103.95032,1.40587],[103.95018,1.40601],[103.94966,1.40704],[103.94949,1.40746],[103.9494,1.40753],[103.94941,1.40759],[103.94916,1.40776],[103.94889,1.40812],[103.94885,1.40828],[103.94888,1.40867],[103.94867,1.40899],[103.94855,1.40942],[103.94854,1.40958],[103.9486,1.40966],[103.94889,1.40981],[103.94886,1.40995],[103.94842,1.40977],[103.94825,1.40988],[103.94815,1.40999],[103.94791,1.4097],[103.94738,1.40975],[103.94655,1.41012],[103.94607,1.41041],[103.94589,1.41066],[103.94559,1.41095],[103.94525,1.41121],[103.945,1.41132],[103.94467,1.41116],[103.94446,1.41126],[103.94394,1.41127],[103.94355,1.41143],[103.94336,1.41166],[103.94253,1.41205],[103.94244,1.41184],[103.94062,1.41269],[103.94077,1.41294],[103.94024,1.41323],[103.93921,1.414],[103.93895,1.41428],[103.93831,1.41452],[103.93827,1.41446],[103.93847,1.41427],[103.93845,1.41413],[103.93837,1.41409],[103.93809,1.41429],[103.93789,1.41428],[103.93773,1.41422],[103.93757,1.41446],[103.9375,1.41448],[103.93725,1.41504],[103.93693,1.41519],[103.93664,1.41525],[103.93627,1.41537],[103.93617,1.41537],[103.93573,1.41551],[103.93537,1.41548],[103.9348,1.4155],[103.93442,1.41566],[103.9343,1.41581],[103.93414,1.41582],[103.93392,1.41659],[103.93367,1.41711],[103.93372,1.41717],[103.93367,1.41723],[103.93357,1.4171],[103.93344,1.41708],[103.93262,1.41749],[103.93215,1.4175],[103.93174,1.41736],[103.93158,1.417],[103.93089,1.41723],[103.93066,1.41718],[103.93038,1.41745],[103.93021,1.41746],[103.93014,1.41771],[103.92965,1.41842],[103.92911,1.41873],[103.92908,1.41865],[103.929,1.41866],[103.92881,1.41887],[103.92877,1.41896],[103.92864,1.41891],[103.92834,1.4189],[103.9283,1.41895],[103.92835,1.41904],[103.92824,1.41917],[103.92829,1.4194],[103.92835,1.41944],[103.92834,1.41953],[103.92828,1.41955],[103.92808,1.41946],[103.92805,1.41977],[103.92797,1.42008],[103.92788,1.42024],[103.92777,1.42024],[103.92749,1.42048],[103.92726,1.42137],[103.92692,1.42186],[103.92678,1.42211],[103.9266,1.42226],[103.92644,1.42234],[103.92625,1.42235],[103.92623,1.42243],[103.92624,1.42258],[103.92648,1.42285],[103.92651,1.42358],[103.9264,1.42365],[103.92638,1.42376],[103.92625,1.42388],[103.9262,1.42412],[103.9263,1.42409],[103.92632,1.424],[103.92639,1.42401],[103.92648,1.42397],[103.92655,1.42402],[103.92665,1.42398],[103.92662,1.42388],[103.92706,1.42379],[103.92812,1.42396],[103.92844,1.42412],[103.92866,1.42428],[103.92877,1.42426],[103.92907,1.42433],[103.92914,1.42437],[103.92983,1.42515],[103.9303,1.42575],[103.93032,1.42585],[103.93024,1.4259],[103.93024,1.42597],[103.93032,1.42599],[103.93038,1.42618],[103.93044,1.42621],[103.9314,1.42639],[103.9324,1.42665],[103.93273,1.42692],[103.93293,1.42724],[103.93337,1.42756],[103.9336,1.42802],[103.93371,1.4281],[103.93437,1.42792],[103.93476,1.42771],[103.93501,1.4277],[103.93519,1.42762],[103.93552,1.42763],[103.93661,1.42699],[103.9373,1.42684],[103.93751,1.42673],[103.93794,1.4267],[103.93827,1.42657],[103.93847,1.42642],[103.93883,1.42624],[103.93927,1.4261],[103.93948,1.42597],[103.94085,1.42543],[103.94213,1.42489],[103.94232,1.42477],[103.94283,1.42461],[103.94417,1.42409],[103.94436,1.4241],[103.94447,1.42403],[103.94536,1.42402],[103.94552,1.42398],[103.94617,1.42369],[103.94665,1.42332],[103.94697,1.42311],[103.94739,1.42288],[103.94809,1.42263],[103.94907,1.4216],[103.94912,1.42151],[103.94912,1.42128],[103.94923,1.42101],[103.94939,1.42078],[103.9495,1.42051],[103.94939,1.42042],[103.94946,1.42036],[103.94961,1.42043],[103.95063,1.41987],[103.95093,1.41975],[103.95123,1.41955],[103.95178,1.41938],[103.95208,1.41911],[103.95236,1.41896],[103.95251,1.41896],[103.95281,1.41889],[103.95314,1.41875],[103.95329,1.41886],[103.9533,1.41902],[103.95334,1.41914],[103.9534,1.41918],[103.95341,1.41926],[103.95363,1.41935],[103.95392,1.41935],[103.95449,1.4194],[103.95486,1.41929],[103.95497,1.41923],[103.95522,1.41915],[103.9554,1.41916],[103.95554,1.41906],[103.95557,1.419],[103.95565,1.41869],[103.95577,1.41841],[103.95574,1.41829],[103.95577,1.41818],[103.95592,1.4181],[103.956,1.41809],[103.95608,1.4181],[103.9562,1.4182],[103.95636,1.41822],[103.95649,1.41819],[103.95654,1.41825],[103.95658,1.41824],[103.95657,1.41812],[103.95651,1.41804],[103.95651,1.41793],[103.95661,1.41794],[103.95703,1.41791],[103.95756,1.41781],[103.95824,1.41793],[103.95881,1.41789],[103.9592,1.41793],[103.95991,1.41791],[103.96059,1.41776],[103.9614,1.41766],[103.96208,1.4178],[103.96252,1.41801],[103.96391,1.41855],[103.96403,1.41864],[103.96495,1.41884],[103.96566,1.41905],[103.96666,1.41916],[103.96726,1.41912],[103.9678,1.41916],[103.96792,1.41931],[103.96803,1.4194],[103.96821,1.41942],[103.9683,1.4194],[103.96844,1.41927],[103.96849,1.41925],[103.96888,1.41928],[103.96934,1.4194],[103.96958,1.41956],[103.97002,1.41959],[103.97038,1.41972],[103.97092,1.4196],[103.97121,1.41948],[103.97157,1.41946],[103.97165,1.41938],[103.97194,1.41934],[103.97196,1.41938],[103.97201,1.41937],[103.97202,1.41933],[103.97229,1.41926],[103.97257,1.41923],[103.97283,1.41933],[103.97295,1.41929],[103.97304,1.41922],[103.97313,1.41906],[103.97318,1.41903],[103.97345,1.41898],[103.9736,1.41898],[103.97369,1.41893],[103.97368,1.41882],[103.97512,1.41829],[103.97515,1.41831],[103.97517,1.41827],[103.97525,1.41825],[103.97546,1.41855],[103.9755,1.41858],[103.97561,1.41858],[103.97625,1.41834],[103.97629,1.41824],[103.97653,1.41824],[103.97685,1.41813],[103.97715,1.41797],[103.97816,1.4177],[103.97865,1.41763],[103.97881,1.41763],[103.97894,1.41767],[103.97967,1.41765],[103.97981,1.41781],[103.97997,1.41787],[103.98022,1.41791],[103.98046,1.4179],[103.98059,1.4179],[103.98062,1.41786],[103.9807,1.41785],[103.98101,1.41798],[103.98107,1.41797],[103.9813,1.41799],[103.98148,1.41804],[103.98157,1.41819],[103.98167,1.41822],[103.98178,1.41813],[103.9818,1.41801],[103.98187,1.41794],[103.98206,1.41789],[103.98274,1.41783],[103.98302,1.41789],[103.98321,1.41789],[103.98334,1.41791],[103.98377,1.41807],[103.98426,1.41842],[103.98451,1.41852],[103.98478,1.41853],[103.98493,1.4185],[103.98515,1.41854],[103.98534,1.41869],[103.98539,1.41877],[103.98537,1.41882],[103.98551,1.41885],[103.98569,1.41919],[103.98601,1.41906],[103.98592,1.41881],[103.98639,1.4185],[103.98673,1.41834],[103.98691,1.41828],[103.98708,1.41825],[103.98725,1.41826],[103.98733,1.41837],[103.98742,1.41842],[103.98781,1.41852],[103.98792,1.41859],[103.98801,1.4186],[103.98831,1.41852],[103.98876,1.41846],[103.9892,1.41836],[103.98971,1.4182],[103.98978,1.41816],[103.99011,1.41783],[103.99091,1.41712],[103.99249,1.41616],[103.99353,1.41559],[103.99559,1.41425],[104.00001,1.41166],[103.99733,1.40923],[103.99918,1.40895],[104.00027,1.40875],[104.00134,1.40852],[104.00348,1.40798],[104.00454,1.40767],[104.00664,1.40698],[104.00869,1.40618],[104.00971,1.40574],[104.0117,1.40479],[104.01364,1.40374],[104.0146,1.40319],[104.01554,1.4026],[104.01737,1.40137],[104.01914,1.40005],[104.02085,1.39864],[104.02248,1.39715],[104.02327,1.39637],[104.02479,1.39477],[104.02623,1.39309],[104.02759,1.39134],[104.02886,1.38952],[104.03004,1.38765],[104.03059,1.38669],[104.03163,1.38473],[104.03257,1.38272],[104.03342,1.38067],[104.0338,1.37963],[104.03449,1.37753],[104.0348,1.37646],[104.03534,1.37431],[104.03577,1.37213],[104.03609,1.36994],[104.03621,1.36883],[104.03637,1.36662],[104.03643,1.3644],[104.03637,1.36218],[104.03621,1.35997],[104.03594,1.35777],[104.03556,1.35558],[104.03508,1.35341],[104.03449,1.35127],[104.0338,1.34917],[104.03301,1.3471],[104.03211,1.34507],[104.03112,1.34308],[104.03004,1.34115],[104.02886,1.33928],[104.02759,1.33746],[104.02623,1.33571],[104.02479,1.33403],[104.02404,1.33322],[104.02267,1.33184],[104.01887,1.32281],[104.01908,1.32291],[104.01929,1.32296],[104.01995,1.323],[104.02011,1.32337],[104.02035,1.32367],[104.02067,1.32389],[104.02103,1.32401],[104.02721,1.32418],[104.02723,1.32476],[104.02732,1.32503],[104.02746,1.32529],[104.02766,1.3255],[104.02788,1.32567],[104.02812,1.32578],[104.02838,1.32584],[104.03959,1.32614],[104.04002,1.32607],[104.04026,1.32596],[104.04048,1.3258],[104.04066,1.32561],[104.0408,1.32538],[104.04089,1.32513],[104.04094,1.32482],[104.04151,1.30214],[104.04145,1.30188],[104.04134,1.30164],[104.04106,1.3013],[104.04069,1.30106],[104.04026,1.30096],[104.01657,1.30034],[104.01627,1.30036],[104.01594,1.30048],[104.01564,1.30067],[104.01541,1.30094],[104.01526,1.30126],[104.0152,1.30152],[104.01498,1.3095],[104.01448,1.30907],[104.01395,1.30874],[104.0137,1.30866],[104.01343,1.30864],[104.013,1.30871],[104.01268,1.30887],[104.01242,1.3091],[104.01211,1.30954],[104.01196,1.30991],[104.00696,1.31205],[104.00667,1.31225],[104.00645,1.3125],[104.00535,1.31177],[104.00473,1.31144],[104.00411,1.31118],[104.00357,1.311],[104.00253,1.3108],[104.00163,1.31078],[104.00095,1.31086],[104.00032,1.31099],[103.99976,1.31115],[103.99887,1.31145],[103.99861,1.31158],[103.99843,1.31171],[103.9981,1.3118],[103.9975,1.31208],[103.99721,1.31233],[103.99698,1.31271],[103.99688,1.31311],[103.9969,1.31349],[103.99698,1.31375],[103.99856,1.31744],[103.99847,1.31762],[103.99839,1.31787],[103.99836,1.31814],[103.99839,1.3184],[103.99847,1.31866],[103.99895,1.31981],[103.997,1.31952],[103.99481,1.3193],[103.9937,1.31924],[103.9915,1.31918],[103.9893,1.31924],[103.98819,1.3193],[103.986,1.31952],[103.98483,1.31968],[103.98428,1.3193],[103.98337,1.31901],[103.98241,1.31902],[103.98191,1.31916],[103.98034,1.31983],[103.97958,1.32032],[103.97919,1.32073],[103.97905,1.32096],[103.97741,1.32146],[103.97636,1.32182],[103.97431,1.32262],[103.97229,1.32352],[103.97032,1.32452],[103.9684,1.32561],[103.96746,1.3262],[103.96563,1.32743],[103.96474,1.32808],[103.963,1.32945],[103.96215,1.33016],[103.96052,1.33165],[103.95973,1.33243],[103.95821,1.33403],[103.95748,1.33486],[103.95677,1.33571],[103.95541,1.33746],[103.95414,1.33928],[103.95354,1.34021],[103.95241,1.34211],[103.9515,1.34382],[103.95084,1.34223],[103.95184,1.34104],[103.95204,1.34071],[103.95213,1.34043],[103.95215,1.34014],[103.95209,1.33976],[103.95197,1.3395],[103.95187,1.33934],[103.95167,1.33913],[103.95029,1.33801],[103.94996,1.3378],[103.94963,1.3377],[103.94928,1.33767],[103.94895,1.33773],[103.94864,1.33785],[103.94766,1.33621],[103.94706,1.33528],[103.94643,1.33436],[103.94512,1.33258],[103.94443,1.33171],[103.94299,1.33003],[103.94147,1.32843],[103.93987,1.3269],[103.9382,1.32545],[103.93646,1.32408],[103.93466,1.3228],[103.9328,1.32161],[103.93088,1.32052],[103.92891,1.31952],[103.92689,1.31862],[103.92484,1.31782],[103.92274,1.31713],[103.92062,1.31654],[103.91847,1.31605],[103.91629,1.31567],[103.9141,1.3154],[103.9119,1.31524],[103.9097,1.31518],[103.9075,1.31524],[103.9053,1.3154],[103.90311,1.31567],[103.90093,1.31605],[103.89878,1.31654],[103.89666,1.31713],[103.89456,1.31782],[103.89251,1.31862],[103.89149,1.31906],[103.8895,1.32001],[103.88756,1.32106],[103.8866,1.32161],[103.88566,1.3222],[103.88383,1.32343],[103.88206,1.32475],[103.8804,1.32612],[103.88018,1.32596],[103.87994,1.32585],[103.87968,1.32579],[103.87942,1.32578],[103.87916,1.32582],[103.87891,1.32591],[103.87833,1.32632],[103.87815,1.32651],[103.87801,1.32674],[103.87792,1.32699],[103.87788,1.32725],[103.87788,1.32752],[103.87794,1.32778],[103.87805,1.32802],[103.87817,1.32819],[103.87716,1.32922],[103.87568,1.33086],[103.87497,1.33171],[103.87361,1.33346],[103.87234,1.33528],[103.87174,1.33621],[103.87116,1.33715],[103.87025,1.33877],[103.87018,1.33849],[103.87005,1.33824],[103.86926,1.33717],[103.86831,1.3363],[103.86831,1.33611],[103.86826,1.33583],[103.8682,1.33566],[103.86806,1.33542],[103.86781,1.33514],[103.86754,1.33494],[103.86737,1.33484],[103.86711,1.33474],[103.86674,1.33469],[103.86636,1.33476],[103.8661,1.33487],[103.86586,1.33504],[103.86533,1.33562],[103.86514,1.33563],[103.86487,1.3357],[103.8647,1.33579],[103.86446,1.33595],[103.86308,1.33736],[103.86308,1.33707],[103.86313,1.33684],[103.86318,1.3363],[103.8632,1.33534],[103.86318,1.33511],[103.86322,1.33393],[103.86318,1.33367],[103.86309,1.33342],[103.86283,1.33306],[103.86248,1.33281],[103.86206,1.33268],[103.85963,1.33267],[103.85936,1.33269],[103.85911,1.33277],[103.85881,1.33295],[103.85861,1.33313],[103.85842,1.33342],[103.85829,1.33385],[103.85828,1.33529],[103.85835,1.33573],[103.85846,1.33597],[103.85857,1.33614],[103.85857,1.33779],[103.85867,1.33822],[103.8589,1.33859],[103.8591,1.33878],[103.85927,1.33889],[103.85933,1.33907],[103.85946,1.3393],[103.85976,1.33962],[103.85998,1.33976],[103.86023,1.33986],[103.86049,1.3399],[103.86078,1.3399],[103.8607,1.34029],[103.86072,1.34057],[103.86082,1.34093],[103.86097,1.34118],[103.86177,1.34198],[103.86212,1.34223],[103.86272,1.34282],[103.86305,1.343],[103.86341,1.34309],[103.86379,1.34308],[103.86406,1.34299],[103.86423,1.3429],[103.86475,1.34246],[103.86563,1.34157],[103.86581,1.34126],[103.86586,1.34109],[103.86601,1.34094],[103.86625,1.34107],[103.86652,1.34115],[103.86688,1.34117],[103.86715,1.34111],[103.86744,1.34139],[103.86779,1.34161],[103.86795,1.34167],[103.86852,1.34176],[103.86878,1.34175],[103.86819,1.3431],[103.8674,1.34517],[103.86671,1.34727],[103.86612,1.34941],[103.86586,1.35049],[103.86543,1.35267],[103.86511,1.35486],[103.86489,1.35707],[103.86479,1.35929],[103.86479,1.36151],[103.86483,1.36262],[103.86499,1.36483],[103.86511,1.36594],[103.86543,1.36813],[103.86586,1.37031],[103.86623,1.37181],[103.86449,1.3719],[103.8623,1.37212],[103.86012,1.37245],[103.85903,1.37265],[103.85688,1.37314],[103.85476,1.37373],[103.85266,1.37442],[103.85111,1.37502],[103.8508,1.37506],[103.85052,1.37514],[103.85027,1.37528],[103.85006,1.37546],[103.84859,1.37612],[103.8476,1.37661],[103.84566,1.37766],[103.84376,1.3788],[103.84193,1.38003],[103.84016,1.38135],[103.83845,1.38276],[103.83682,1.38425],[103.83514,1.38595],[103.8332,1.38491],[103.83221,1.38442],[103.83019,1.38352],[103.82814,1.38272],[103.8259,1.38199],[103.82636,1.38101],[103.82711,1.3796],[103.82729,1.37917],[103.82726,1.37903],[103.82755,1.37861],[103.82763,1.37845],[103.82776,1.37756],[103.82771,1.37744],[103.82764,1.37736],[103.82687,1.37704],[103.82668,1.37689],[103.82636,1.37654],[103.82626,1.37632],[103.82623,1.37619],[103.82625,1.37595],[103.82639,1.37536],[103.82651,1.37459],[103.82652,1.3743],[103.82643,1.37405],[103.82624,1.37369],[103.82623,1.3735],[103.82626,1.37342],[103.82635,1.37328],[103.8265,1.37317],[103.82709,1.37306],[103.8272,1.37301],[103.82742,1.37284],[103.8276,1.37258],[103.8278,1.3721],[103.8279,1.37154],[103.82821,1.37132],[103.82843,1.37104],[103.82874,1.37034],[103.82881,1.37005],[103.82882,1.36975],[103.82875,1.36947],[103.82866,1.36925],[103.82929,1.36965],[103.82956,1.36974],[103.82994,1.36975],[103.83077,1.36962],[103.83111,1.36945],[103.83139,1.36918],[103.83158,1.36884],[103.83164,1.36866],[103.83168,1.36837],[103.83167,1.36818],[103.83162,1.36776],[103.83154,1.36748],[103.8314,1.36723],[103.83114,1.36695],[103.8309,1.3668],[103.83072,1.36672],[103.83034,1.36665],[103.82925,1.36677],[103.82906,1.36681],[103.82879,1.36691],[103.82847,1.36715],[103.82819,1.36756],[103.8281,1.36784],[103.82807,1.36804],[103.82808,1.36833],[103.82811,1.36845],[103.82795,1.36832],[103.82778,1.36823],[103.82804,1.36779],[103.82806,1.36725],[103.826,1.36714],[103.82595,1.36719],[103.8259,1.36718],[103.82583,1.36714],[103.82528,1.36712],[103.82515,1.36716],[103.82502,1.36729],[103.82495,1.3676],[103.82435,1.36748],[103.82434,1.36751],[103.82426,1.36751],[103.82395,1.36738],[103.82375,1.3672],[103.82366,1.36705],[103.82339,1.36685],[103.82327,1.36656],[103.82303,1.36637],[103.8228,1.36612],[103.82246,1.36557],[103.82235,1.36526],[103.82225,1.36512],[103.82218,1.3651],[103.82213,1.36515],[103.82213,1.3652],[103.82232,1.36558],[103.82245,1.36594],[103.82283,1.36672],[103.82288,1.36698],[103.82328,1.36803],[103.8233,1.36816],[103.82326,1.36824],[103.82319,1.36829],[103.82302,1.36832],[103.8225,1.36815],[103.82197,1.36786],[103.82178,1.3677],[103.82151,1.36736],[103.82126,1.3671],[103.82077,1.36674],[103.82013,1.3664],[103.8198,1.36619],[103.81963,1.366],[103.8195,1.3657],[103.81921,1.36521],[103.81922,1.36516],[103.81933,1.36506],[103.81914,1.36459],[103.81911,1.36414],[103.819,1.36406],[103.81875,1.36406],[103.81869,1.36411],[103.81857,1.36469],[103.81851,1.36488],[103.81847,1.36491],[103.81839,1.36493],[103.81832,1.36492],[103.81826,1.36498],[103.81817,1.36487],[103.8181,1.36484],[103.81772,1.36489],[103.81748,1.36503],[103.81744,1.36502],[103.8174,1.36496],[103.81724,1.36496],[103.81713,1.36503],[103.81704,1.36502],[103.81698,1.36505],[103.81661,1.36506],[103.81658,1.3651],[103.8166,1.3652],[103.81698,1.36533],[103.81724,1.36532],[103.81742,1.36536],[103.81763,1.36532],[103.8177,1.36535],[103.81786,1.3655],[103.81798,1.3657],[103.81799,1.36581],[103.81797,1.36596],[103.818,1.36607],[103.81827,1.36613],[103.81834,1.36606],[103.8184,1.36607],[103.8186,1.36619],[103.81876,1.36637],[103.81878,1.3665],[103.81875,1.36674],[103.81871,1.36693],[103.81862,1.36715],[103.81862,1.36722],[103.81874,1.36726],[103.81904,1.36718],[103.81916,1.3672],[103.8199,1.36755],[103.82048,1.36792],[103.82055,1.36807],[103.8207,1.36867],[103.82094,1.36929],[103.82093,1.36947],[103.82059,1.3698],[103.82001,1.37015],[103.81958,1.37034],[103.81908,1.3705],[103.81872,1.3707],[103.8183,1.37079],[103.81806,1.37081],[103.81798,1.37079],[103.81769,1.37065],[103.81701,1.37004],[103.81675,1.36934],[103.81682,1.36921],[103.81678,1.3691],[103.81686,1.369],[103.81686,1.36892],[103.81647,1.36872],[103.81643,1.36865],[103.81646,1.36856],[103.81642,1.3685],[103.81632,1.36843],[103.81616,1.36841],[103.81599,1.36818],[103.8158,1.36812],[103.81565,1.368],[103.81572,1.36811],[103.81603,1.3684],[103.81608,1.36856],[103.81623,1.3688],[103.81633,1.36948],[103.81636,1.36955],[103.81652,1.36968],[103.81682,1.37043],[103.81697,1.37058],[103.81689,1.37074],[103.81693,1.37097],[103.81687,1.37135],[103.8168,1.37146],[103.8163,1.37182],[103.81617,1.37187],[103.81589,1.37192],[103.81584,1.372],[103.8158,1.37202],[103.81567,1.37198],[103.81539,1.37202],[103.81473,1.37196],[103.81429,1.37197],[103.81412,1.37194],[103.81399,1.37199],[103.81329,1.37164],[103.81297,1.37155],[103.81288,1.37134],[103.81269,1.37114],[103.81254,1.37089],[103.81227,1.37069],[103.81214,1.37065],[103.81199,1.37049],[103.81175,1.37043],[103.81174,1.37035],[103.81164,1.37032],[103.81164,1.37028],[103.81172,1.3702],[103.81161,1.37012],[103.81156,1.37005],[103.8115,1.36984],[103.81149,1.36966],[103.81157,1.36943],[103.81163,1.36936],[103.81181,1.36928],[103.81185,1.36923],[103.81206,1.3687],[103.81216,1.36859],[103.81134,1.36726],[103.81129,1.36701],[103.81127,1.36617],[103.81128,1.36606],[103.81183,1.3646],[103.81206,1.36413],[103.81223,1.36355],[103.81235,1.363],[103.81649,1.35735],[103.81666,1.35729],[103.81677,1.35736],[103.8172,1.35715],[103.81777,1.35698],[103.81787,1.35699],[103.8183,1.35711],[103.81867,1.35712],[103.81895,1.35718],[103.81903,1.35726],[103.81901,1.35715],[103.81962,1.3586],[103.82022,1.35922],[103.82047,1.35957],[103.82061,1.35979],[103.82105,1.36076],[103.8211,1.36084],[103.82118,1.36091],[103.82151,1.36089],[103.82181,1.36092],[103.82212,1.361],[103.82243,1.361],[103.82364,1.36082],[103.82393,1.36081],[103.82422,1.36087],[103.825,1.36126],[103.82548,1.36131],[103.82707,1.36122],[103.82708,1.36072],[103.82717,1.36046],[103.82781,1.35961],[103.82793,1.35948],[103.82817,1.35936],[103.8285,1.35933],[103.8276,1.35862],[103.82756,1.35867],[103.82744,1.35873],[103.8273,1.35892],[103.82693,1.35864],[103.82624,1.35885],[103.82532,1.3589],[103.82445,1.35857],[103.82417,1.35819],[103.82367,1.35709],[103.82312,1.35615],[103.82294,1.35512],[103.82336,1.35504],[103.82472,1.35544],[103.82559,1.35553],[103.82591,1.35545],[103.82622,1.35558],[103.8263,1.35556],[103.82631,1.35549],[103.82677,1.35536],[103.82658,1.35411],[103.82355,1.35232],[103.82252,1.35278],[103.82354,1.35232],[103.82674,1.35419],[103.82982,1.35312],[103.83125,1.35168],[103.83207,1.35082],[103.83207,1.35008],[103.83235,1.34979],[103.8332,1.34963],[103.83327,1.34941],[103.83384,1.34957],[103.83398,1.34914],[103.83561,1.34739],[103.83525,1.34732],[103.83456,1.34768],[103.83513,1.34708],[103.83578,1.34629],[103.83678,1.34636],[103.83707,1.34346],[103.83676,1.34325],[103.83681,1.34307],[103.83684,1.3428],[103.83681,1.34223],[103.83673,1.34196],[103.83654,1.34164],[103.8364,1.34149],[103.8361,1.34128],[103.83583,1.34118],[103.83549,1.34113],[103.83536,1.34091],[103.83516,1.34069],[103.83501,1.34057],[103.83475,1.34044],[103.83437,1.34036],[103.83382,1.34037],[103.83343,1.34047],[103.83307,1.34064],[103.83278,1.34091],[103.83262,1.34116],[103.83255,1.34134],[103.83247,1.34172],[103.83249,1.34202],[103.83254,1.34219],[103.83223,1.3421],[103.83216,1.34205],[103.83207,1.34182],[103.83204,1.34154],[103.83193,1.34139],[103.83169,1.34126],[103.83138,1.34126],[103.83136,1.34138],[103.83146,1.34191],[103.83145,1.34218],[103.83136,1.34265],[103.83122,1.34282],[103.83111,1.34287],[103.83052,1.34294],[103.83016,1.34295],[103.8298,1.34299],[103.82943,1.34296],[103.82937,1.34289],[103.82932,1.34266],[103.82936,1.34213],[103.8295,1.34154],[103.82986,1.341],[103.8277,1.34129],[103.82559,1.34138],[103.82501,1.34136],[103.82437,1.34123],[103.82186,1.34041],[103.82127,1.34018],[103.8203,1.33967],[103.82008,1.33946],[103.81982,1.33912],[103.81958,1.33868],[103.81889,1.33701],[103.81856,1.33633],[103.81837,1.33645],[103.81823,1.3367],[103.81759,1.33732],[103.81711,1.33778],[103.81633,1.33845],[103.81608,1.33871],[103.81604,1.3389],[103.81604,1.33914],[103.81612,1.33934],[103.81602,1.33945],[103.81556,1.33976],[103.81512,1.33989],[103.81487,1.34005],[103.81456,1.34028],[103.81441,1.34053],[103.8144,1.34073],[103.81444,1.34103],[103.81447,1.34183],[103.81485,1.34211],[103.8148,1.34295],[103.81508,1.34355],[103.8149,1.34405],[103.81465,1.34417],[103.81389,1.34427],[103.81299,1.34433],[103.8129,1.34544],[103.81278,1.34593],[103.8118,1.34694],[103.80991,1.34792],[103.80904,1.34829],[103.80855,1.34853],[103.80827,1.34874],[103.80735,1.34923],[103.80715,1.34938],[103.80701,1.34958],[103.80556,1.3497],[103.80525,1.34963],[103.80507,1.34947],[103.80382,1.34788],[103.80367,1.34755],[103.80357,1.34625],[103.80341,1.34575],[103.80298,1.34494],[103.8025,1.34481],[103.80173,1.34434],[103.80168,1.34434],[103.79841,1.34779],[103.79774,1.34835],[103.797,1.34883],[103.79662,1.34904],[103.79606,1.34928],[103.7951,1.34958],[103.79429,1.34974],[103.79376,1.3498],[103.7921,1.34988],[103.79179,1.34998],[103.79157,1.35012],[103.79163,1.35093],[103.7914,1.3525],[103.79101,1.35248],[103.79073,1.35254],[103.79056,1.35261],[103.79023,1.35236],[103.7899,1.35222],[103.78964,1.35217],[103.78886,1.35211],[103.7871,1.35237],[103.78676,1.35254],[103.78647,1.3528],[103.78592,1.35229],[103.78575,1.3522],[103.78547,1.3521],[103.78518,1.35206],[103.78499,1.35208],[103.7847,1.35215],[103.78445,1.35227],[103.78442,1.35168],[103.78436,1.35159],[103.78417,1.35159],[103.78461,1.35145],[103.78609,1.34852],[103.78602,1.34847],[103.78804,1.34572],[103.78782,1.3454],[103.78748,1.34506],[103.78713,1.34483],[103.78481,1.34385],[103.78404,1.34356],[103.7812,1.34265],[103.78085,1.34257],[103.78055,1.34255],[103.77987,1.34265],[103.7793,1.34267],[103.77906,1.34264],[103.77824,1.34242],[103.77797,1.3424],[103.77773,1.34246],[103.77744,1.34266],[103.77691,1.34333],[103.77618,1.34406],[103.77582,1.34436],[103.77592,1.34461],[103.77551,1.34512],[103.77555,1.34523],[103.77552,1.34526],[103.77555,1.34534],[103.77539,1.34554],[103.77531,1.34538],[103.77127,1.35052],[103.77079,1.35142],[103.77046,1.35229],[103.77007,1.35215],[103.77,1.35267],[103.76916,1.35494],[103.76896,1.35558],[103.76872,1.35608],[103.76841,1.35657],[103.76775,1.35736],[103.76765,1.35756],[103.76764,1.35766],[103.76729,1.35807],[103.76735,1.35779],[103.76682,1.3578],[103.76645,1.35891],[103.7663,1.35945],[103.7662,1.36],[103.76616,1.36055],[103.76617,1.36111],[103.76624,1.36166],[103.76628,1.36193],[103.76638,1.36192],[103.7664,1.36216],[103.76632,1.36217],[103.76644,1.36301],[103.76646,1.36342],[103.76642,1.3641],[103.76563,1.36381],[103.76505,1.36379],[103.76468,1.36373],[103.76425,1.36378],[103.76371,1.36375],[103.76335,1.36379],[103.76348,1.36356],[103.76357,1.36308],[103.76353,1.36225],[103.76349,1.36206],[103.76337,1.36179],[103.7632,1.36155],[103.76291,1.3613],[103.76265,1.36117],[103.76227,1.3611],[103.76178,1.36046],[103.76145,1.3602],[103.7612,1.36005],[103.76093,1.35996],[103.76025,1.35983],[103.75939,1.35988],[103.75882,1.35953],[103.75856,1.35945],[103.75837,1.35942],[103.75801,1.35944],[103.75783,1.35949],[103.75758,1.35961],[103.75729,1.35958],[103.75708,1.3596],[103.7575,1.3583],[103.75706,1.35768],[103.75736,1.35738],[103.75775,1.35742],[103.75804,1.35711],[103.75805,1.35682],[103.75869,1.35653],[103.7586,1.35556],[103.75833,1.35539],[103.75837,1.3553],[103.75887,1.35472],[103.75895,1.3539],[103.75873,1.35353],[103.75833,1.35379],[103.75822,1.35394],[103.75778,1.3541],[103.75713,1.35387],[103.75659,1.35324],[103.7563,1.35358],[103.75531,1.35277],[103.75514,1.35294],[103.75503,1.35318],[103.75498,1.35369],[103.75499,1.35416],[103.75495,1.35436],[103.75485,1.35454],[103.75465,1.35476],[103.75447,1.35486],[103.75356,1.35514],[103.75343,1.35524],[103.75332,1.35537],[103.75322,1.3556],[103.75321,1.35594],[103.75343,1.35654],[103.75345,1.35673],[103.75342,1.3572],[103.75331,1.35747],[103.75346,1.35739],[103.75371,1.35731],[103.75374,1.35733],[103.75371,1.35734],[103.75382,1.35747],[103.75404,1.35751],[103.75422,1.35763],[103.75434,1.35782],[103.75437,1.35805],[103.75433,1.3582],[103.75428,1.3583],[103.7536,1.35893],[103.75357,1.36097],[103.75348,1.3611],[103.7534,1.36131],[103.75331,1.36166],[103.75333,1.36198],[103.75342,1.36232],[103.75321,1.36261],[103.75308,1.36295],[103.75268,1.36704],[103.7525,1.36726],[103.75241,1.36743],[103.75231,1.36779],[103.7523,1.37144],[103.75186,1.37169],[103.75164,1.37188],[103.75143,1.37221],[103.75132,1.37258],[103.75131,1.37289],[103.75139,1.37326],[103.75147,1.37344],[103.75176,1.37391],[103.75171,1.37418],[103.75171,1.37438],[103.75126,1.37292],[103.7509,1.37187],[103.75011,1.3698],[103.74921,1.36777],[103.74873,1.36677],[103.74769,1.36481],[103.74656,1.36291],[103.74533,1.36106],[103.74402,1.35928],[103.74333,1.35841],[103.74189,1.35673],[103.74037,1.35513],[103.73958,1.35435],[103.73795,1.35286],[103.7371,1.35215],[103.73536,1.35078],[103.73356,1.3495],[103.7317,1.34831],[103.73074,1.34776],[103.7288,1.34671],[103.72681,1.34576],[103.72579,1.34532],[103.72446,1.3448],[103.72493,1.34471],[103.72678,1.34425],[103.72743,1.34418],[103.72771,1.34417],[103.72769,1.34421],[103.7278,1.34421],[103.7278,1.34417],[103.72796,1.34417],[103.72797,1.34342],[103.72777,1.34323],[103.72749,1.34307],[103.7273,1.34297],[103.72695,1.34297],[103.72651,1.34306],[103.72589,1.34374],[103.72546,1.34399],[103.725,1.34417],[103.72452,1.3443],[103.72401,1.3443],[103.72399,1.34411],[103.72391,1.34383],[103.72369,1.34345],[103.7235,1.34322],[103.72332,1.34304],[103.72298,1.34282],[103.72262,1.34269],[103.72243,1.34268],[103.72205,1.34272],[103.72205,1.34268],[103.7219,1.34268],[103.72147,1.3427],[103.72147,1.34278],[103.72156,1.34278],[103.72159,1.34293],[103.72121,1.34327],[103.72096,1.34363],[103.71952,1.34324],[103.71844,1.34298],[103.71628,1.34255],[103.7141,1.34222],[103.71191,1.342],[103.7108,1.34194],[103.7086,1.34188],[103.7064,1.34194],[103.7042,1.3421],[103.70201,1.34237],[103.70092,1.34255],[103.69876,1.34298],[103.69662,1.34352],[103.69451,1.34416],[103.69346,1.34452],[103.69141,1.34532],[103.69039,1.34576],[103.6884,1.34671],[103.68646,1.34776],[103.6855,1.34831],[103.68456,1.3489],[103.68273,1.35013],[103.68184,1.35078],[103.68061,1.35174],[103.67958,1.35059],[103.67938,1.35042],[103.67914,1.3503],[103.67889,1.35022],[103.67854,1.3502],[103.67828,1.35024],[103.678,1.35035],[103.67712,1.35016],[103.67707,1.34714],[103.67733,1.34708],[103.67767,1.3469],[103.67794,1.34662],[103.67809,1.34638],[103.67818,1.3461],[103.67822,1.3458],[103.67822,1.34483],[103.67867,1.34368],[103.67889,1.34346],[103.67925,1.34326],[103.6796,1.34299],[103.67983,1.34274],[103.68004,1.34243],[103.68019,1.34216],[103.68028,1.34181],[103.68025,1.34094],[103.68048,1.34063],[103.68079,1.34061],[103.68107,1.34062],[103.68141,1.34069],[103.68171,1.34079],[103.68201,1.34093],[103.68313,1.34183],[103.68374,1.34223],[103.68401,1.34234],[103.68419,1.34238],[103.68457,1.34239],[103.68485,1.34232],[103.68519,1.34214],[103.6854,1.34195],[103.68563,1.34167],[103.68575,1.34157],[103.68591,1.3414],[103.68774,1.33899],[103.68821,1.33935]],[[103.77835,1.37271],[103.77839,1.37267],[103.77833,1.37273],[103.77835,1.37271]],[[103.7784,1.37265],[103.77839,1.37267],[103.77839,1.37267],[103.7784,1.37265]],[[103.77841,1.37263],[103.77842,1.37261],[103.7784,1.37265],[103.77841,1.37263]],[[103.77847,1.37245],[103.77843,1.37257],[103.77842,1.37261],[103.77847,1.37245]],[[103.77849,1.37238],[103.77858,1.3721],[103.77847,1.37245],[103.77849,1.37238]],[[103.77858,1.3721],[103.77874,1.37157],[103.77883,1.3713],[103.77888,1.3712],[103.77883,1.3713],[103.77858,1.3721]],[[103.77888,1.37119],[103.77895,1.37115],[103.77888,1.3712],[103.77888,1.37119]],[[103.77888,1.37119],[103.77889,1.37119],[103.77888,1.37119],[103.77888,1.37119]],[[103.77899,1.37113],[103.77901,1.37112],[103.77895,1.37115],[103.77899,1.37113]],[[103.77906,1.37109],[103.77912,1.37109],[103.77901,1.37112],[103.77906,1.37109]],[[103.77913,1.37109],[103.77913,1.37109],[103.77912,1.37109],[103.77913,1.37109]],[[103.77922,1.37109],[103.77946,1.3711],[103.77913,1.37109],[103.77922,1.37109]],[[103.77974,1.37111],[103.77985,1.3711],[103.77946,1.3711],[103.77974,1.37111]],[[103.77988,1.37109],[103.7799,1.37109],[103.77985,1.3711],[103.77988,1.37109]],[[103.78006,1.37112],[103.78021,1.37103],[103.78006,1.37112],[103.7799,1.37109],[103.78006,1.37112]],[[103.78028,1.37098],[103.78028,1.37098],[103.78021,1.37103],[103.78028,1.37098]],[[103.78028,1.37098],[103.78033,1.37096],[103.78033,1.37096],[103.78028,1.37098]],[[103.78035,1.37095],[103.78039,1.37094],[103.78033,1.37096],[103.78035,1.37095]],[[103.78041,1.37093],[103.78042,1.37093],[103.78039,1.37094],[103.78041,1.37093]],[[103.78042,1.37093],[103.78044,1.37093],[103.78042,1.37093],[103.78042,1.37093]],[[103.78046,1.37092],[103.78047,1.37092],[103.78044,1.37093],[103.78046,1.37092]],[[103.78047,1.37092],[103.78047,1.37092],[103.78047,1.37092],[103.78047,1.37092]],[[103.77942,1.37497],[103.77987,1.37467],[103.77942,1.37497],[103.77927,1.37501],[103.77942,1.37497]],[[103.78026,1.37441],[103.78026,1.37441],[103.77987,1.37467],[103.78026,1.37441]],[[103.75344,1.39006],[103.75342,1.3902],[103.75343,1.39006],[103.75344,1.39006]],[[103.77848,1.36167],[103.77852,1.36179],[103.77852,1.36179],[103.77848,1.36167]],[[103.77191,1.35827],[103.77252,1.35984],[103.77251,1.35982],[103.77191,1.35827]],[[103.77057,1.35409],[103.77082,1.35353],[103.77069,1.35342],[103.77115,1.35231],[103.77151,1.35161],[103.77191,1.35092],[103.77115,1.35231],[103.77069,1.35342],[103.77082,1.35353],[103.77057,1.35409]],[[103.77057,1.35409],[103.77057,1.35409],[103.77057,1.35409],[103.77057,1.35409]],[[103.77233,1.35025],[103.77237,1.35028],[103.77237,1.35028],[103.77233,1.35025]],[[103.77353,1.34881],[103.77566,1.3461],[103.77555,1.34586],[103.77541,1.34614],[103.77535,1.34645],[103.77533,1.34637],[103.77539,1.34614],[103.77553,1.34583],[103.77544,1.34564],[103.77559,1.34544],[103.77564,1.34555],[103.77567,1.34552],[103.77683,1.34402],[103.77708,1.34418],[103.77639,1.34543],[103.7759,1.3462],[103.77611,1.34678],[103.77643,1.34663],[103.77676,1.34714],[103.77717,1.34696],[103.7766,1.34643],[103.77661,1.34628],[103.77654,1.34602],[103.7773,1.34617],[103.77794,1.34674],[103.77741,1.34702],[103.77634,1.34747],[103.77576,1.34778],[103.77577,1.3478],[103.77573,1.34763],[103.77508,1.34799],[103.77492,1.34842],[103.7749,1.34858],[103.77475,1.34858],[103.77476,1.34901],[103.77469,1.34924],[103.77454,1.34943],[103.77427,1.34957],[103.77353,1.34881]],[[103.7774,1.34331],[103.77742,1.34329],[103.77683,1.34402],[103.7774,1.34331]],[[103.75186,1.37491],[103.752,1.37515],[103.75198,1.37535],[103.75186,1.37491]],[[103.72254,1.43861],[103.72231,1.43836],[103.7221,1.43824],[103.72167,1.43835],[103.7221,1.43824],[103.72231,1.43836],[103.72254,1.43861],[103.72268,1.43859],[103.72281,1.43851],[103.72268,1.43859],[103.72254,1.43861]],[[103.72099,1.4386],[103.72078,1.43871],[103.72099,1.4386],[103.72099,1.4386]],[[103.71856,1.44401],[103.71892,1.44387],[103.71908,1.44376],[103.71928,1.44356],[103.7206,1.44147],[103.72073,1.44111],[103.72075,1.44072],[103.72067,1.44035],[103.72049,1.44003],[103.72113,1.44028],[103.72179,1.44024],[103.72199,1.44039],[103.72226,1.44099],[103.72211,1.44114],[103.72211,1.44134],[103.72195,1.44144],[103.72185,1.44167],[103.72222,1.44183],[103.72278,1.44227],[103.72273,1.44249],[103.72307,1.44279],[103.72317,1.44299],[103.72338,1.44319],[103.72354,1.44306],[103.72369,1.44311],[103.72382,1.44293],[103.72389,1.44289],[103.72456,1.443],[103.72473,1.44343],[103.72332,1.44398],[103.72319,1.44408],[103.72231,1.44442],[103.72202,1.44441],[103.72202,1.44453],[103.72081,1.44459],[103.71983,1.44508],[103.71838,1.4446],[103.71813,1.44404],[103.71856,1.44401]],[[103.77031,1.354],[103.77032,1.35398],[103.77031,1.354],[103.77031,1.354]],[[103.77327,1.34855],[103.77327,1.34855],[103.77327,1.34855],[103.77327,1.34855]],[[103.77231,1.35023],[103.77208,1.35005],[103.77233,1.35025],[103.77231,1.35023]],[[103.7771,1.34309],[103.7771,1.34309],[103.77712,1.34307],[103.7771,1.34309]],[[103.7664,1.36259],[103.7664,1.3626],[103.76672,1.36254],[103.7664,1.36259]],[[103.76905,1.36258],[103.76998,1.36201],[103.77024,1.36144],[103.77046,1.36141],[103.77083,1.36142],[103.77097,1.36167],[103.77083,1.36188],[103.77018,1.36222],[103.76915,1.36326],[103.76897,1.36308],[103.76896,1.36301],[103.76895,1.36269],[103.76905,1.36258]],[[103.78089,1.34566],[103.78159,1.34611],[103.7819,1.34652],[103.78211,1.34675],[103.78112,1.34713],[103.78187,1.34911],[103.78116,1.34938],[103.77981,1.34584],[103.78072,1.34548],[103.78089,1.34566]],[[103.77728,1.35262],[103.77672,1.35219],[103.7766,1.35205],[103.77664,1.35186],[103.77706,1.35159],[103.77742,1.35149],[103.77755,1.35185],[103.77746,1.35234],[103.77728,1.35262]],[[103.78354,1.35631],[103.78369,1.35615],[103.78367,1.35613],[103.78368,1.35614],[103.78395,1.35589],[103.78442,1.35605],[103.78404,1.35641],[103.78366,1.35648],[103.78354,1.35631]],[[103.78355,1.35624],[103.78334,1.35646],[103.78359,1.35621],[103.78355,1.35624]],[[103.77737,1.38942],[103.77734,1.38908],[103.77737,1.38942],[103.77688,1.38965],[103.77737,1.38942]],[[103.77661,1.38623],[103.77661,1.38623],[103.77749,1.38665],[103.77661,1.38623]],[[103.77662,1.38585],[103.77662,1.38585],[103.77662,1.38585],[103.77662,1.38585]],[[103.7767,1.38521],[103.77671,1.38534],[103.77671,1.38534],[103.7767,1.38521]],[[103.77617,1.38293],[103.77605,1.38174],[103.77618,1.38293],[103.77617,1.38293]],[[103.77674,1.38072],[103.777,1.38091],[103.77674,1.38072],[103.77664,1.38078],[103.77674,1.38072]],[[103.77801,1.38102],[103.77771,1.3811],[103.7775,1.38116],[103.77801,1.38102]],[[103.78099,1.3786],[103.78171,1.37826],[103.78099,1.3786],[103.77971,1.37885],[103.78099,1.3786]],[[103.78247,1.37841],[103.78299,1.37894],[103.78247,1.37841],[103.78219,1.37823],[103.78247,1.37841]],[[103.78337,1.37647],[103.78337,1.37647],[103.7837,1.37664],[103.78337,1.37647]],[[103.78163,1.36644],[103.78155,1.36633],[103.78163,1.36644],[103.78146,1.36728],[103.78163,1.36644]],[[103.81766,1.38031],[103.81767,1.38031],[103.81767,1.3803],[103.81766,1.38031]],[[103.81775,1.38017],[103.81771,1.38023],[103.81776,1.38016],[103.81775,1.38017]],[[103.81795,1.38009],[103.81797,1.38008],[103.81797,1.38008],[103.81795,1.38009]],[[103.81932,1.38039],[103.81875,1.38028],[103.81953,1.38043],[103.81932,1.38039]],[[103.82085,1.38032],[103.82104,1.37991],[103.82104,1.37991],[103.82085,1.38032],[103.82074,1.3804],[103.82052,1.38048],[103.82046,1.38047],[103.82074,1.3804],[103.82085,1.38032]],[[103.82124,1.37969],[103.82115,1.37976],[103.82112,1.37979],[103.82114,1.37976],[103.82124,1.37969]],[[103.82169,1.3795],[103.82146,1.37958],[103.82125,1.37968],[103.82146,1.37958],[103.82169,1.3795]],[[103.82195,1.37952],[103.82227,1.37961],[103.82194,1.37952],[103.8217,1.3795],[103.82195,1.37952]],[[103.82261,1.37971],[103.82255,1.37971],[103.8224,1.37966],[103.82236,1.37964],[103.82261,1.37971]],[[103.82263,1.37971],[103.82266,1.3797],[103.82263,1.37971],[103.82263,1.37971]],[[103.82282,1.37957],[103.82276,1.37966],[103.82275,1.37966],[103.82276,1.37966],[103.82282,1.37957]],[[103.82293,1.37945],[103.82284,1.37955],[103.82299,1.37938],[103.82293,1.37945]],[[103.82361,1.37872],[103.82313,1.37922],[103.82305,1.37932],[103.82361,1.37872]],[[103.82369,1.37868],[103.82366,1.37869],[103.82374,1.37866],[103.82369,1.37868]],[[103.82421,1.3786],[103.82422,1.37861],[103.82422,1.37861],[103.82421,1.3786]],[[103.82425,1.37863],[103.82434,1.3787],[103.82434,1.3787],[103.82425,1.37863]],[[103.82468,1.37917],[103.82512,1.37948],[103.82492,1.37935],[103.82468,1.37917],[103.82456,1.37901],[103.82468,1.37917]],[[103.82559,1.37967],[103.82544,1.37963],[103.82536,1.3796],[103.82559,1.37967]],[[103.82607,1.37963],[103.82581,1.37969],[103.82575,1.3797],[103.82581,1.37969],[103.82607,1.37963]],[[103.82616,1.37961],[103.82622,1.37957],[103.82617,1.37961],[103.82616,1.37961]],[[103.82631,1.37951],[103.82631,1.37948],[103.82631,1.37948],[103.82631,1.37951]],[[103.82665,1.37933],[103.82649,1.3794],[103.82644,1.37943],[103.82665,1.37933]],[[103.82668,1.37934],[103.82673,1.37931],[103.82668,1.37934],[103.82668,1.37934]],[[103.82718,1.3791],[103.82718,1.3791],[103.82694,1.37921],[103.82718,1.3791]],[[103.82719,1.37909],[103.82721,1.37908],[103.8272,1.37908],[103.82719,1.37909]],[[103.82724,1.37904],[103.82724,1.37904],[103.82724,1.37904],[103.82724,1.37904]],[[104.01818,1.32118],[104.01797,1.32069],[104.01773,1.32013],[104.0182,1.32015],[104.01818,1.32118]],[[104.00169,1.31687],[104.00163,1.31673],[104.00169,1.31673],[104.00169,1.31687]],[[104.00295,1.31931],[104.0053,1.31931],[104.00548,1.31954],[104.00571,1.31973],[104.00606,1.31989],[104.00621,1.31992],[104.00621,1.32168],[104.00454,1.32113],[104.00334,1.32078],[104.0027,1.31927],[104.00295,1.31931]]],[[[103.72852,1.3399],[103.72869,1.3401],[103.729,1.34032],[103.72935,1.34034],[103.72963,1.34039],[103.72979,1.34054],[103.73046,1.34065],[103.73062,1.34041],[103.73077,1.34007],[103.73101,1.33975],[103.73111,1.33968],[103.73125,1.33966],[103.73134,1.33959],[103.73142,1.33959],[103.73157,1.33952],[103.73179,1.33933],[103.73185,1.33913],[103.73184,1.33896],[103.73177,1.33857],[103.73164,1.33848],[103.73165,1.33844],[103.7318,1.33852],[103.73197,1.33836],[103.73211,1.33817],[103.73203,1.33814],[103.73208,1.33809],[103.73208,1.33805],[103.73211,1.33805],[103.73212,1.33811],[103.73215,1.33811],[103.73231,1.33791],[103.73232,1.33783],[103.73242,1.33778],[103.7325,1.3377],[103.73275,1.33735],[103.73276,1.3373],[103.73271,1.33727],[103.73272,1.33722],[103.73278,1.33722],[103.73275,1.33717],[103.73279,1.33715],[103.73281,1.3372],[103.73282,1.33712],[103.73294,1.33711],[103.73305,1.33703],[103.7331,1.33689],[103.73312,1.33655],[103.73297,1.33655],[103.73285,1.33661],[103.73273,1.33673],[103.73277,1.33675],[103.73279,1.33671],[103.73282,1.33671],[103.73279,1.3368],[103.73272,1.33682],[103.73272,1.33678],[103.73269,1.33676],[103.73269,1.33683],[103.73266,1.33686],[103.73261,1.33683],[103.73263,1.33678],[103.73257,1.33678],[103.7324,1.33691],[103.73241,1.33694],[103.73246,1.33693],[103.73246,1.33697],[103.73237,1.33695],[103.73237,1.337],[103.73236,1.33699],[103.73229,1.33706],[103.73224,1.33704],[103.73223,1.33699],[103.73214,1.33703],[103.73181,1.33725],[103.73175,1.33733],[103.73177,1.3374],[103.73171,1.33743],[103.73164,1.33754],[103.73147,1.33758],[103.73095,1.33792],[103.73075,1.33799],[103.73066,1.338],[103.73036,1.33778],[103.73011,1.33767],[103.72936,1.33744],[103.72906,1.33738],[103.72882,1.33728],[103.72868,1.33725],[103.72841,1.33727],[103.72825,1.33736],[103.72792,1.33762],[103.72776,1.33799],[103.72775,1.33831],[103.7279,1.33862],[103.72808,1.33929],[103.72826,1.33956],[103.72849,1.33982],[103.72852,1.3399]]],[[[103.63278,1.34817],[103.63286,1.34909],[103.6331,1.34993],[103.63348,1.35072],[103.634,1.35144],[103.63457,1.35198],[103.63529,1.35248],[103.63612,1.35284],[103.63683,1.35302],[103.63744,1.353],[103.63815,1.35272],[103.63864,1.35232],[103.63894,1.35196],[103.63924,1.3513],[103.63933,1.35067],[103.6393,1.35029],[103.63874,1.34855],[103.6388,1.34815],[103.63871,1.34767],[103.63843,1.34711],[103.63813,1.34669],[103.63749,1.34507],[103.63713,1.34462],[103.63677,1.34434],[103.63625,1.34412],[103.63575,1.34406],[103.63506,1.34416],[103.63448,1.34447],[103.63385,1.34512],[103.63339,1.34582],[103.6331,1.34644],[103.63286,1.34732],[103.63278,1.34817]]],[[[103.73365,1.23726],[103.73371,1.23761],[103.73507,1.23984],[103.73543,1.24017],[103.7359,1.24033],[103.7599,1.24265],[103.76429,1.24265],[103.76471,1.24258],[103.76928,1.23981],[103.78077,1.22797],[103.78096,1.2276],[103.78102,1.22718],[103.78081,1.22303],[103.78065,1.22261],[103.78036,1.22227],[103.77997,1.22203],[103.77953,1.22194],[103.75864,1.22411],[103.74066,1.22957],[103.74014,1.22988],[103.73397,1.23629],[103.73378,1.23658],[103.73366,1.23691],[103.73365,1.23726]]],[[[103.74715,1.30251],[103.7474,1.30209],[103.74749,1.30171],[103.74743,1.30122],[103.74722,1.30063],[103.7472,1.30048],[103.74748,1.30027],[103.74772,1.29995],[103.74786,1.29959],[103.74789,1.29919],[103.74731,1.29694],[103.74691,1.29638],[103.74639,1.29611],[103.74591,1.29603],[103.74422,1.29651],[103.74339,1.29697],[103.743,1.29733],[103.74261,1.29789],[103.74246,1.2985],[103.742,1.29802],[103.74157,1.29768],[103.74121,1.29752],[103.74063,1.2975],[103.73926,1.29789],[103.73887,1.29819],[103.73865,1.29852],[103.73854,1.2989],[103.73854,1.29929],[103.73885,1.30057],[103.73908,1.30092],[103.73939,1.30118],[103.73996,1.30384],[103.74024,1.30469],[103.74068,1.30521],[103.74132,1.30546],[103.74201,1.30536],[103.7429,1.30483],[103.74336,1.30497],[103.74385,1.30494],[103.74481,1.30447],[103.74625,1.30424],[103.74682,1.30386],[103.7471,1.30335],[103.74715,1.30251]]],[[[103.7475,1.31358],[103.74806,1.3135],[103.74834,1.31339],[103.74866,1.31317],[103.7489,1.31286],[103.74902,1.31259],[103.74908,1.3122],[103.74906,1.3118],[103.74891,1.31125],[103.74878,1.311],[103.7486,1.31076],[103.74839,1.31058],[103.74813,1.31044],[103.74795,1.31039],[103.74741,1.31031],[103.74686,1.31029],[103.7464,1.31037],[103.74607,1.31055],[103.74586,1.31074],[103.74575,1.3109],[103.74558,1.31123],[103.74549,1.31166],[103.74543,1.31218],[103.74545,1.31248],[103.74549,1.31267],[103.74567,1.31302],[103.74585,1.31324],[103.74618,1.31347],[103.74645,1.31356],[103.74671,1.31361],[103.7475,1.31358]]],[[[103.74973,1.31849],[103.74996,1.31832],[103.75021,1.31801],[103.75033,1.31774],[103.75039,1.31745],[103.75036,1.31695],[103.75018,1.31647],[103.75004,1.31622],[103.74982,1.31594],[103.74949,1.31569],[103.74923,1.31555],[103.74905,1.31548],[103.74876,1.31544],[103.74849,1.31545],[103.74815,1.31555],[103.74785,1.31574],[103.74759,1.31599],[103.7474,1.3163],[103.7473,1.31666],[103.74725,1.31719],[103.74726,1.31739],[103.74733,1.31768],[103.7474,1.31786],[103.74767,1.31829],[103.74786,1.3185],[103.74809,1.31867],[103.74834,1.31878],[103.74862,1.31885],[103.74891,1.31885],[103.74919,1.31878],[103.74973,1.31849]]],[[[103.74323,1.32015],[103.7436,1.32003],[103.74385,1.31988],[103.74412,1.3196],[103.7443,1.31925],[103.74435,1.31906],[103.74437,1.31867],[103.74427,1.31822],[103.7441,1.31787],[103.74398,1.31772],[103.74369,1.31747],[103.74333,1.31732],[103.74306,1.31728],[103.74253,1.31728],[103.74235,1.31731],[103.74205,1.3174],[103.74158,1.31765],[103.74135,1.31785],[103.74117,1.31809],[103.74106,1.31836],[103.74099,1.31865],[103.74099,1.31894],[103.74106,1.31924],[103.74112,1.31942],[103.74126,1.31968],[103.74145,1.3199],[103.74163,1.32004],[103.74204,1.32024],[103.74222,1.32027],[103.7425,1.32028],[103.74323,1.32015]]],[[[103.76996,1.32216],[103.771,1.32369],[103.77187,1.32435],[103.77235,1.32445],[103.77274,1.32441],[103.77386,1.32378],[103.7746,1.32373],[103.7752,1.32345],[103.77556,1.32312],[103.77578,1.32268],[103.77584,1.32229],[103.77577,1.32136],[103.77516,1.31962],[103.77492,1.31931],[103.77466,1.31911],[103.77399,1.31873],[103.77264,1.31814],[103.77162,1.318],[103.77105,1.31804],[103.77059,1.31822],[103.77029,1.31847],[103.77007,1.3188],[103.76965,1.32009],[103.76965,1.32117],[103.76996,1.32216]]],[[[103.76231,1.3209],[103.76214,1.32063],[103.76191,1.32039],[103.7613,1.31997],[103.76109,1.31985],[103.76086,1.31977],[103.76056,1.31972],[103.76022,1.31975],[103.75995,1.31983],[103.75969,1.31996],[103.75916,1.32034],[103.75858,1.32088],[103.75803,1.32124],[103.75779,1.32149],[103.75761,1.3218],[103.75752,1.32214],[103.75752,1.32249],[103.75761,1.32283],[103.75779,1.32314],[103.75797,1.32333],[103.75818,1.32349],[103.75842,1.3236],[103.76003,1.32412],[103.76047,1.32414],[103.76081,1.32405],[103.76112,1.32387],[103.76136,1.32362],[103.76233,1.32216],[103.76243,1.32191],[103.76247,1.32156],[103.76243,1.32121],[103.76231,1.3209]]],[[[103.77475,1.32539],[103.76993,1.32824],[103.76857,1.32875],[103.76833,1.32888],[103.76813,1.32906],[103.76772,1.32969],[103.76704,1.33042],[103.76686,1.33076],[103.76679,1.33104],[103.7668,1.33143],[103.76691,1.33179],[103.76706,1.33204],[103.7676,1.33265],[103.76774,1.33277],[103.76798,1.33291],[103.76992,1.33367],[103.7702,1.33375],[103.77048,1.33376],[103.77086,1.33369],[103.77363,1.3327],[103.77395,1.33254],[103.77416,1.33235],[103.77433,1.33212],[103.77448,1.33177],[103.77452,1.33138],[103.77448,1.33106],[103.77487,1.33099],[103.77513,1.33089],[103.77536,1.33075],[103.77561,1.3305],[103.77688,1.32858],[103.77699,1.32833],[103.77705,1.32796],[103.77714,1.32775],[103.7772,1.32747],[103.77719,1.32708],[103.77707,1.32671],[103.77656,1.32581],[103.7763,1.32552],[103.77614,1.3254],[103.77588,1.32528],[103.7755,1.3252],[103.77511,1.32524],[103.77475,1.32539]]],[[[103.76255,1.32731],[103.76227,1.32728],[103.76092,1.32728],[103.76063,1.32731],[103.76044,1.32737],[103.76011,1.32755],[103.7599,1.32775],[103.75973,1.32799],[103.7596,1.32835],[103.75957,1.32864],[103.75957,1.33242],[103.7596,1.33271],[103.75959,1.3345],[103.75963,1.33469],[103.75973,1.33496],[103.75996,1.33527],[103.76026,1.3355],[103.76062,1.33564],[103.76091,1.33568],[103.7611,1.33566],[103.76138,1.3356],[103.76158,1.33551],[103.76191,1.33533],[103.76418,1.33397],[103.76457,1.33364],[103.76488,1.33326],[103.76512,1.33284],[103.76527,1.33237],[103.76533,1.33205],[103.76534,1.33173],[103.76528,1.33053],[103.76519,1.32969],[103.76517,1.32878],[103.76512,1.3285],[103.76502,1.32824],[103.76486,1.32801],[103.76459,1.32774],[103.76435,1.32757],[103.76417,1.32749],[103.76379,1.3274],[103.76282,1.3274],[103.76255,1.32731]]],[[[103.75753,1.3371],[103.7579,1.33681],[103.75818,1.33642],[103.75828,1.33615],[103.75832,1.33596],[103.75825,1.33517],[103.7588,1.33465],[103.75902,1.33434],[103.75912,1.33407],[103.75915,1.33388],[103.75914,1.3335],[103.75898,1.33303],[103.75896,1.33273],[103.7589,1.33244],[103.75867,1.33201],[103.75846,1.33182],[103.7583,1.33171],[103.75768,1.33142],[103.75724,1.33117],[103.75704,1.33098],[103.75682,1.33069],[103.75652,1.32999],[103.75616,1.32898],[103.75618,1.3286],[103.75612,1.32832],[103.75601,1.32805],[103.75585,1.32783],[103.75564,1.32764],[103.75524,1.32743],[103.7549,1.32737],[103.75346,1.32728],[103.75318,1.32731],[103.75291,1.32741],[103.75275,1.3275],[103.75229,1.32786],[103.75108,1.32777],[103.7508,1.32778],[103.75043,1.32789],[103.7501,1.3281],[103.74984,1.32839],[103.74972,1.32865],[103.74965,1.32893],[103.74916,1.33448],[103.74921,1.33531],[103.74928,1.33574],[103.74941,1.33609],[103.74958,1.33633],[103.74979,1.33652],[103.75003,1.33666],[103.75039,1.33677],[103.75376,1.33701],[103.75392,1.33704],[103.75495,1.33709],[103.75519,1.33721],[103.75536,1.33725],[103.75674,1.33735],[103.7572,1.33727],[103.75753,1.3371]]],[[[103.74424,1.33737],[103.74451,1.33709],[103.74469,1.33681],[103.74559,1.33585],[103.747,1.33472],[103.74751,1.33439],[103.74804,1.33412],[103.7482,1.334],[103.74842,1.33379],[103.74859,1.33352],[103.74872,1.33317],[103.74876,1.33285],[103.74873,1.33257],[103.74865,1.3323],[103.74851,1.33204],[103.74805,1.33138],[103.74786,1.33116],[103.74762,1.331],[103.74734,1.33087],[103.74708,1.33082],[103.74665,1.33082],[103.74637,1.33087],[103.74587,1.33105],[103.74531,1.33135],[103.74469,1.33181],[103.7438,1.33256],[103.74315,1.33323],[103.74278,1.33371],[103.74173,1.33534],[103.74165,1.33551],[103.74158,1.3358],[103.74157,1.33609],[103.74159,1.33628],[103.74178,1.33673],[103.74203,1.33702],[103.74277,1.3375],[103.74314,1.33764],[103.74343,1.33767],[103.74372,1.33763],[103.74399,1.33753],[103.74424,1.33737]]],[[[103.73633,1.34456],[103.73658,1.34436],[103.73686,1.34401],[103.73703,1.34364],[103.73712,1.34327],[103.73714,1.34287],[103.73706,1.34247],[103.73689,1.34202],[103.73664,1.34171],[103.73641,1.34153],[103.73614,1.3414],[103.73586,1.34134],[103.73557,1.34134],[103.7353,1.34139],[103.73513,1.34146],[103.73419,1.34199],[103.73387,1.34224],[103.7337,1.34247],[103.73357,1.34272],[103.7335,1.34309],[103.73351,1.34338],[103.73358,1.34365],[103.73367,1.34385],[103.73395,1.34436],[103.73418,1.34467],[103.73449,1.34489],[103.73476,1.345],[103.73504,1.34505],[103.73524,1.34505],[103.73543,1.34502],[103.7357,1.34492],[103.73633,1.34456]]],[[[103.76927,1.34866],[103.76911,1.34871],[103.76905,1.34882],[103.76905,1.34893],[103.76877,1.34916],[103.7684,1.34939],[103.76845,1.34948],[103.7681,1.3497],[103.76814,1.34984],[103.7693,1.349],[103.76958,1.34897],[103.76959,1.34891],[103.76951,1.34877],[103.76927,1.34866]]],[[[103.76995,1.34917],[103.76993,1.34913],[103.76967,1.34908],[103.76934,1.34909],[103.76754,1.35037],[103.76738,1.35019],[103.76713,1.35],[103.76546,1.34763],[103.76574,1.34742],[103.76555,1.3474],[103.76525,1.34766],[103.76495,1.34781],[103.76475,1.34784],[103.76456,1.34779],[103.76436,1.3477],[103.7639,1.34731],[103.76386,1.34731],[103.76363,1.34707],[103.7636,1.34697],[103.76329,1.34696],[103.76295,1.34688],[103.76259,1.34687],[103.76234,1.34692],[103.76192,1.34685],[103.76105,1.34679],[103.76098,1.34684],[103.76097,1.34801],[103.76223,1.34876],[103.76211,1.34968],[103.76217,1.34969],[103.76196,1.35094],[103.76157,1.35197],[103.76154,1.35298],[103.76427,1.35314],[103.7645,1.35331],[103.76491,1.3535],[103.76508,1.35373],[103.7653,1.35392],[103.76546,1.35402],[103.76583,1.35414],[103.7662,1.3542],[103.76639,1.35419],[103.76666,1.35413],[103.76703,1.35393],[103.76731,1.35366],[103.76743,1.35351],[103.7676,1.35312],[103.76768,1.35278],[103.76771,1.35229],[103.76787,1.35205],[103.76797,1.35177],[103.768,1.35139],[103.76796,1.35111],[103.7679,1.35094],[103.7681,1.35052],[103.76839,1.35011],[103.76879,1.35014],[103.76894,1.34985],[103.76903,1.34936],[103.76995,1.34917]]],[[[103.76148,1.38366],[103.76173,1.38337],[103.7621,1.38269],[103.76221,1.38241],[103.76227,1.38203],[103.76225,1.38184],[103.76221,1.38165],[103.76205,1.3813],[103.7618,1.381],[103.76157,1.38084],[103.76107,1.38057],[103.76074,1.38044],[103.76047,1.38041],[103.76019,1.38042],[103.76001,1.38047],[103.75967,1.38063],[103.75946,1.38081],[103.75934,1.38096],[103.7589,1.3817],[103.75879,1.38196],[103.75873,1.38235],[103.75875,1.38254],[103.75878,1.38273],[103.75894,1.38309],[103.75912,1.38332],[103.75935,1.3835],[103.75994,1.38383],[103.76021,1.38394],[103.76059,1.384],[103.76097,1.38394],[103.76115,1.38387],[103.76148,1.38366]]],[[[103.7761,1.37847],[103.77613,1.37792],[103.77637,1.37717],[103.77633,1.37713],[103.77639,1.37691],[103.77654,1.3767],[103.77652,1.3765],[103.77659,1.37617],[103.77657,1.37592],[103.77641,1.37583],[103.77505,1.38101],[103.77412,1.38915],[103.77427,1.38868],[103.77432,1.38819],[103.77481,1.38555],[103.77518,1.38271],[103.77541,1.38131],[103.77557,1.3805],[103.7761,1.37847]]],[[[103.77295,1.3853],[103.77269,1.38573],[103.77253,1.38592],[103.77234,1.38606],[103.77284,1.38686],[103.77322,1.38663],[103.77413,1.38663],[103.77437,1.38454],[103.77311,1.38455],[103.77302,1.38509],[103.77295,1.3853]]],[[[103.75501,1.40691],[103.75456,1.40723],[103.75467,1.40755],[103.75515,1.40733],[103.75501,1.40691]]],[[[103.75409,1.41761],[103.75382,1.41918],[103.75443,1.41936],[103.75451,1.41993],[103.75498,1.4209],[103.75646,1.42357],[103.7563,1.42371],[103.75617,1.42386],[103.75607,1.42402],[103.75596,1.4243],[103.7559,1.42472],[103.75588,1.42511],[103.75582,1.42539],[103.75568,1.42578],[103.75554,1.4265],[103.75541,1.42695],[103.7551,1.42855],[103.75509,1.42884],[103.75512,1.42904],[103.75518,1.42922],[103.75537,1.42957],[103.75543,1.42972],[103.75561,1.43001],[103.75626,1.43072],[103.75723,1.43186],[103.75768,1.43225],[103.75785,1.43235],[103.75812,1.43246],[103.7585,1.43251],[103.7587,1.43249],[103.75898,1.43241],[103.75931,1.43221],[103.75993,1.43164],[103.76042,1.43175],[103.76071,1.43177],[103.76099,1.43174],[103.76135,1.4316],[103.76158,1.43144],[103.76172,1.4313],[103.76188,1.43107],[103.76196,1.4309],[103.76203,1.43062],[103.76247,1.42776],[103.76264,1.4275],[103.76275,1.42712],[103.76277,1.42692],[103.76271,1.42653],[103.76264,1.42635],[103.76236,1.42578],[103.76212,1.42544],[103.76196,1.42525],[103.76121,1.42463],[103.76052,1.42424],[103.75964,1.42386],[103.75816,1.42352],[103.75745,1.42332],[103.75716,1.42331],[103.75697,1.42334],[103.7566,1.42348],[103.75511,1.42083],[103.75466,1.41989],[103.75452,1.4188],[103.75453,1.4176],[103.75409,1.41761]]],[[[103.74512,1.42622],[103.74563,1.42583],[103.7458,1.4256],[103.74594,1.42529],[103.74601,1.42502],[103.74603,1.42484],[103.74598,1.42447],[103.74586,1.42414],[103.74564,1.42382],[103.74543,1.42363],[103.74527,1.42354],[103.74474,1.42333],[103.74447,1.42329],[103.74403,1.42335],[103.7437,1.4235],[103.74331,1.42377],[103.74317,1.42391],[103.74297,1.42423],[103.7429,1.42441],[103.74287,1.4246],[103.74286,1.42489],[103.74288,1.42508],[103.74302,1.42544],[103.74331,1.4259],[103.74343,1.42604],[103.74366,1.42622],[103.74383,1.42631],[103.74401,1.42638],[103.74439,1.42644],[103.74477,1.42638],[103.74512,1.42622]]],[[[103.74355,1.43691],[103.74411,1.43595],[103.74451,1.43513],[103.74456,1.43483],[103.7444,1.43486],[103.74383,1.4361],[103.74354,1.43653],[103.74337,1.43685],[103.7434,1.43686],[103.7432,1.43734],[103.74311,1.43743],[103.74283,1.43802],[103.74251,1.4382],[103.74233,1.43839],[103.74222,1.43844],[103.74221,1.43851],[103.74286,1.4385],[103.74311,1.43838],[103.74312,1.43817],[103.74339,1.43746],[103.74335,1.43736],[103.74355,1.43691]]],[[[103.74235,1.4387],[103.74235,1.43875],[103.74297,1.4387],[103.74235,1.4387]]],[[[103.74289,1.43913],[103.74294,1.43883],[103.74236,1.43882],[103.74236,1.43893],[103.74248,1.43918],[103.74255,1.43923],[103.74269,1.43928],[103.74278,1.43927],[103.74289,1.43913]]],[[[103.7476,1.4389],[103.74864,1.43828],[103.74901,1.43819],[103.7495,1.43821],[103.74977,1.43826],[103.75005,1.43838],[103.75038,1.43861],[103.75066,1.43901],[103.75077,1.43937],[103.75113,1.44025],[103.75134,1.44044],[103.75181,1.44048],[103.75211,1.44047],[103.75303,1.43962],[103.75336,1.43941],[103.75363,1.43932],[103.75403,1.43937],[103.75459,1.43966],[103.75495,1.43977],[103.75535,1.43965],[103.75601,1.43937],[103.75626,1.43933],[103.75733,1.43931],[103.75776,1.43936],[103.75819,1.4395],[103.75913,1.44025],[103.76022,1.44124],[103.76082,1.44197],[103.76115,1.44227],[103.76171,1.4424],[103.7622,1.44239],[103.76252,1.44241],[103.76288,1.44249],[103.76316,1.44267],[103.76339,1.44289],[103.76358,1.44316],[103.76373,1.4435],[103.76381,1.44373],[103.76386,1.44424],[103.76469,1.44439],[103.7656,1.4442],[103.7655,1.44474],[103.76556,1.44554],[103.76603,1.44674],[103.76631,1.44725],[103.76712,1.44806],[103.76803,1.44874],[103.76828,1.4491],[103.76846,1.44947],[103.7686,1.45028],[103.76885,1.4507],[103.76916,1.45095],[103.76952,1.45111],[103.7702,1.45111],[103.77064,1.4509],[103.77135,1.45024],[103.77155,1.4499],[103.77185,1.44878],[103.77192,1.4482],[103.77188,1.44706],[103.77159,1.44594],[103.77162,1.44553],[103.77151,1.44491],[103.771,1.4437],[103.77083,1.44311],[103.77059,1.44273],[103.7701,1.44233],[103.76866,1.44061],[103.76825,1.44029],[103.76768,1.43969],[103.76726,1.43945],[103.76687,1.43938],[103.76639,1.43945],[103.76596,1.43969],[103.76577,1.43989],[103.76539,1.43949],[103.76534,1.43938],[103.7645,1.43848],[103.7644,1.43841],[103.7638,1.43771],[103.7634,1.43731],[103.76332,1.4372],[103.76065,1.4342],[103.76026,1.43502],[103.76042,1.4356],[103.76054,1.43574],[103.76151,1.43649],[103.76157,1.43676],[103.76191,1.4373],[103.76209,1.43794],[103.76079,1.43817],[103.76049,1.43814],[103.76022,1.43817],[103.75991,1.43813],[103.75962,1.43818],[103.75914,1.43815],[103.75856,1.43814],[103.75847,1.43815],[103.75826,1.43826],[103.758,1.43818],[103.75786,1.43825],[103.75759,1.43821],[103.75677,1.43819],[103.7562,1.43833],[103.75608,1.43833],[103.75605,1.43841],[103.75591,1.43845],[103.75554,1.43839],[103.75496,1.43837],[103.75465,1.4382],[103.75464,1.43829],[103.75446,1.43826],[103.75444,1.43839],[103.7543,1.43836],[103.7541,1.4384],[103.75389,1.43832],[103.75396,1.43797],[103.75359,1.43793],[103.75357,1.43808],[103.75342,1.43794],[103.75316,1.43786],[103.75279,1.43765],[103.75265,1.43748],[103.75236,1.43723],[103.75223,1.43718],[103.75204,1.43707],[103.75199,1.43729],[103.75193,1.43731],[103.75176,1.43727],[103.75164,1.43734],[103.75154,1.43732],[103.7515,1.43716],[103.75145,1.43716],[103.75141,1.43725],[103.7512,1.43722],[103.75115,1.43726],[103.75097,1.43724],[103.75086,1.43735],[103.75071,1.43734],[103.75067,1.43728],[103.7507,1.43703],[103.75043,1.43702],[103.75002,1.43685],[103.74978,1.43683],[103.74969,1.43673],[103.74965,1.43673],[103.74961,1.43694],[103.74839,1.43757],[103.74762,1.43804],[103.74763,1.43807],[103.74728,1.43826],[103.7476,1.4389]],[[103.76492,1.44333],[103.76478,1.44346],[103.76467,1.44344],[103.76455,1.4435],[103.76473,1.44308],[103.76479,1.44319],[103.76511,1.44284],[103.76512,1.44276],[103.76568,1.44161],[103.76577,1.44172],[103.76571,1.44183],[103.76533,1.44298],[103.76515,1.44322],[103.76492,1.44333]]],[[[103.74404,1.4404],[103.74683,1.43919],[103.74749,1.43883],[103.7476,1.4389],[103.74726,1.43822],[103.74719,1.43826],[103.74721,1.4383],[103.74677,1.43856],[103.74675,1.43855],[103.74672,1.43858],[103.74672,1.43871],[103.74658,1.43893],[103.74651,1.43897],[103.7465,1.43894],[103.74637,1.43898],[103.74634,1.43907],[103.74626,1.43914],[103.74617,1.43913],[103.74615,1.4391],[103.74568,1.4394],[103.7455,1.43942],[103.74534,1.43951],[103.74517,1.43966],[103.74472,1.43975],[103.74459,1.43982],[103.74377,1.44004],[103.74331,1.43999],[103.74315,1.43985],[103.7429,1.43928],[103.74291,1.43921],[103.74284,1.43921],[103.74278,1.43927],[103.74269,1.43928],[103.74255,1.43923],[103.74248,1.43918],[103.74236,1.43893],[103.7423,1.43893],[103.74228,1.43902],[103.74289,1.44001],[103.74309,1.44022],[103.74363,1.44043],[103.74404,1.4404]]],[[[103.79306,1.21204],[103.79369,1.21174],[103.79405,1.21149],[103.79495,1.21059],[103.79532,1.21025],[103.79588,1.20983],[103.79628,1.2094],[103.79694,1.20895],[103.79743,1.20853],[103.7982,1.2077],[103.79864,1.20757],[103.79889,1.20742],[103.79917,1.20715],[103.79953,1.20706],[103.79979,1.20693],[103.79993,1.20681],[103.80101,1.20568],[103.80119,1.20535],[103.80126,1.20498],[103.80147,1.20476],[103.80166,1.20446],[103.80187,1.20431],[103.8027,1.20359],[103.80282,1.20343],[103.80298,1.20318],[103.80306,1.2029],[103.80331,1.20247],[103.80339,1.20218],[103.8034,1.2018],[103.80333,1.20151],[103.8032,1.20124],[103.80302,1.20101],[103.80286,1.20086],[103.80286,1.20077],[103.80275,1.20039],[103.80264,1.20015],[103.80245,1.19983],[103.80216,1.19956],[103.80191,1.1994],[103.80155,1.19927],[103.80107,1.19925],[103.80085,1.19928],[103.80052,1.19895],[103.80028,1.19881],[103.79992,1.19871],[103.79953,1.1987],[103.79919,1.19851],[103.79882,1.19843],[103.79777,1.19844],[103.79749,1.19851],[103.79716,1.19869],[103.79665,1.19869],[103.7963,1.19856],[103.79604,1.19851],[103.7951,1.19851],[103.79483,1.19856],[103.79466,1.19862],[103.79448,1.19856],[103.79422,1.19851],[103.7935,1.19852],[103.79331,1.19857],[103.79295,1.19874],[103.79259,1.19885],[103.79227,1.19906],[103.79209,1.19927],[103.79194,1.19952],[103.79185,1.19979],[103.79183,1.20025],[103.79185,1.20044],[103.79194,1.20072],[103.79209,1.20096],[103.79228,1.20118],[103.79252,1.20134],[103.79269,1.20142],[103.79297,1.2015],[103.79323,1.20162],[103.7936,1.20171],[103.79431,1.2017],[103.7946,1.20162],[103.79477,1.20153],[103.79492,1.20152],[103.79575,1.20152],[103.79547,1.20164],[103.79369,1.20275],[103.79342,1.20275],[103.79304,1.20281],[103.79277,1.20288],[103.79258,1.20296],[103.79203,1.20334],[103.79183,1.20354],[103.79167,1.20378],[103.79146,1.20426],[103.79139,1.20452],[103.7913,1.20465],[103.79118,1.2049],[103.79098,1.20543],[103.79095,1.20571],[103.79102,1.20628],[103.79083,1.20672],[103.79077,1.20701],[103.79066,1.20729],[103.79056,1.20781],[103.79058,1.20892],[103.79063,1.20946],[103.79055,1.20984],[103.79047,1.2106],[103.79056,1.21102],[103.79072,1.21135],[103.79089,1.21156],[103.79121,1.21183],[103.7915,1.21199],[103.79189,1.21211],[103.79242,1.21219],[103.79277,1.21213],[103.79306,1.21204]]],[[[103.79474,1.27651],[103.79504,1.27626],[103.79521,1.27603],[103.79533,1.27575],[103.79538,1.27547],[103.79538,1.27527],[103.79533,1.27498],[103.79521,1.2747],[103.79469,1.27376],[103.79445,1.27347],[103.79414,1.27327],[103.79388,1.27317],[103.7936,1.27313],[103.79331,1.27315],[103.79294,1.27328],[103.79211,1.27378],[103.79189,1.27396],[103.79176,1.27411],[103.79162,1.27435],[103.79153,1.27462],[103.79149,1.2749],[103.7915,1.27509],[103.79156,1.27537],[103.79186,1.27607],[103.79202,1.27632],[103.79216,1.27646],[103.7924,1.27663],[103.79267,1.27675],[103.79305,1.2768],[103.79341,1.27689],[103.7936,1.27689],[103.79388,1.27685],[103.79447,1.27664],[103.79474,1.27651]]],[[[103.79242,1.28564],[103.79335,1.28417],[103.79498,1.2832],[103.79627,1.28194],[103.79586,1.28166],[103.7963,1.28071],[103.79657,1.28042],[103.79663,1.28017],[103.7964,1.28],[103.79628,1.2797],[103.79617,1.2796],[103.7959,1.27946],[103.79586,1.27949],[103.79502,1.28024],[103.79481,1.28059],[103.79472,1.2807],[103.79447,1.28055],[103.79425,1.28048],[103.79373,1.28081],[103.79369,1.28088],[103.79348,1.28194],[103.79343,1.2821],[103.79335,1.28223],[103.79168,1.28414],[103.79157,1.2842],[103.79112,1.28433],[103.79131,1.28465],[103.79143,1.28475],[103.79153,1.2847],[103.79186,1.28532],[103.79184,1.28534],[103.79215,1.28545],[103.79211,1.28555],[103.79242,1.28564]],[[103.79603,1.28003],[103.79609,1.27992],[103.79635,1.28006],[103.79629,1.28017],[103.79603,1.28003]]],[[[103.78632,1.29113],[103.78672,1.29096],[103.78698,1.29074],[103.78725,1.2904],[103.78812,1.28909],[103.78824,1.28897],[103.78844,1.28886],[103.78862,1.28872],[103.78886,1.28849],[103.78903,1.28826],[103.78914,1.28804],[103.78921,1.2878],[103.78932,1.2871],[103.7893,1.28681],[103.78926,1.28662],[103.78915,1.28635],[103.78892,1.28605],[103.7887,1.28586],[103.78844,1.28573],[103.78794,1.28561],[103.78691,1.28556],[103.78672,1.28558],[103.78644,1.28567],[103.78612,1.28587],[103.78592,1.28608],[103.78573,1.28642],[103.78565,1.28669],[103.78563,1.28693],[103.78552,1.28725],[103.78549,1.2875],[103.78512,1.28759],[103.78484,1.28774],[103.78469,1.28785],[103.7844,1.28811],[103.78424,1.28833],[103.78413,1.28857],[103.78382,1.28883],[103.78358,1.28913],[103.78346,1.2894],[103.7834,1.28978],[103.78342,1.29008],[103.78352,1.29037],[103.78317,1.2904],[103.78274,1.29059],[103.78245,1.2908],[103.78213,1.29119],[103.78115,1.29149],[103.78076,1.29166],[103.78043,1.29192],[103.78026,1.29213],[103.78009,1.29242],[103.77994,1.29285],[103.77978,1.29311],[103.7797,1.29338],[103.77968,1.29375],[103.77977,1.29415],[103.77985,1.29431],[103.78,1.29453],[103.78013,1.29494],[103.78039,1.29544],[103.78057,1.29569],[103.78079,1.29589],[103.78083,1.29605],[103.78087,1.29645],[103.78086,1.29694],[103.78092,1.29719],[103.78101,1.29742],[103.78121,1.29774],[103.78145,1.29796],[103.78162,1.29821],[103.78174,1.29835],[103.78197,1.29854],[103.78223,1.29866],[103.78242,1.29872],[103.78261,1.29874],[103.7829,1.29873],[103.78327,1.29861],[103.78344,1.29852],[103.78381,1.29825],[103.7844,1.29772],[103.78503,1.29701],[103.78533,1.29659],[103.78556,1.29615],[103.7858,1.29586],[103.78659,1.29466],[103.78674,1.29428],[103.7868,1.29384],[103.78678,1.29358],[103.78669,1.29324],[103.78649,1.29286],[103.78632,1.29266],[103.78516,1.2914],[103.78544,1.29134],[103.78574,1.29119],[103.78606,1.29119],[103.78632,1.29113]]],[[[103.79695,1.29693],[103.79673,1.29718],[103.79656,1.29746],[103.7971,1.29681],[103.79695,1.29693]]],[[[103.79722,1.29668],[103.7982,1.29558],[103.79855,1.29659],[103.79916,1.29762],[103.79946,1.29788],[103.79982,1.29803],[103.80031,1.29811],[103.8007,1.29807],[103.80175,1.29759],[103.80203,1.29732],[103.80287,1.29612],[103.80325,1.29572],[103.80347,1.29528],[103.80353,1.29479],[103.80344,1.29441],[103.80246,1.29265],[103.80195,1.29219],[103.80138,1.29204],[103.8009,1.29211],[103.80047,1.29235],[103.79848,1.29402],[103.79812,1.29461],[103.7981,1.29525],[103.7963,1.29732],[103.79591,1.29808],[103.79544,1.29964],[103.79573,1.29972],[103.79597,1.29881],[103.79588,1.29876],[103.79617,1.29802],[103.79643,1.29754],[103.7968,1.29702],[103.79712,1.29666],[103.79722,1.29668]]],[[[103.79483,1.30169],[103.79524,1.30108],[103.79538,1.30082],[103.79572,1.29977],[103.79542,1.29968],[103.79458,1.30158],[103.79483,1.30169]]],[[[103.79437,1.30177],[103.79376,1.30287],[103.79379,1.30293],[103.79405,1.30311],[103.79483,1.30169],[103.7947,1.30164],[103.79466,1.30163],[103.79458,1.30158],[103.79445,1.30183],[103.79437,1.30177]]],[[[103.79284,1.30591],[103.7931,1.30536],[103.7941,1.30352],[103.79389,1.30341],[103.79401,1.30319],[103.79375,1.30301],[103.79368,1.30292],[103.7936,1.30302],[103.79274,1.30465],[103.79254,1.3042],[103.79197,1.30374],[103.79122,1.30355],[103.79048,1.30363],[103.78978,1.30397],[103.78915,1.3045],[103.78886,1.30505],[103.78883,1.30558],[103.789,1.30608],[103.7896,1.30687],[103.78987,1.30708],[103.7902,1.30722],[103.79081,1.30724],[103.7913,1.30703],[103.79161,1.30677],[103.79159,1.30685],[103.79212,1.30664],[103.79223,1.30664],[103.79242,1.30668],[103.79284,1.30591]]],[[[103.79154,1.30702],[103.79221,1.30676],[103.79154,1.30701],[103.79154,1.30702]]],[[[103.79153,1.30753],[103.79183,1.30741],[103.79192,1.30725],[103.79222,1.30714],[103.79228,1.30693],[103.79148,1.30722],[103.79142,1.30744],[103.79155,1.30747],[103.79153,1.30753]]],[[[103.79157,1.30769],[103.79174,1.30763],[103.79178,1.30749],[103.79162,1.30755],[103.79157,1.30769]]],[[[103.79152,1.30786],[103.79169,1.30781],[103.79172,1.30769],[103.79156,1.30775],[103.79152,1.30786]]],[[[103.79173,1.30785],[103.79151,1.30789],[103.79143,1.30803],[103.79161,1.30825],[103.79173,1.30787],[103.79173,1.30785]]],[[[103.77804,1.30969],[103.77841,1.30939],[103.77858,1.30915],[103.77871,1.30879],[103.77875,1.3085],[103.77871,1.30787],[103.77865,1.30747],[103.77845,1.30705],[103.77821,1.30676],[103.77791,1.30655],[103.77764,1.30646],[103.77737,1.30641],[103.7771,1.30643],[103.77684,1.3065],[103.77597,1.30689],[103.77567,1.30713],[103.77543,1.30743],[103.77535,1.30761],[103.77528,1.30789],[103.77528,1.30828],[103.77532,1.30846],[103.77567,1.30928],[103.77587,1.3096],[103.77601,1.30974],[103.77616,1.30986],[103.77651,1.31002],[103.77699,1.31007],[103.77718,1.31005],[103.77746,1.30996],[103.77804,1.30969]]],[[[103.79137,1.30896],[103.79128,1.3087],[103.79125,1.30872],[103.79122,1.30862],[103.79087,1.30979],[103.79096,1.30981],[103.79095,1.30983],[103.79087,1.30981],[103.79065,1.31053],[103.79089,1.31062],[103.79092,1.31062],[103.79137,1.30908],[103.79137,1.30896]]],[[[103.78965,1.31275],[103.78915,1.31321],[103.78864,1.31359],[103.78783,1.31412],[103.78789,1.31418],[103.78799,1.31439],[103.7896,1.31328],[103.79005,1.31267],[103.79053,1.31192],[103.7909,1.31067],[103.79064,1.31058],[103.7905,1.31107],[103.79025,1.31175],[103.79003,1.31222],[103.78965,1.31275]]],[[[103.78665,1.31582],[103.78719,1.31511],[103.7877,1.31459],[103.78796,1.31441],[103.78784,1.31415],[103.7878,1.31414],[103.78756,1.31429],[103.7867,1.31527],[103.7864,1.31566],[103.78643,1.31571],[103.78659,1.31584],[103.78665,1.31582]]],[[[103.78659,1.31586],[103.78638,1.31568],[103.7851,1.3174],[103.78535,1.31752],[103.78535,1.31757],[103.78525,1.31778],[103.78524,1.31795],[103.78535,1.31759],[103.78664,1.31585],[103.78659,1.31586]]],[[[103.78521,1.31795],[103.78523,1.31777],[103.78533,1.31754],[103.78508,1.31742],[103.78478,1.31777],[103.78467,1.31801],[103.78521,1.31795]]],[[[103.78488,1.31834],[103.78488,1.31841],[103.78498,1.31824],[103.78454,1.31829],[103.7845,1.31838],[103.78488,1.31834]]],[[[103.78397,1.32067],[103.7842,1.32023],[103.78433,1.31985],[103.78427,1.31982],[103.78443,1.31939],[103.78442,1.31935],[103.78457,1.3189],[103.78468,1.31864],[103.78479,1.31847],[103.78487,1.31842],[103.78471,1.31841],[103.78447,1.31844],[103.78427,1.31888],[103.78397,1.32],[103.78369,1.32052],[103.78397,1.32067]]],[[[103.78343,1.32153],[103.78368,1.32123],[103.78396,1.3207],[103.78368,1.32054],[103.78351,1.32086],[103.7831,1.3215],[103.78259,1.322],[103.78288,1.32218],[103.78334,1.32164],[103.78341,1.32169],[103.78343,1.32153]]],[[[103.78151,1.32448],[103.78144,1.32601],[103.78174,1.32628],[103.78184,1.32417],[103.782,1.32351],[103.78243,1.32265],[103.78274,1.32232],[103.78246,1.32214],[103.78198,1.32274],[103.78161,1.32367],[103.78151,1.32448]]],[[[103.78112,1.32818],[103.78054,1.32894],[103.78188,1.32806],[103.78215,1.32783],[103.78249,1.32764],[103.78241,1.32755],[103.78219,1.32717],[103.78141,1.32654],[103.78135,1.32802],[103.78112,1.32818]]],[[[103.78152,1.33641],[103.78174,1.33184],[103.7817,1.33141],[103.78171,1.32915],[103.78173,1.32893],[103.78209,1.32856],[103.78206,1.32852],[103.78176,1.32882],[103.78184,1.32861],[103.78196,1.32839],[103.78222,1.32811],[103.78258,1.3279],[103.78272,1.32776],[103.78261,1.32773],[103.78218,1.32797],[103.78193,1.32821],[103.78177,1.32828],[103.78134,1.32856],[103.78112,1.33406],[103.78109,1.33405],[103.78131,1.32858],[103.78064,1.32903],[103.78074,1.3291],[103.78103,1.32943],[103.78113,1.32961],[103.78118,1.33036],[103.78106,1.33181],[103.78067,1.3326],[103.7807,1.33329],[103.78098,1.3335],[103.78086,1.3361],[103.78089,1.3361],[103.78086,1.33668],[103.78147,1.33645],[103.78144,1.3364],[103.78151,1.33637],[103.78152,1.33641]]],[[[103.77928,1.34068],[103.78048,1.33914],[103.7808,1.33859],[103.781,1.33802],[103.78116,1.33715],[103.78112,1.33711],[103.7809,1.33719],[103.7809,1.33758],[103.78069,1.33834],[103.78033,1.33906],[103.77986,1.3397],[103.77958,1.33951],[103.77946,1.34004],[103.77948,1.34005],[103.77945,1.34005],[103.77932,1.34031],[103.77904,1.34067],[103.77922,1.34091],[103.77928,1.34082],[103.77928,1.34068]]],[[[103.77901,1.34078],[103.77882,1.34099],[103.77901,1.34124],[103.77916,1.341],[103.77901,1.34078]]],[[[103.77829,1.34172],[103.7783,1.34185],[103.77834,1.34194],[103.77841,1.34202],[103.77851,1.34207],[103.77883,1.34167],[103.77882,1.3415],[103.77896,1.34134],[103.77874,1.34106],[103.77872,1.34106],[103.77834,1.34154],[103.77829,1.34172]]],[[[103.77903,1.34208],[103.77887,1.34216],[103.77865,1.34213],[103.77928,1.34231],[103.77939,1.34213],[103.77929,1.34214],[103.77903,1.34208]]],[[[103.77829,1.34235],[103.77834,1.34228],[103.77799,1.34219],[103.77791,1.34212],[103.77795,1.34207],[103.77811,1.34216],[103.77839,1.34223],[103.77847,1.34212],[103.77835,1.34199],[103.77829,1.34185],[103.77827,1.34166],[103.7783,1.34156],[103.7781,1.34182],[103.77733,1.34268],[103.77718,1.34286],[103.77739,1.34261],[103.77769,1.34235],[103.77795,1.34228],[103.77829,1.34235]],[[103.7782,1.3417],[103.77827,1.34197],[103.77841,1.34216],[103.7781,1.34208],[103.77797,1.34199],[103.7782,1.3417]],[[103.77788,1.3422],[103.77774,1.34224],[103.77781,1.34215],[103.77788,1.3422]]],[[[103.77935,1.34232],[103.77958,1.34233],[103.77957,1.3422],[103.77947,1.34214],[103.77935,1.34232]]],[[[103.77886,1.36545],[103.7784,1.36534],[103.77773,1.36737],[103.77769,1.36772],[103.77769,1.37025],[103.77772,1.37095],[103.77786,1.37099],[103.77796,1.37114],[103.77826,1.37053],[103.77866,1.36881],[103.77892,1.36714],[103.77902,1.36573],[103.77898,1.36556],[103.77886,1.36545]]],[[[103.77692,1.37508],[103.77763,1.37307],[103.77741,1.37298],[103.77728,1.37278],[103.77727,1.37264],[103.77734,1.37247],[103.77777,1.37177],[103.77784,1.37126],[103.77779,1.37117],[103.77767,1.3711],[103.77659,1.37515],[103.77681,1.37521],[103.77692,1.37508]]],[[[103.80612,1.26535],[103.8064,1.2656],[103.80656,1.26584],[103.80492,1.26761],[103.8031,1.26944],[103.80303,1.26955],[103.80279,1.27002],[103.80266,1.27047],[103.80264,1.27159],[103.80272,1.27159],[103.80272,1.27197],[103.80234,1.27199],[103.8023,1.27204],[103.80232,1.27218],[103.80239,1.2723],[103.80252,1.27238],[103.80271,1.27239],[103.80271,1.27249],[103.80305,1.27249],[103.80307,1.2706],[103.8031,1.27042],[103.80321,1.27007],[103.80338,1.26975],[103.8036,1.2695],[103.80729,1.2658],[103.80758,1.26548],[103.80734,1.26553],[103.80741,1.26537],[103.80758,1.26518],[103.80769,1.26514],[103.80782,1.26514],[103.80789,1.26518],[103.80802,1.26519],[103.80838,1.26497],[103.80872,1.26493],[103.80889,1.26498],[103.80912,1.265],[103.80928,1.26509],[103.8095,1.26516],[103.80951,1.26512],[103.80929,1.26506],[103.80908,1.26494],[103.8089,1.26494],[103.80872,1.26489],[103.80836,1.26494],[103.80801,1.26515],[103.80768,1.26511],[103.80756,1.26515],[103.80738,1.26535],[103.8073,1.26554],[103.80687,1.26562],[103.8068,1.26549],[103.80628,1.26501],[103.80653,1.26469],[103.80553,1.26376],[103.80581,1.26357],[103.80573,1.26343],[103.80519,1.26375],[103.80545,1.26293],[103.80537,1.26252],[103.80513,1.2623],[103.80413,1.2631],[103.80243,1.26481],[103.801,1.26589],[103.80099,1.26594],[103.8013,1.26645],[103.80116,1.26653],[103.80091,1.26678],[103.80083,1.26681],[103.80074,1.26681],[103.80032,1.26713],[103.8001,1.26725],[103.79941,1.26788],[103.79939,1.2679],[103.79941,1.26793],[103.79925,1.26815],[103.7991,1.26825],[103.80044,1.26999],[103.80053,1.26992],[103.80063,1.27006],[103.80092,1.26983],[103.80097,1.26989],[103.80143,1.26955],[103.8017,1.26947],[103.80179,1.26895],[103.80254,1.26812],[103.80277,1.26784],[103.80273,1.26782],[103.80277,1.26778],[103.8028,1.2678],[103.80335,1.26726],[103.80366,1.26708],[103.80478,1.26587],[103.80459,1.26569],[103.80479,1.26547],[103.80457,1.26526],[103.80491,1.26484],[103.8046,1.26456],[103.80465,1.26481],[103.80455,1.26437],[103.80473,1.26418],[103.80509,1.26393],[103.80606,1.26484],[103.80612,1.26535]],[[103.8013,1.26643],[103.80131,1.26643],[103.8013,1.26643],[103.8013,1.26643]],[[103.80208,1.26599],[103.80215,1.26594],[103.8021,1.26598],[103.80208,1.26599]],[[103.8041,1.2659],[103.80404,1.266],[103.80412,1.26586],[103.8041,1.2659]],[[103.80161,1.26862],[103.80167,1.26867],[103.80175,1.26874],[103.80167,1.26867],[103.80161,1.26862]]],[[[103.80088,1.26672],[103.80015,1.2657],[103.80041,1.2655],[103.80036,1.26543],[103.80004,1.26567],[103.80007,1.26571],[103.79955,1.26587],[103.79947,1.26593],[103.7995,1.26598],[103.79959,1.26593],[103.80011,1.26579],[103.80085,1.2668],[103.80116,1.26652],[103.80129,1.26645],[103.80126,1.26641],[103.80088,1.26672]]],[[[103.80043,1.27508],[103.80102,1.27526],[103.80154,1.27518],[103.80253,1.27469],[103.80293,1.27421],[103.80306,1.27361],[103.80297,1.27309],[103.8026,1.2725],[103.80193,1.27205],[103.80143,1.27191],[103.80091,1.27197],[103.80008,1.27241],[103.79973,1.27281],[103.79956,1.27339],[103.79962,1.27392],[103.80004,1.27473],[103.80043,1.27508]]],[[[103.81907,1.27934],[103.81918,1.27907],[103.8195,1.27806],[103.8195,1.27758],[103.81937,1.27721],[103.81916,1.27689],[103.81893,1.2767],[103.81868,1.27657],[103.81821,1.27642],[103.81785,1.27641],[103.81759,1.27646],[103.8173,1.27657],[103.81705,1.27672],[103.81689,1.27686],[103.81661,1.27721],[103.8165,1.27726],[103.81611,1.27734],[103.81577,1.27753],[103.81493,1.27835],[103.81398,1.27836],[103.8137,1.27841],[103.81352,1.27847],[103.81314,1.27867],[103.81285,1.27889],[103.81267,1.2791],[103.81246,1.27945],[103.81233,1.27975],[103.81225,1.28002],[103.81224,1.2804],[103.81236,1.28132],[103.81246,1.28159],[103.81263,1.28183],[103.81283,1.28204],[103.81308,1.28219],[103.81336,1.28229],[103.81365,1.28232],[103.81528,1.28219],[103.81515,1.28227],[103.81517,1.2826],[103.81586,1.28218],[103.81628,1.28213],[103.81661,1.28205],[103.81691,1.28194],[103.81726,1.28173],[103.818,1.2812],[103.81816,1.28106],[103.81836,1.28079],[103.81848,1.28052],[103.81975,1.27975],[103.81965,1.27962],[103.81938,1.27976],[103.81937,1.27974],[103.81961,1.2796],[103.81966,1.27959],[103.81973,1.27971],[103.81978,1.27973],[103.82015,1.2796],[103.82049,1.27954],[103.82101,1.27954],[103.82148,1.27962],[103.82135,1.27921],[103.82042,1.27928],[103.81987,1.27942],[103.8192,1.27974],[103.81856,1.28013],[103.81856,1.27984],[103.81883,1.27964],[103.81907,1.27934]]],[[[103.81258,1.2837],[103.81305,1.28357],[103.81367,1.28334],[103.81514,1.28262],[103.81512,1.28229],[103.81449,1.28265],[103.81393,1.28292],[103.81311,1.28324],[103.8125,1.28343],[103.81166,1.28361],[103.81091,1.28371],[103.80813,1.28389],[103.80814,1.28418],[103.80923,1.28411],[103.81137,1.28391],[103.81196,1.28384],[103.81255,1.28371],[103.81247,1.28346],[103.8125,1.28345],[103.81258,1.2837]]],[[[103.80479,1.28437],[103.80809,1.28418],[103.80808,1.2839],[103.80477,1.2841],[103.80479,1.28437]]],[[[103.80206,1.28456],[103.80474,1.28439],[103.80472,1.28411],[103.8019,1.28429],[103.80206,1.28456]]],[[[103.80177,1.28459],[103.80199,1.28457],[103.80184,1.28429],[103.8017,1.2843],[103.80179,1.28448],[103.80177,1.28459]]],[[[103.80142,1.28432],[103.80158,1.28462],[103.80173,1.28459],[103.8016,1.28431],[103.80142,1.28432]]],[[[103.8008,1.2848],[103.8002,1.2848],[103.80013,1.28481],[103.80003,1.28489],[103.80037,1.28484],[103.80068,1.28485],[103.8008,1.2848]]],[[[103.79928,1.28672],[103.79952,1.28598],[103.79982,1.28553],[103.79975,1.28555],[103.79975,1.28549],[103.79985,1.28549],[103.79989,1.28543],[103.80031,1.28506],[103.80007,1.2851],[103.8003,1.2849],[103.79992,1.28499],[103.79977,1.28511],[103.7994,1.28557],[103.79914,1.2861],[103.79899,1.28662],[103.79894,1.28835],[103.7991,1.28835],[103.79916,1.28682],[103.79927,1.28693],[103.79928,1.28672]]],[[[103.79893,1.28886],[103.7992,1.28889],[103.79921,1.28865],[103.79893,1.28865],[103.79893,1.28886]]],[[[103.79892,1.28895],[103.79885,1.29131],[103.79913,1.29131],[103.7992,1.28906],[103.79919,1.28901],[103.79915,1.28898],[103.79892,1.28895]]],[[[103.80836,1.29355],[103.80891,1.29308],[103.80907,1.29286],[103.80924,1.29244],[103.80931,1.29187],[103.80928,1.29159],[103.80916,1.29124],[103.809,1.29099],[103.8088,1.29079],[103.80855,1.29064],[103.8082,1.29052],[103.80793,1.2905],[103.80768,1.29053],[103.8073,1.29064],[103.80704,1.29077],[103.80664,1.29088],[103.80633,1.29107],[103.80613,1.29126],[103.80598,1.2915],[103.80586,1.29179],[103.80582,1.29198],[103.80583,1.29235],[103.8059,1.29262],[103.80598,1.29279],[103.80614,1.29303],[103.80667,1.29361],[103.80692,1.29375],[103.80719,1.29385],[103.80748,1.29388],[103.80776,1.29385],[103.80803,1.29376],[103.80836,1.29355]]],[[[103.79909,1.29296],[103.79917,1.29292],[103.79925,1.29281],[103.79944,1.29249],[103.7991,1.29248],[103.79913,1.29144],[103.79884,1.29144],[103.79882,1.29229],[103.7986,1.29251],[103.79888,1.29292],[103.79898,1.29297],[103.79909,1.29296]]],[[[103.81615,1.30509],[103.81661,1.30586],[103.81715,1.3064],[103.81786,1.30673],[103.81896,1.30675],[103.81945,1.30655],[103.81987,1.3061],[103.82042,1.30498],[103.82073,1.30418],[103.8208,1.30374],[103.82076,1.30339],[103.82062,1.30307],[103.82021,1.30261],[103.81953,1.30234],[103.81856,1.30182],[103.81821,1.30175],[103.81786,1.30177],[103.81731,1.30203],[103.81669,1.30251],[103.81638,1.30288],[103.81602,1.30412],[103.81603,1.30476],[103.81615,1.30509]]],[[[103.81895,1.30707],[103.81894,1.30746],[103.81878,1.30791],[103.81881,1.30799],[103.81898,1.30753],[103.81901,1.30708],[103.81905,1.30702],[103.81912,1.30699],[103.819,1.30699],[103.81895,1.30707]]],[[[103.81877,1.30804],[103.8187,1.30809],[103.81842,1.30871],[103.81845,1.30876],[103.81877,1.30804]]],[[[103.81837,1.3088],[103.8182,1.30907],[103.81821,1.30911],[103.81822,1.30912],[103.81842,1.30881],[103.81837,1.3088]]],[[[103.81203,1.31303],[103.81235,1.31276],[103.81236,1.31271],[103.81227,1.31252],[103.81225,1.31231],[103.81252,1.31079],[103.81244,1.31104],[103.81225,1.31146],[103.81198,1.31155],[103.81185,1.31165],[103.81166,1.31188],[103.80889,1.31396],[103.80904,1.31486],[103.80915,1.31517],[103.80931,1.31582],[103.80963,1.31601],[103.80976,1.31577],[103.81005,1.31551],[103.81001,1.31545],[103.81012,1.31543],[103.81042,1.31532],[103.81052,1.31522],[103.8108,1.3145],[103.81122,1.31385],[103.81171,1.31332],[103.81172,1.31321],[103.8118,1.31313],[103.81203,1.31303]]],[[[103.81655,1.32255],[103.81875,1.32228],[103.81966,1.32204],[103.81954,1.32154],[103.81951,1.32156],[103.81941,1.32138],[103.81924,1.32121],[103.81868,1.32091],[103.81847,1.32075],[103.8183,1.32047],[103.81827,1.32018],[103.8182,1.32008],[103.81808,1.32003],[103.81773,1.32004],[103.81742,1.31989],[103.81709,1.31966],[103.81696,1.31951],[103.81632,1.31896],[103.81623,1.31887],[103.81621,1.31879],[103.81623,1.31867],[103.81644,1.31826],[103.81664,1.318],[103.81691,1.31783],[103.81703,1.3178],[103.81722,1.31782],[103.81741,1.31791],[103.81816,1.31853],[103.81816,1.31844],[103.8184,1.31838],[103.81858,1.31821],[103.81878,1.31776],[103.81881,1.3176],[103.81868,1.31723],[103.81909,1.31705],[103.8189,1.31657],[103.81868,1.31626],[103.81859,1.31617],[103.81853,1.31622],[103.81848,1.31618],[103.81853,1.31612],[103.81845,1.31604],[103.81757,1.31543],[103.81741,1.31528],[103.81727,1.31505],[103.81713,1.31465],[103.81717,1.31453],[103.81719,1.31414],[103.81709,1.31327],[103.81704,1.31322],[103.81707,1.31318],[103.81702,1.31241],[103.81708,1.31193],[103.81727,1.31153],[103.81766,1.31091],[103.81772,1.31065],[103.8178,1.30985],[103.81786,1.30957],[103.81796,1.3093],[103.81812,1.30902],[103.8181,1.30895],[103.81815,1.30889],[103.81821,1.30888],[103.81829,1.30877],[103.81847,1.30839],[103.81845,1.30834],[103.81849,1.30826],[103.81853,1.30825],[103.81857,1.30815],[103.81875,1.30754],[103.81874,1.30752],[103.81869,1.30751],[103.81869,1.30742],[103.81878,1.30734],[103.81879,1.30714],[103.81872,1.307],[103.81845,1.30698],[103.81742,1.30675],[103.81689,1.30675],[103.81642,1.30679],[103.8162,1.30684],[103.816,1.30694],[103.81496,1.3068],[103.81486,1.3069],[103.81474,1.30707],[103.81408,1.30851],[103.81387,1.30885],[103.81364,1.3091],[103.81301,1.30961],[103.81282,1.3099],[103.81274,1.3102],[103.81238,1.3124],[103.81241,1.31252],[103.81274,1.31322],[103.81282,1.31335],[103.81363,1.31392],[103.81404,1.31459],[103.81416,1.31499],[103.81503,1.31585],[103.81536,1.31679],[103.81543,1.3171],[103.81542,1.31723],[103.81536,1.31772],[103.81533,1.31836],[103.81527,1.31855],[103.81433,1.32029],[103.81427,1.32048],[103.81426,1.32062],[103.81457,1.32207],[103.81472,1.32247],[103.81481,1.32261],[103.81496,1.32268],[103.81655,1.32255]]],[[[103.81799,1.31486],[103.81806,1.31474],[103.81793,1.31467],[103.81756,1.31456],[103.81728,1.31453],[103.81747,1.31502],[103.8177,1.31528],[103.81776,1.31525],[103.81783,1.31503],[103.81795,1.31486],[103.81799,1.31486]]],[[[103.836,1.21533],[103.837,1.21283],[103.83617,1.21183],[103.83383,1.2115],[103.83267,1.21217],[103.83033,1.21567],[103.83133,1.2175],[103.832,1.21783],[103.8335,1.21733],[103.83467,1.216],[103.836,1.21533]]],[[[103.85108,1.21384],[103.85149,1.21333],[103.85,1.21333],[103.8475,1.217],[103.84533,1.219],[103.844,1.22033],[103.843,1.2215],[103.84233,1.223],[103.8435,1.224],[103.84418,1.22315],[103.84376,1.22274],[103.84332,1.22252],[103.84325,1.22231],[103.84312,1.22222],[103.84311,1.22213],[103.84315,1.222],[103.84331,1.22175],[103.84389,1.22117],[103.84448,1.22047],[103.84493,1.22006],[103.84562,1.21956],[103.8462,1.21899],[103.84681,1.21831],[103.84696,1.21812],[103.84709,1.21788],[103.84731,1.21761],[103.84762,1.21736],[103.84782,1.21714],[103.84816,1.21664],[103.84863,1.21608],[103.84878,1.21559],[103.84888,1.21541],[103.84908,1.21517],[103.8492,1.21494],[103.84927,1.21487],[103.8501,1.21466],[103.85051,1.21447],[103.85054,1.21427],[103.85045,1.21412],[103.85056,1.21404],[103.85075,1.21434],[103.85086,1.21433],[103.8509,1.21417],[103.85108,1.21384]]],[[[103.83658,1.232],[103.83671,1.23135],[103.83678,1.23125],[103.83692,1.23113],[103.83737,1.23049],[103.8375,1.23037],[103.83764,1.23018],[103.83781,1.23005],[103.83793,1.22979],[103.83819,1.22956],[103.83843,1.22926],[103.83859,1.22914],[103.8392,1.22853],[103.83959,1.22853],[103.839,1.22833],[103.83633,1.23067],[103.83517,1.2335],[103.83583,1.2345],[103.83623,1.2336],[103.83612,1.23353],[103.83607,1.23353],[103.83602,1.23343],[103.83602,1.23316],[103.83612,1.23291],[103.83618,1.23283],[103.83629,1.2328],[103.83642,1.23257],[103.83653,1.23206],[103.83658,1.232]]],[[[103.82908,1.25697],[103.82979,1.25905],[103.83004,1.25947],[103.83052,1.25981],[103.83109,1.25992],[103.83285,1.2594],[103.83327,1.25912],[103.83384,1.25891],[103.83416,1.25868],[103.83464,1.25811],[103.83481,1.25747],[103.83644,1.25694],[103.83685,1.25666],[103.83709,1.25635],[103.83763,1.25528],[103.8377,1.2546],[103.83759,1.25422],[103.83731,1.25382],[103.8369,1.25355],[103.83642,1.25344],[103.83596,1.2535],[103.8308,1.25516],[103.83038,1.2554],[103.8298,1.25557],[103.82948,1.2558],[103.82912,1.25639],[103.82908,1.25697]]],[[[103.8312,1.27382],[103.83178,1.27334],[103.8321,1.27313],[103.83212,1.27308],[103.83175,1.27331],[103.83118,1.27379],[103.83111,1.27371],[103.82958,1.27499],[103.82944,1.27511],[103.82945,1.27513],[103.82939,1.27521],[103.82955,1.27539],[103.83012,1.27473],[103.83114,1.27391],[103.83122,1.27401],[103.8313,1.27394],[103.8312,1.27382]]],[[[103.84752,1.27633],[103.84784,1.27619],[103.84808,1.27602],[103.84829,1.27581],[103.84844,1.27556],[103.84856,1.27517],[103.84858,1.27489],[103.84855,1.27462],[103.84846,1.27434],[103.84823,1.274],[103.84761,1.27327],[103.8474,1.27309],[103.84716,1.27296],[103.84689,1.27288],[103.84655,1.27286],[103.84613,1.27294],[103.84582,1.27311],[103.84517,1.27366],[103.84498,1.27387],[103.84485,1.27414],[103.84479,1.27432],[103.84476,1.27461],[103.84477,1.2748],[103.84483,1.27509],[103.84501,1.27543],[103.84574,1.2763],[103.84611,1.27653],[103.8459,1.27656],[103.84538,1.27689],[103.84425,1.27825],[103.8441,1.27857],[103.84403,1.27892],[103.84424,1.28013],[103.84447,1.28061],[103.84538,1.28137],[103.84573,1.28152],[103.84612,1.28157],[103.84689,1.2814],[103.84734,1.28102],[103.84774,1.28081],[103.84812,1.28037],[103.8483,1.27978],[103.84827,1.27943],[103.84797,1.27829],[103.84774,1.27787],[103.8475,1.27717],[103.84728,1.27689],[103.847,1.27667],[103.84687,1.27663],[103.84717,1.27654],[103.84752,1.27633]]],[[[103.82723,1.27721],[103.82924,1.27561],[103.82912,1.27544],[103.82832,1.27608],[103.8283,1.27605],[103.82699,1.27713],[103.82723,1.27721]]],[[[103.82564,1.27848],[103.82567,1.27847],[103.8268,1.27756],[103.82649,1.27755],[103.82552,1.27833],[103.82564,1.27848]]],[[[103.83734,1.27705],[103.83705,1.27681],[103.83661,1.27664],[103.83623,1.27662],[103.83586,1.27671],[103.83569,1.27679],[103.83529,1.27707],[103.83459,1.27669],[103.83435,1.27661],[103.83396,1.27658],[103.8337,1.2766],[103.83323,1.27675],[103.83298,1.2769],[103.83275,1.27709],[103.83225,1.27772],[103.83198,1.27822],[103.8319,1.27849],[103.83187,1.27877],[103.8319,1.27911],[103.83201,1.27948],[103.8318,1.27962],[103.83138,1.28007],[103.83125,1.28039],[103.8312,1.28074],[103.83134,1.28134],[103.83185,1.28217],[103.83244,1.28279],[103.833,1.2832],[103.83343,1.28341],[103.83418,1.2835],[103.83461,1.28342],[103.8349,1.28362],[103.83527,1.28375],[103.83556,1.28377],[103.83575,1.28375],[103.83594,1.2837],[103.83602,1.28374],[103.8364,1.28383],[103.83678,1.28381],[103.83714,1.28369],[103.83811,1.28311],[103.83837,1.2829],[103.83856,1.28266],[103.83864,1.28249],[103.83901,1.28245],[103.83919,1.28238],[103.83951,1.28218],[103.83982,1.28188],[103.84014,1.28146],[103.84038,1.28106],[103.84064,1.2804],[103.84071,1.28011],[103.84072,1.27994],[103.84147,1.27857],[103.84156,1.27799],[103.84136,1.27737],[103.84097,1.27693],[103.84057,1.27674],[103.83943,1.27648],[103.83877,1.27662],[103.8379,1.27724],[103.83768,1.27757],[103.83734,1.27705]]],[[[103.82393,1.2795],[103.82437,1.27934],[103.82483,1.27909],[103.82561,1.27851],[103.82549,1.27836],[103.82489,1.27881],[103.8244,1.27908],[103.82397,1.27923],[103.82392,1.2793],[103.82393,1.2795]]],[[[103.82153,1.27963],[103.82274,1.27977],[103.82317,1.27978],[103.82351,1.27976],[103.82352,1.27936],[103.82348,1.27928],[103.82342,1.27923],[103.82139,1.27921],[103.82153,1.27963]]],[[[103.84906,1.2864],[103.84938,1.28616],[103.8495,1.28601],[103.84965,1.28576],[103.84972,1.28558],[103.84975,1.28538],[103.84975,1.28508],[103.8497,1.28479],[103.84944,1.28426],[103.84931,1.2841],[103.84911,1.28391],[103.84894,1.28381],[103.84854,1.28367],[103.84831,1.28364],[103.84804,1.28366],[103.84778,1.28373],[103.84729,1.28398],[103.84713,1.28409],[103.84692,1.28431],[103.84677,1.28456],[103.84667,1.28485],[103.84663,1.28514],[103.84663,1.28534],[103.84669,1.28563],[103.84689,1.28606],[103.84699,1.28622],[103.8472,1.28643],[103.84752,1.28663],[103.8477,1.28669],[103.84798,1.28673],[103.84826,1.28672],[103.84854,1.28664],[103.84906,1.2864]]],[[[103.84151,1.28557],[103.84123,1.28611],[103.84114,1.2869],[103.84127,1.2875],[103.8418,1.28834],[103.84237,1.28872],[103.84296,1.28884],[103.84318,1.28905],[103.84351,1.28918],[103.84386,1.28923],[103.84484,1.28909],[103.84522,1.28895],[103.84589,1.28855],[103.84612,1.28828],[103.84628,1.28796],[103.84634,1.28735],[103.84617,1.28685],[103.84544,1.28604],[103.84499,1.28578],[103.84447,1.2857],[103.84439,1.28573],[103.84424,1.28549],[103.8438,1.2852],[103.84318,1.28498],[103.84283,1.28493],[103.84224,1.28508],[103.84178,1.28533],[103.84151,1.28557]]],[[[103.85254,1.29014],[103.85239,1.28989],[103.85249,1.2898],[103.85281,1.28928],[103.85287,1.28867],[103.8527,1.28817],[103.85195,1.28714],[103.8511,1.28669],[103.85049,1.28663],[103.85,1.2868],[103.8494,1.28725],[103.84837,1.28864],[103.84823,1.28899],[103.84762,1.28901],[103.84683,1.28931],[103.84619,1.28983],[103.84601,1.29013],[103.84592,1.29047],[103.84592,1.29083],[103.84601,1.29117],[103.84641,1.29174],[103.8468,1.29203],[103.84716,1.29218],[103.84749,1.29246],[103.84799,1.29262],[103.84863,1.29255],[103.84887,1.29268],[103.8494,1.29271],[103.8499,1.29254],[103.85018,1.29236],[103.85066,1.29248],[103.85125,1.29233],[103.85221,1.29176],[103.85254,1.29134],[103.85267,1.29074],[103.85254,1.29014]]],[[[103.8547,1.2921],[103.85404,1.29265],[103.85465,1.29363],[103.85473,1.29365],[103.85557,1.29312],[103.85559,1.29304],[103.8551,1.2922],[103.85485,1.29203],[103.85474,1.29212],[103.8547,1.2921]]],[[[103.83896,1.30058],[103.83912,1.30047],[103.83932,1.30025],[103.83951,1.29992],[103.83958,1.29965],[103.83959,1.2991],[103.83955,1.29881],[103.83945,1.29854],[103.83923,1.29822],[103.83893,1.29797],[103.83867,1.29785],[103.83849,1.2978],[103.83803,1.29776],[103.83742,1.29779],[103.83724,1.29784],[103.83686,1.29803],[103.83664,1.29821],[103.83647,1.29843],[103.83636,1.29867],[103.8362,1.29913],[103.83615,1.29941],[103.83615,1.29969],[103.83621,1.29996],[103.83637,1.3003],[103.83653,1.30049],[103.83673,1.30068],[103.83689,1.30078],[103.83716,1.30089],[103.83752,1.30094],[103.8378,1.30091],[103.83861,1.30074],[103.83896,1.30058]]],[[[103.84804,1.30771],[103.84798,1.30743],[103.84785,1.30713],[103.84788,1.30684],[103.84725,1.3045],[103.84696,1.30397],[103.84715,1.30336],[103.84702,1.3027],[103.8472,1.30218],[103.84717,1.30166],[103.8469,1.301],[103.84672,1.30072],[103.84625,1.3003],[103.84589,1.3001],[103.84556,1.29903],[103.84536,1.29874],[103.8451,1.29851],[103.84461,1.29831],[103.844,1.29833],[103.84254,1.29883],[103.84224,1.29903],[103.84202,1.2993],[103.84184,1.2997],[103.84178,1.30006],[103.84199,1.301],[103.8406,1.30192],[103.84029,1.30233],[103.84009,1.30281],[103.84002,1.30325],[103.84008,1.30473],[103.8399,1.3063],[103.84003,1.3072],[103.84039,1.30802],[103.84075,1.30857],[103.84106,1.30891],[103.84352,1.31098],[103.844,1.31305],[103.84414,1.31342],[103.84424,1.31358],[103.84453,1.31389],[103.84506,1.31431],[103.84536,1.31446],[103.84564,1.31453],[103.84602,1.31453],[103.8463,1.31446],[103.84664,1.31427],[103.84819,1.31273],[103.8483,1.31258],[103.84906,1.3118],[103.84929,1.31141],[103.84941,1.31096],[103.84941,1.31068],[103.84936,1.31042],[103.8485,1.30829],[103.84831,1.30797],[103.84804,1.30771]]],[[[103.835,1.31178],[103.83608,1.31244],[103.83642,1.31254],[103.83686,1.31252],[103.83734,1.31232],[103.83771,1.31194],[103.83823,1.31107],[103.8383,1.31073],[103.83828,1.31037],[103.83803,1.30981],[103.83737,1.30913],[103.83674,1.30871],[103.83615,1.30857],[103.83556,1.30871],[103.83508,1.3091],[103.83448,1.31003],[103.83438,1.3104],[103.8344,1.31087],[103.83461,1.31139],[103.835,1.31178]]],[[[103.85142,1.32433],[103.85255,1.3232],[103.85269,1.32295],[103.8529,1.32276],[103.85306,1.32255],[103.85318,1.32229],[103.85347,1.32119],[103.85354,1.32082],[103.85366,1.31964],[103.85364,1.31929],[103.85359,1.31908],[103.85347,1.31882],[103.8533,1.31859],[103.85309,1.3184],[103.85266,1.3182],[103.8521,1.31813],[103.85076,1.3182],[103.84995,1.31803],[103.84966,1.31804],[103.84938,1.31812],[103.84912,1.31824],[103.84895,1.31836],[103.84876,1.31858],[103.84857,1.31893],[103.84802,1.32168],[103.848,1.32207],[103.84806,1.32236],[103.84819,1.32266],[103.84835,1.32288],[103.84972,1.32425],[103.84996,1.32442],[103.85032,1.32455],[103.8506,1.32459],[103.85089,1.32456],[103.85107,1.32451],[103.85142,1.32433]]],[[[103.84256,1.32462],[103.84285,1.32514],[103.84332,1.32548],[103.84488,1.32596],[103.84535,1.32619],[103.84582,1.32625],[103.84625,1.32617],[103.84682,1.3258],[103.84713,1.32519],[103.84713,1.32412],[103.84693,1.32298],[103.84677,1.32262],[103.84643,1.32227],[103.84578,1.32202],[103.84524,1.3216],[103.84471,1.32149],[103.8438,1.3215],[103.84341,1.32157],[103.84306,1.32175],[103.84272,1.3221],[103.8425,1.32275],[103.8425,1.32425],[103.84256,1.32462]]],[[[103.84186,1.32811],[103.84212,1.32798],[103.84235,1.3278],[103.84256,1.32755],[103.84274,1.32723],[103.84293,1.32675],[103.843,1.32636],[103.84299,1.32607],[103.84288,1.32571],[103.84273,1.32547],[103.84253,1.32526],[103.84221,1.32506],[103.84194,1.32497],[103.84145,1.32486],[103.84112,1.32485],[103.84052,1.32501],[103.84026,1.32511],[103.83997,1.32534],[103.83974,1.32564],[103.83964,1.3259],[103.83955,1.32626],[103.83951,1.32653],[103.83953,1.3268],[103.83964,1.32725],[103.83974,1.32752],[103.8399,1.32776],[103.8401,1.32796],[103.84035,1.32812],[103.84061,1.32822],[103.84099,1.32825],[103.8415,1.3282],[103.84186,1.32811]]],[[[103.83818,1.33508],[103.83857,1.33556],[103.83912,1.33581],[103.83981,1.33581],[103.84036,1.33556],[103.84102,1.33477],[103.84132,1.33409],[103.84136,1.33315],[103.84123,1.33264],[103.84084,1.33216],[103.8402,1.33186],[103.83931,1.33188],[103.83866,1.33225],[103.83818,1.33275],[103.83804,1.33308],[103.838,1.33343],[103.83805,1.33467],[103.83818,1.33508]]],[[[103.87499,1.28181],[103.87486,1.28148],[103.87458,1.28114],[103.87271,1.27975],[103.87248,1.27924],[103.8722,1.27888],[103.87178,1.27858],[103.87141,1.2784],[103.87119,1.27833],[103.87075,1.27824],[103.8704,1.27822],[103.87001,1.27831],[103.86981,1.27841],[103.86953,1.27841],[103.86917,1.27851],[103.8682,1.27902],[103.86796,1.27919],[103.86771,1.27948],[103.86758,1.27974],[103.86753,1.27993],[103.8675,1.28032],[103.86753,1.28051],[103.86762,1.28079],[103.86783,1.28116],[103.86777,1.28144],[103.86777,1.28173],[103.8678,1.28192],[103.8679,1.28219],[103.86838,1.28291],[103.86857,1.28313],[103.86887,1.28336],[103.86923,1.2835],[103.86942,1.28352],[103.8697,1.28351],[103.87007,1.28341],[103.87031,1.28326],[103.8706,1.28303],[103.87096,1.28298],[103.8713,1.28284],[103.87159,1.28261],[103.8717,1.28247],[103.87305,1.28344],[103.87347,1.28357],[103.87374,1.28358],[103.874,1.28354],[103.87424,1.28344],[103.87447,1.2833],[103.87466,1.28312],[103.87482,1.2829],[103.87496,1.28259],[103.87502,1.28233],[103.87503,1.28207],[103.87499,1.28181]]],[[[103.87854,1.29605],[103.87869,1.29592],[103.8788,1.29577],[103.8793,1.29476],[103.87938,1.29449],[103.8794,1.29411],[103.87931,1.29375],[103.87923,1.29358],[103.87906,1.29335],[103.87843,1.29261],[103.8781,1.29232],[103.87763,1.29201],[103.87718,1.29182],[103.87675,1.2917],[103.87601,1.2916],[103.87569,1.2916],[103.87532,1.2917],[103.87506,1.29184],[103.87491,1.29197],[103.87467,1.29228],[103.87455,1.29255],[103.8745,1.29285],[103.87451,1.29314],[103.87467,1.29374],[103.87486,1.29422],[103.87513,1.29473],[103.87545,1.29519],[103.87587,1.29561],[103.87626,1.29589],[103.87674,1.29614],[103.87715,1.29628],[103.87747,1.29635],[103.87785,1.29636],[103.87822,1.29626],[103.87854,1.29605]]],[[[103.86826,1.30298],[103.86852,1.30269],[103.86866,1.30243],[103.86873,1.30215],[103.86875,1.30185],[103.8687,1.30157],[103.8686,1.30129],[103.86823,1.30071],[103.8681,1.30056],[103.86797,1.30043],[103.86764,1.30024],[103.86727,1.30015],[103.86709,1.30015],[103.8668,1.30019],[103.86653,1.30029],[103.86626,1.30044],[103.86603,1.30062],[103.86579,1.30091],[103.86568,1.30117],[103.86562,1.30136],[103.8656,1.30174],[103.86566,1.30202],[103.86577,1.30228],[103.86609,1.30278],[103.86626,1.30299],[103.8664,1.30312],[103.86674,1.3033],[103.86701,1.30337],[103.86728,1.30338],[103.86747,1.30336],[103.86774,1.30327],[103.8681,1.30309],[103.86826,1.30298]]],[[[103.89856,1.30399],[103.89876,1.30379],[103.89895,1.30347],[103.89904,1.3032],[103.8992,1.30246],[103.89918,1.30207],[103.89913,1.30188],[103.899,1.30161],[103.89882,1.30138],[103.89868,1.30125],[103.89834,1.30106],[103.8977,1.3009],[103.89738,1.3009],[103.89705,1.30094],[103.89677,1.30103],[103.89641,1.30125],[103.8962,1.30141],[103.89598,1.30168],[103.89581,1.30204],[103.89565,1.30283],[103.89566,1.30311],[103.89572,1.30339],[103.89589,1.30373],[103.89608,1.30394],[103.89631,1.30411],[103.89666,1.30426],[103.89747,1.30436],[103.89774,1.30435],[103.898,1.30429],[103.89833,1.30414],[103.89856,1.30399]]],[[[103.86105,1.30526],[103.86033,1.30506],[103.86014,1.30505],[103.85988,1.30508],[103.85962,1.30517],[103.85939,1.30531],[103.85904,1.30563],[103.85881,1.30592],[103.85868,1.30629],[103.85863,1.3066],[103.85866,1.30689],[103.85874,1.30716],[103.859,1.30757],[103.85939,1.30797],[103.85962,1.30814],[103.85989,1.30826],[103.86008,1.3083],[103.86037,1.30832],[103.86057,1.30829],[103.86085,1.3082],[103.86102,1.3081],[103.86147,1.30773],[103.86207,1.30825],[103.86273,1.30844],[103.8633,1.30834],[103.86376,1.30801],[103.86443,1.30718],[103.8646,1.30652],[103.86443,1.30585],[103.86401,1.30538],[103.86362,1.30512],[103.86284,1.3049],[103.86225,1.30491],[103.86177,1.30504],[103.86142,1.30522],[103.86129,1.30537],[103.86105,1.30526]]],[[[103.89079,1.30795],[103.89056,1.30811],[103.89037,1.3083],[103.89018,1.30861],[103.8901,1.30887],[103.88962,1.31117],[103.88965,1.31156],[103.88974,1.31183],[103.88983,1.312],[103.89001,1.31222],[103.89031,1.31245],[103.89067,1.31259],[103.89105,1.31262],[103.89124,1.3126],[103.89151,1.31251],[103.89194,1.31226],[103.89298,1.31204],[103.89333,1.31187],[103.89356,1.31168],[103.89374,1.31145],[103.89386,1.31118],[103.89394,1.31079],[103.89388,1.31018],[103.89377,1.30982],[103.89374,1.30965],[103.89377,1.30937],[103.89374,1.30908],[103.89369,1.30889],[103.89356,1.30862],[103.89338,1.30839],[103.89315,1.30821],[103.89288,1.30808],[103.89269,1.30802],[103.89147,1.30779],[103.89112,1.30783],[103.89079,1.30795]]],[[[103.93423,1.31583],[103.93444,1.31551],[103.93454,1.31524],[103.93461,1.31468],[103.93462,1.31435],[103.93459,1.31418],[103.93439,1.31356],[103.93416,1.31325],[103.93395,1.31307],[103.9336,1.3129],[103.93341,1.31285],[103.93278,1.31279],[103.93258,1.3128],[103.9323,1.31286],[103.93204,1.31299],[103.93182,1.31316],[103.93163,1.31337],[103.93146,1.31372],[103.93141,1.31391],[103.93138,1.3143],[103.93138,1.31448],[103.9315,1.31519],[103.9316,1.31546],[103.93181,1.31578],[103.93202,1.31597],[103.93236,1.31615],[103.93264,1.31622],[103.93311,1.31626],[103.93339,1.31626],[103.93367,1.3162],[103.93393,1.31607],[103.93423,1.31583]]],[[[103.89273,1.31766],[103.89304,1.3173],[103.8932,1.31686],[103.89324,1.31584],[103.8932,1.31556],[103.89305,1.31519],[103.89287,1.31496],[103.89265,1.31477],[103.89249,1.31467],[103.89211,1.31455],[103.89147,1.31452],[103.89118,1.31458],[103.89092,1.31471],[103.89075,1.31481],[103.89034,1.31521],[103.89017,1.31546],[103.89005,1.31573],[103.88994,1.31636],[103.88993,1.31655],[103.88999,1.31692],[103.89015,1.31726],[103.89038,1.31754],[103.8906,1.31773],[103.89094,1.31788],[103.89112,1.31792],[103.89177,1.31797],[103.89205,1.31796],[103.89233,1.3179],[103.89273,1.31766]]],[[[103.9509,1.31189],[103.95066,1.31206],[103.95053,1.31219],[103.95032,1.31252],[103.9502,1.31294],[103.95021,1.31339],[103.95029,1.31365],[103.95046,1.31396],[103.95063,1.31415],[103.95112,1.31456],[103.95185,1.31851],[103.95184,1.3187],[103.95187,1.31898],[103.95196,1.31925],[103.95205,1.31942],[103.95229,1.3197],[103.9526,1.31991],[103.95574,1.32129],[103.95612,1.32136],[103.9564,1.32135],[103.95668,1.32127],[103.95693,1.32114],[103.95722,1.32089],[103.95738,1.32065],[103.95748,1.32039],[103.95754,1.32001],[103.95752,1.31978],[103.95654,1.31426],[103.95647,1.31399],[103.95634,1.31374],[103.95609,1.31347],[103.95578,1.31327],[103.95193,1.31179],[103.95174,1.31174],[103.95146,1.31173],[103.95117,1.31178],[103.9509,1.31189]]],[[[103.95977,1.32617],[103.96002,1.32592],[103.96155,1.32357],[103.96167,1.3233],[103.96172,1.32302],[103.9617,1.32264],[103.96162,1.32237],[103.96153,1.3222],[103.96099,1.32142],[103.96073,1.32114],[103.96049,1.32099],[103.96022,1.32089],[103.95993,1.32084],[103.95974,1.32085],[103.95946,1.32092],[103.95912,1.32109],[103.95638,1.32336],[103.95625,1.3235],[103.95606,1.32384],[103.95597,1.32422],[103.95595,1.32459],[103.95596,1.32477],[103.95605,1.32519],[103.95612,1.32537],[103.95628,1.32561],[103.95663,1.32595],[103.95727,1.32629],[103.95761,1.32638],[103.9578,1.3264],[103.95806,1.32639],[103.95833,1.32631],[103.9587,1.32644],[103.95899,1.32646],[103.95938,1.32639],[103.95955,1.32631],[103.95977,1.32617]]],[[[104.05672,1.43318],[104.05706,1.43312],[104.05735,1.43316],[104.05764,1.43314],[104.05867,1.43288],[104.05898,1.43274],[104.05952,1.43262],[104.06029,1.43228],[104.06064,1.43217],[104.06165,1.43173],[104.06219,1.43154],[104.06289,1.43122],[104.06331,1.43111],[104.06353,1.43112],[104.06384,1.4311],[104.06416,1.43101],[104.06455,1.43081],[104.06477,1.43063],[104.06505,1.4305],[104.06575,1.43027],[104.06642,1.42988],[104.06675,1.42975],[104.06704,1.42952],[104.0678,1.42928],[104.06861,1.42896],[104.06943,1.42869],[104.06976,1.42861],[104.07011,1.42841],[104.07039,1.42833],[104.07155,1.42764],[104.07193,1.42737],[104.07221,1.42724],[104.07314,1.42666],[104.07356,1.42635],[104.07402,1.42591],[104.07425,1.42575],[104.0749,1.42517],[104.07521,1.42497],[104.07545,1.42469],[104.07572,1.42451],[104.07687,1.42352],[104.07713,1.42318],[104.07732,1.42302],[104.07804,1.42229],[104.07834,1.42205],[104.0787,1.42167],[104.0795,1.42122],[104.07971,1.42105],[104.07993,1.42081],[104.08085,1.42039],[104.08137,1.42003],[104.08157,1.41982],[104.08204,1.41901],[104.08274,1.41809],[104.08287,1.41779],[104.0833,1.41707],[104.08395,1.41572],[104.08404,1.41549],[104.08409,1.41524],[104.08424,1.415],[104.0845,1.41439],[104.08473,1.41396],[104.08496,1.41368],[104.08559,1.41261],[104.08569,1.41237],[104.08576,1.41208],[104.086,1.41159],[104.08609,1.4111],[104.08629,1.41076],[104.08639,1.4105],[104.08652,1.40967],[104.08653,1.40941],[104.08639,1.40863],[104.08627,1.40832],[104.08601,1.40788],[104.08567,1.40749],[104.08539,1.4071],[104.08515,1.40687],[104.08506,1.40651],[104.08493,1.40621],[104.0848,1.40601],[104.08482,1.40558],[104.08465,1.40484],[104.08456,1.40458],[104.08436,1.40427],[104.0844,1.40409],[104.08441,1.40381],[104.08425,1.40302],[104.08412,1.40267],[104.08391,1.40237],[104.08395,1.40219],[104.08395,1.40191],[104.0838,1.40122],[104.08365,1.40079],[104.08345,1.4005],[104.08349,1.40022],[104.08348,1.39993],[104.08328,1.39912],[104.08317,1.39889],[104.08301,1.39868],[104.08306,1.39842],[104.08306,1.39816],[104.0829,1.39744],[104.08276,1.39708],[104.08258,1.39682],[104.08263,1.39648],[104.08259,1.39613],[104.08241,1.39541],[104.0823,1.39518],[104.08215,1.39497],[104.08219,1.39479],[104.0822,1.39451],[104.08204,1.39377],[104.08193,1.39344],[104.0817,1.39312],[104.08174,1.39267],[104.08157,1.39182],[104.08146,1.39155],[104.08135,1.39138],[104.08108,1.39111],[104.08083,1.39096],[104.08067,1.39063],[104.08048,1.39039],[104.08011,1.38854],[104.07998,1.38807],[104.07984,1.38773],[104.07968,1.38744],[104.07947,1.38715],[104.07925,1.3869],[104.07897,1.38665],[104.07872,1.38646],[104.07815,1.38616],[104.0531,1.37585],[104.05282,1.37577],[104.05253,1.37575],[104.05224,1.37579],[104.05197,1.3759],[104.05173,1.37606],[104.05153,1.37627],[104.05142,1.37643],[104.0513,1.3767],[104.05125,1.37699],[104.05125,1.37728],[104.05132,1.37756],[104.0515,1.3779],[104.05297,1.37966],[104.05289,1.37967],[104.05271,1.37948],[104.05241,1.37929],[104.05169,1.37901],[104.05133,1.37896],[104.05105,1.37898],[104.05087,1.37903],[104.05061,1.37914],[104.05046,1.37925],[104.05018,1.37925],[104.0499,1.3793],[104.04956,1.37946],[104.04935,1.37964],[104.04879,1.38039],[104.04868,1.38063],[104.04863,1.38089],[104.0483,1.38109],[104.04802,1.38142],[104.04784,1.38147],[104.04759,1.3816],[104.04743,1.38171],[104.04724,1.38192],[104.047,1.38229],[104.04692,1.38246],[104.04685,1.38274],[104.04683,1.38302],[104.04653,1.38344],[104.0464,1.3838],[104.04598,1.38416],[104.04565,1.38456],[104.04535,1.38507],[104.04525,1.38542],[104.04497,1.38559],[104.04472,1.38584],[104.04428,1.38644],[104.04417,1.38669],[104.04411,1.38695],[104.04381,1.38714],[104.04362,1.38732],[104.04312,1.38802],[104.04304,1.38819],[104.04297,1.38845],[104.04254,1.38878],[104.04205,1.38942],[104.04193,1.38966],[104.04184,1.39002],[104.04159,1.39021],[104.04109,1.39077],[104.04096,1.39099],[104.04086,1.39122],[104.04028,1.39173],[104.03987,1.3922],[104.03968,1.39248],[104.03954,1.39287],[104.03906,1.3934],[104.03888,1.39362],[104.03875,1.39386],[104.03852,1.39399],[104.03826,1.39422],[104.03773,1.39432],[104.03747,1.39443],[104.03717,1.39465],[104.03699,1.39487],[104.03685,1.39514],[104.03676,1.3955],[104.03677,1.39614],[104.03684,1.39649],[104.03672,1.39683],[104.03668,1.39708],[104.03633,1.39761],[104.03622,1.39803],[104.03599,1.39851],[104.03594,1.39888],[104.03599,1.39925],[104.0354,1.3997],[104.03508,1.40016],[104.03491,1.40032],[104.03465,1.40048],[104.03445,1.40065],[104.03408,1.40107],[104.0339,1.40139],[104.03362,1.40164],[104.03284,1.40147],[104.03254,1.40149],[104.03226,1.40157],[104.03201,1.40171],[104.03169,1.40197],[104.03144,1.40206],[104.0312,1.40219],[104.03089,1.40245],[104.03039,1.40267],[104.02945,1.40316],[104.02883,1.40362],[104.02854,1.40393],[104.02824,1.40453],[104.02815,1.40485],[104.02808,1.4054],[104.02757,1.40579],[104.02745,1.40593],[104.02731,1.40616],[104.02702,1.40698],[104.02694,1.40754],[104.02693,1.40786],[104.02705,1.40853],[104.02713,1.40871],[104.02747,1.40932],[104.02786,1.40989],[104.02799,1.41014],[104.02827,1.41044],[104.02833,1.41054],[104.02864,1.41144],[104.02884,1.41182],[104.02913,1.41225],[104.02941,1.41255],[104.02964,1.41273],[104.02975,1.41293],[104.02987,1.41348],[104.02998,1.41426],[104.02975,1.41494],[104.02969,1.41532],[104.02953,1.41595],[104.02944,1.41619],[104.02927,1.41648],[104.0291,1.4167],[104.02892,1.41708],[104.02845,1.4178],[104.02824,1.4182],[104.0281,1.4189],[104.02809,1.41916],[104.02731,1.42183],[104.02727,1.42211],[104.02729,1.42231],[104.02733,1.4225],[104.02743,1.42276],[104.02755,1.42337],[104.02732,1.42436],[104.0273,1.4247],[104.02735,1.42513],[104.02742,1.42538],[104.02762,1.42583],[104.02786,1.42612],[104.02808,1.4263],[104.02847,1.4265],[104.02927,1.42688],[104.02954,1.42696],[104.02997,1.42699],[104.03023,1.42695],[104.03041,1.4269],[104.03065,1.42677],[104.03144,1.42625],[104.03264,1.42613],[104.03382,1.42617],[104.03488,1.42639],[104.03516,1.42642],[104.03567,1.42634],[104.03607,1.42615],[104.0364,1.4263],[104.03699,1.42644],[104.03725,1.42647],[104.03793,1.42677],[104.03895,1.42754],[104.03935,1.42776],[104.03961,1.42824],[104.03971,1.42857],[104.03983,1.42936],[104.03993,1.42963],[104.04002,1.4298],[104.04025,1.43009],[104.04053,1.43033],[104.04078,1.43046],[104.04127,1.43061],[104.04131,1.43144],[104.04137,1.4317],[104.04148,1.43193],[104.04164,1.43216],[104.04183,1.43235],[104.04206,1.4325],[104.04241,1.43263],[104.04269,1.43268],[104.04288,1.43267],[104.04345,1.43255],[104.04408,1.43253],[104.04445,1.43244],[104.04549,1.43185],[104.04606,1.43127],[104.0462,1.43109],[104.0466,1.43109],[104.04687,1.43105],[104.04713,1.43115],[104.04755,1.43124],[104.04782,1.43126],[104.048,1.43123],[104.04826,1.43116],[104.04892,1.43087],[104.04942,1.43086],[104.04979,1.43078],[104.0501,1.43063],[104.05056,1.43029],[104.0511,1.43026],[104.05154,1.43011],[104.0519,1.43034],[104.05217,1.43057],[104.0525,1.43074],[104.05278,1.43081],[104.05326,1.43083],[104.05331,1.43147],[104.0534,1.43174],[104.05349,1.43191],[104.0536,1.43206],[104.05381,1.43225],[104.05417,1.43253],[104.0546,1.43279],[104.05528,1.4331],[104.05562,1.43318],[104.05672,1.43318]]],[[[104.02192,1.42248],[104.02301,1.42219],[104.02326,1.42209],[104.02348,1.42195],[104.02401,1.42147],[104.02464,1.42132],[104.02497,1.42116],[104.02519,1.42098],[104.02536,1.42076],[104.02585,1.42046],[104.02606,1.42027],[104.02622,1.42004],[104.02641,1.41962],[104.02647,1.41939],[104.02654,1.41899],[104.02673,1.41881],[104.02688,1.4186],[104.02724,1.41788],[104.02734,1.41747],[104.02755,1.41727],[104.02775,1.41694],[104.02784,1.41666],[104.0279,1.41616],[104.02818,1.41572],[104.02829,1.41545],[104.02834,1.41516],[104.02832,1.4148],[104.02843,1.4144],[104.02842,1.41402],[104.02834,1.41374],[104.02826,1.41357],[104.02785,1.41295],[104.02768,1.41276],[104.02739,1.41255],[104.02727,1.41236],[104.02709,1.41217],[104.02672,1.4119],[104.02639,1.41176],[104.02605,1.41171],[104.02549,1.41153],[104.02526,1.41136],[104.02499,1.41125],[104.02472,1.4112],[104.02453,1.4112],[104.02396,1.41132],[104.02371,1.4113],[104.0231,1.41114],[104.02228,1.41106],[104.02186,1.41111],[104.02149,1.41104],[104.02059,1.41109],[104.02024,1.41107],[104.01948,1.41118],[104.01923,1.41126],[104.01889,1.41146],[104.01834,1.4117],[104.01764,1.41225],[104.01742,1.41257],[104.01731,1.41288],[104.01655,1.41357],[104.01638,1.41378],[104.01619,1.41407],[104.0161,1.41428],[104.0159,1.41456],[104.01577,1.41487],[104.01549,1.4152],[104.01526,1.41571],[104.01521,1.41616],[104.0153,1.41687],[104.01536,1.4171],[104.01526,1.41748],[104.01525,1.41776],[104.01529,1.41795],[104.01546,1.41851],[104.01572,1.41901],[104.01588,1.41924],[104.01613,1.41951],[104.01644,1.41969],[104.01656,1.42026],[104.01668,1.42052],[104.01684,1.42076],[104.01701,1.42116],[104.01707,1.42148],[104.01718,1.42177],[104.01738,1.42206],[104.01765,1.42229],[104.01771,1.42237],[104.01763,1.42269],[104.01762,1.42296],[104.01766,1.42323],[104.01776,1.42355],[104.01785,1.42372],[104.01802,1.42395],[104.01819,1.42429],[104.01853,1.42467],[104.01867,1.4248],[104.0189,1.42495],[104.01916,1.42505],[104.01934,1.42509],[104.01961,1.4251],[104.01997,1.42506],[104.02024,1.42497],[104.02044,1.42486],[104.02074,1.42458],[104.0211,1.42399],[104.02121,1.42365],[104.02135,1.42279],[104.02165,1.42249],[104.02192,1.42248]]]]}}